direction_id,route_id,geom
1,12,"LINESTRING (-122.7303 45.446333, -122.730201 45.446416, -122.730078 45.446529, -122.729957 45.446645, -122.729737 45.446894, -122.729639 45.447023, -122.729537 45.447159, -122.729375 45.447422, -122.72925 45.447657, -122.729097 45.447985, -122.72896 45.448289, -122.728829 45.448584, -122.728663 45.44895, -122.728535 45.449243, -122.7284 45.449485, -122.72833 45.449624, -122.728246 45.449774, -122.728177 45.449892, -122.728088 45.450033, -122.727964 45.450213, -122.727884 45.450317, -122.727767 45.45047, -122.727634 45.450544, -122.72744 45.450722, -122.727413 45.450792, -122.727282 45.450903, -122.727194 45.450968, -122.727156 45.450997)"
1,12,"LINESTRING (-122.727156 45.450997, -122.726992 45.451111, -122.726764 45.451259, -122.726617 45.451342, -122.726452 45.451435, -122.726252 45.451531, -122.726036 45.451629, -122.725825 45.451722, -122.725335 45.451923, -122.724981 45.452056, -122.724768 45.452139, -122.724319 45.452312, -122.723982 45.45244, -122.723506 45.452623, -122.723466 45.452638)"
1,12,"LINESTRING (-122.723466 45.452638, -122.723327 45.452691, -122.723065 45.45279, -122.722928 45.452792, -122.722603 45.452917, -122.722513 45.45295, -122.722169 45.453087, -122.72208 45.453122, -122.722068 45.453188, -122.721844 45.453274, -122.721649 45.453349)"
1,12,"LINESTRING (-122.721649 45.453349, -122.721494 45.453409, -122.721148 45.453543, -122.720737 45.453703, -122.720519 45.453784, -122.720137 45.453927, -122.720003 45.453977, -122.719861 45.45403, -122.719766 45.454068, -122.719573 45.454145, -122.719466 45.454187, -122.71931 45.454249, -122.718739 45.454474, -122.718658 45.454404, -122.718584 45.454371, -122.718503 45.454356, -122.718425 45.454355, -122.718329 45.45436, -122.718248 45.454375, -122.718051 45.454434, -122.717446 45.454614)"
1,12,"LINESTRING (-122.717446 45.454614, -122.717382 45.454644, -122.717355 45.454674, -122.717322 45.454775, -122.717305 45.45486, -122.717319 45.454911, -122.717356 45.455022, -122.716691 45.455281, -122.716599 45.455317, -122.716144 45.455497, -122.715918 45.455587, -122.715658 45.455689, -122.715523 45.455742, -122.715312 45.455827, -122.715158 45.455889, -122.715004 45.45595, -122.714522 45.456168, -122.71432 45.45626, -122.714005 45.456402, -122.713532 45.456631, -122.713457 45.456667)"
1,12,"LINESTRING (-122.713457 45.456667, -122.713304 45.456743, -122.713044 45.456872, -122.712699 45.457049, -122.712041 45.457404, -122.711889 45.457486, -122.711625 45.457639, -122.711469 45.457729, -122.71087 45.458074, -122.710485 45.458297, -122.710292 45.45841, -122.710206 45.458405, -122.710082 45.458477, -122.710056 45.458547, -122.709594 45.458811)"
1,12,"LINESTRING (-122.709594 45.458811, -122.709313 45.458973, -122.708934 45.459189, -122.708646 45.459354, -122.708585 45.459389, -122.708464 45.459458, -122.708219 45.459598, -122.708075 45.459681, -122.707857 45.459806, -122.707764 45.459864, -122.707671 45.459921, -122.707534 45.46)"
1,12,"LINESTRING (-122.707534 45.46, -122.707417 45.460067, -122.707266 45.460154, -122.707015 45.460298, -122.70674 45.460456, -122.706448 45.460624, -122.706287 45.460652, -122.706242 45.46068, -122.706194 45.460708, -122.706001 45.460828, -122.705965 45.460906, -122.705558 45.461135, -122.705525 45.461154)"
1,12,"LINESTRING (-122.705525 45.461154, -122.705192 45.461343, -122.704659 45.461656, -122.704206 45.461916, -122.704055 45.462002, -122.703903 45.462089, -122.70376 45.462171, -122.703586 45.46227, -122.703424 45.462364, -122.702877 45.462677)"
1,12,"LINESTRING (-122.702877 45.462677, -122.702573 45.46285, -122.702461 45.462914, -122.70243 45.462932, -122.70227 45.463025, -122.702102 45.463124, -122.701971 45.463198, -122.701494 45.463477, -122.701264 45.463607, -122.700581 45.464001, -122.700277 45.464177, -122.700071 45.464295)"
1,12,"LINESTRING (-122.700071 45.464295, -122.699473 45.464638, -122.699365 45.4647, -122.698494 45.465207, -122.698038 45.465472, -122.69796 45.465519, -122.697829 45.465592, -122.697776 45.465623, -122.697681 45.465678, -122.697597 45.465726)"
1,12,"LINESTRING (-122.697597 45.465726, -122.697396 45.465844, -122.697262 45.465923, -122.697066 45.466036, -122.696943 45.466107, -122.696586 45.466311, -122.695645 45.466855, -122.695345 45.467026, -122.695087 45.467175, -122.694887 45.467285, -122.694733 45.467374, -122.69438 45.467579)"
1,12,"LINESTRING (-122.69438 45.467579, -122.694083 45.467752, -122.693683 45.46798, -122.693254 45.468224, -122.69282 45.468471, -122.692528 45.468644, -122.692408 45.468716, -122.692249 45.46881)"
1,12,"LINESTRING (-122.692249 45.46881, -122.692087 45.468907, -122.69196 45.468921, -122.691878 45.468968, -122.691144 45.469389, -122.690525 45.469728, -122.689871 45.470081, -122.689582 45.470244, -122.689408 45.470339, -122.689236 45.470427, -122.689014 45.470528, -122.6888 45.470615, -122.688618 45.470678)"
1,12,"LINESTRING (-122.688618 45.470678, -122.688566 45.470697, -122.68832 45.470783, -122.687937 45.47088, -122.687743 45.470921, -122.68754 45.470954, -122.687299 45.470984, -122.687078 45.471007, -122.686864 45.471021, -122.686542 45.471027, -122.686091 45.471027, -122.685797 45.471021, -122.685609 45.471016, -122.685349 45.471015, -122.684974 45.471011)"
1,12,"LINESTRING (-122.684974 45.471011, -122.684611 45.471008, -122.68448 45.471008, -122.683535 45.471, -122.682899 45.470993, -122.682681 45.470994, -122.682518 45.471003, -122.682325 45.47102, -122.682144 45.471043, -122.681983 45.471066, -122.681838 45.471091, -122.681524 45.471165, -122.681355 45.471216, -122.68113 45.47129, -122.680951 45.471374, -122.680765 45.47146, -122.680653 45.471521)"
1,12,"LINESTRING (-122.680653 45.471521, -122.680457 45.471626, -122.680075 45.4719, -122.679941 45.472017, -122.679799 45.47215, -122.679683 45.472283, -122.679629 45.472348, -122.679522 45.472496, -122.679418 45.472667, -122.679351 45.472806, -122.679285 45.472979, -122.679311 45.473062, -122.679272 45.473232, -122.679241 45.473374, -122.679229 45.473546, -122.67923 45.473688, -122.679239 45.473806, -122.67926 45.473954, -122.679283 45.474135, -122.679354 45.474658, -122.679441 45.475204, -122.679476 45.47538, -122.67967 45.476739, -122.679684 45.476814, -122.679713 45.477017, -122.679732 45.477115, -122.679786 45.477471)"
1,12,"LINESTRING (-122.679786 45.477471, -122.680042 45.479148, -122.68019 45.480131, -122.680205 45.480235, -122.680224 45.480322, -122.680242 45.480448)"
1,12,"LINESTRING (-122.680242 45.480448, -122.680269 45.480631, -122.680326 45.481004, -122.680393 45.481433, -122.680532 45.482285, -122.680693 45.483312, -122.680738 45.483509, -122.680779 45.48364, -122.680825 45.483746, -122.680876 45.483856, -122.680935 45.483951, -122.681016 45.484074, -122.681187 45.484301, -122.681433 45.484592, -122.681621 45.484806, -122.681773 45.48499, -122.681864 45.485111, -122.681915 45.48519, -122.68196 45.48527, -122.681997 45.485344, -122.682057 45.485476, -122.682089 45.485587, -122.682581 45.487005, -122.682529 45.487087, -122.68257 45.487272, -122.682595 45.487385, -122.682618 45.487501)"
1,12,"LINESTRING (-122.682618 45.487501, -122.682711 45.487587, -122.682721 45.487664, -122.68273 45.487733, -122.682743 45.48786, -122.682767 45.488325, -122.682772 45.488459, -122.68277 45.48853, -122.682765 45.488594, -122.682755 45.488656, -122.682742 45.488718, -122.682728 45.488775, -122.68271 45.488831, -122.682684 45.488894, -122.682665 45.488938, -122.682638 45.488991, -122.682604 45.489054, -122.68256 45.489125, -122.682521 45.489185, -122.682466 45.489259, -122.682404 45.489333, -122.682355 45.489389, -122.6823 45.489447, -122.682194 45.489548, -122.682088 45.489639, -122.681983 45.489722, -122.681875 45.489796, -122.681786 45.489853, -122.681753 45.489873, -122.681607 45.489957, -122.68147 45.490026, -122.681312 45.490097, -122.681142 45.490162, -122.68095 45.490231, -122.680794 45.490279, -122.680691 45.490308, -122.680598 45.490331, -122.680423 45.490372, -122.680215 45.490417, -122.67943 45.49058, -122.679292 45.490611, -122.679164 45.490642, -122.679056 45.490673, -122.678954 45.490705, -122.678814 45.490757, -122.678593 45.490843, -122.678454 45.490843, -122.678293 45.490915, -122.678206 45.490962, -122.67813 45.491004, -122.678028 45.49107, -122.677919 45.491152, -122.677808 45.491239, -122.677769 45.491269)"
1,12,"LINESTRING (-122.677769 45.491269, -122.677646 45.491361, -122.677548 45.491447, -122.677453 45.491537, -122.677304 45.491698, -122.677171 45.491872, -122.677099 45.491981, -122.677028 45.492101, -122.676964 45.492233, -122.676902 45.492386, -122.676858 45.492525, -122.676832 45.492655, -122.676811 45.492796, -122.676799 45.492977, -122.676882 45.493117, -122.676904 45.49327, -122.676926 45.493379, -122.677033 45.493846, -122.677155 45.494352, -122.677185 45.494472, -122.677205 45.494539, -122.677231 45.494612, -122.67728 45.494733, -122.677347 45.494857, -122.677413 45.494964, -122.677509 45.495112, -122.677575 45.495212, -122.677669 45.495335, -122.677703 45.49538, -122.677825 45.495498, -122.677901 45.495589, -122.678028 45.495737, -122.678148 45.495876, -122.678154 45.495884, -122.678144 45.495945)"
1,12,"LINESTRING (-122.678144 45.495945, -122.678228 45.496065, -122.67831 45.496107, -122.678338 45.49615, -122.678441 45.496318, -122.678837 45.497039, -122.67894 45.497228, -122.678966 45.497272, -122.679073 45.497462, -122.679106 45.497521, -122.6792 45.497699)"
1,12,"LINESTRING (-122.6792 45.497699, -122.679211 45.497718, -122.679539 45.498301, -122.679578 45.498371, -122.679769 45.498717, -122.679827 45.498821, -122.679842 45.498847, -122.679914 45.498977, -122.679907 45.499023)"
1,12,"LINESTRING (-122.679907 45.499023, -122.679915 45.499038, -122.679968 45.499147, -122.679995 45.499191, -122.680039 45.499201, -122.680115 45.499345, -122.680185 45.499478, -122.680551 45.500131, -122.680721 45.50044, -122.680792 45.500574, -122.680874 45.50072)"
1,12,"LINESTRING (-122.680874 45.50072, -122.680954 45.500865, -122.681008 45.500972, -122.681357 45.501611, -122.681521 45.501905, -122.681604 45.502054)"
1,12,"LINESTRING (-122.681604 45.502054, -122.681688 45.502206, -122.681739 45.502284, -122.681867 45.502515, -122.681949 45.502661, -122.681971 45.502712, -122.681989 45.502754, -122.682033 45.502887, -122.682065 45.503009, -122.682089 45.503237, -122.682086 45.50353, -122.682081 45.503753, -122.682078 45.503858, -122.682074 45.504035, -122.682073 45.504158, -122.682071 45.504464, -122.682068 45.504568, -122.682066 45.504841, -122.682017 45.504931, -122.682011 45.505017, -122.682027 45.505122, -122.682037 45.505185, -122.682033 45.505328, -122.682029 45.505448, -122.682026 45.505524)"
1,12,"LINESTRING (-122.682026 45.505524, -122.682024 45.505589, -122.682019 45.505748, -122.682017 45.50583, -122.682004 45.505987, -122.681979 45.506715, -122.681974 45.506981, -122.681967 45.507309, -122.681967 45.507497, -122.681969 45.507776, -122.68197 45.507918, -122.681962 45.507993, -122.681949 45.508038, -122.681938 45.508075, -122.681926 45.508114, -122.681926 45.50817, -122.681922 45.508305, -122.681895 45.508533, -122.681881 45.508625, -122.681846 45.50873, -122.681806 45.508839, -122.681734 45.508985, -122.681714 45.509022, -122.68165 45.509141, -122.681615 45.509202, -122.681449 45.509507, -122.681447 45.509511)"
1,12,"LINESTRING (-122.681447 45.509511, -122.681296 45.5098, -122.681258 45.509868, -122.68118 45.51001, -122.681085 45.510186, -122.68104 45.510263, -122.680931 45.510447, -122.680883 45.510543, -122.680866 45.510573, -122.680828 45.510643, -122.680604 45.511058, -122.680166 45.511866, -122.680894 45.51206, -122.681147 45.512127, -122.68117 45.512133, -122.681229 45.512149, -122.681367 45.512185, -122.682092 45.512378, -122.682202 45.512407, -122.682229 45.512415, -122.68195 45.51293, -122.681932 45.512963, -122.681924 45.512977)"
1,12,"LINESTRING (-122.681924 45.512977, -122.68187 45.513078, -122.681852 45.513111, -122.681689 45.513413, -122.681507 45.513748, -122.681213 45.514291, -122.681146 45.514415, -122.680881 45.514903)"
1,12,"LINESTRING (-122.680881 45.514903, -122.68079 45.515072, -122.680426 45.515744, -122.680391 45.515808, -122.680124 45.516359, -122.680091 45.516423, -122.680049 45.516492, -122.679756 45.517036, -122.67973 45.517087, -122.679685 45.517171, -122.679401 45.517691, -122.679367 45.51775, -122.679321 45.517829, -122.679096 45.518233)"
1,12,"LINESTRING (-122.679096 45.518233, -122.679025 45.518361, -122.679004 45.518406, -122.678987 45.518432, -122.67897 45.518466, -122.67868 45.519024, -122.678655 45.51907, -122.678641 45.519096, -122.678611 45.519151, -122.678345 45.519656, -122.678297 45.519751, -122.678266 45.519811, -122.677963 45.520361, -122.677932 45.520421, -122.677904 45.520477, -122.677604 45.521016, -122.677569 45.521084, -122.677309 45.521562)"
1,12,"LINESTRING (-122.677309 45.521562, -122.677242 45.521685, -122.677205 45.521751, -122.677162 45.521828, -122.676848 45.522399, -122.676924 45.522427, -122.676988 45.522461, -122.677042 45.522483, -122.677095 45.522496, -122.677198 45.522514, -122.677282 45.522535, -122.677451 45.522575, -122.677427 45.522618, -122.677373 45.52281, -122.677381 45.522852, -122.677396 45.522913, -122.677431 45.522988, -122.676637 45.523)"
1,12,"LINESTRING (-122.676637 45.523, -122.676486 45.523003, -122.676463 45.523002, -122.67625 45.523007, -122.675733 45.523018, -122.675425 45.523025, -122.675386 45.523025, -122.675082 45.523032, -122.674398 45.523046, -122.67427 45.523052, -122.674071 45.523056, -122.673386 45.523072, -122.672533 45.523092)"
1,12,"LINESTRING (-122.672533 45.523092, -122.672377 45.523096, -122.672236 45.523091, -122.671695 45.523082, -122.671597 45.523135, -122.671121 45.523125, -122.670436 45.523112, -122.670109 45.523105, -122.668014 45.523063, -122.667564 45.523055, -122.66711 45.523046, -122.664882 45.523001, -122.663399 45.522972, -122.662697 45.522958, -122.662581 45.522918, -122.662274 45.522921, -122.661902 45.522929, -122.661828 45.522931, -122.661766 45.522934, -122.660874 45.522932)"
1,12,"LINESTRING (-122.660874 45.522932, -122.660717 45.522931, -122.660654 45.522932, -122.660498 45.522931, -122.660113 45.52293, -122.659927 45.52293, -122.659699 45.522929, -122.65921 45.522928, -122.658685 45.522926, -122.658329 45.522925, -122.658313 45.522925, -122.657843 45.522924)"
1,12,"LINESTRING (-122.657843 45.522924, -122.657671 45.522923, -122.657028 45.522922, -122.656655 45.522921, -122.656007 45.522919, -122.655643 45.522918, -122.655539 45.522918, -122.654628 45.522916, -122.654513 45.522907, -122.653825 45.522907)"
1,12,"LINESTRING (-122.653825 45.522907, -122.653618 45.522907, -122.653464 45.522904, -122.653181 45.522906, -122.652705 45.522904, -122.652599 45.522902, -122.652516 45.5229, -122.652168 45.522895, -122.651787 45.522891, -122.651668 45.522863, -122.651514 45.522863, -122.651347 45.522898, -122.651047 45.522897, -122.650572 45.522898, -122.649671 45.522893, -122.649553 45.522891, -122.649551 45.523517, -122.64955 45.523607, -122.649548 45.52422)"
1,12,"LINESTRING (-122.649548 45.52422, -122.649548 45.524317, -122.649568 45.524409, -122.649439 45.524459, -122.648536 45.524793, -122.647998 45.524991, -122.647841 45.525048)"
1,12,"LINESTRING (-122.647841 45.525048, -122.647613 45.525132, -122.647516 45.525168, -122.646495 45.525546, -122.646222 45.525644)"
1,12,"LINESTRING (-122.646222 45.525644, -122.646034 45.525711, -122.645565 45.525887, -122.645474 45.52592, -122.645366 45.525959, -122.64458 45.52625, -122.644397 45.526316, -122.643861 45.526543, -122.643517 45.526684, -122.643438 45.526715, -122.643348 45.52675, -122.642428 45.527103, -122.641879 45.527321, -122.641618 45.527438, -122.641503 45.527487, -122.641409 45.527522, -122.641322 45.527554, -122.641207 45.527599)"
1,12,"LINESTRING (-122.641207 45.527599, -122.641109 45.527637, -122.640739 45.527781, -122.640315 45.527935, -122.639329 45.528318, -122.638969 45.528456)"
1,12,"LINESTRING (-122.638969 45.528456, -122.638707 45.528557, -122.638491 45.528642, -122.638288 45.528722, -122.637731 45.528939, -122.637537 45.529014)"
1,12,"LINESTRING (-122.637537 45.529014, -122.637347 45.529088, -122.637165 45.529156, -122.637066 45.529194, -122.636818 45.529289, -122.636168 45.529538, -122.635979 45.529612, -122.635918 45.529638, -122.635814 45.529682, -122.635615 45.529759, -122.635337 45.529866, -122.635198 45.529919, -122.634766 45.530087, -122.634516 45.530184, -122.633398 45.530618, -122.632901 45.530796, -122.632823 45.530828, -122.632024 45.531153, -122.631522 45.531343, -122.631244 45.531454, -122.631086 45.531518, -122.630773 45.531643, -122.630664 45.531689, -122.630496 45.531761, -122.630208 45.531882, -122.630154 45.531905)"
1,12,"LINESTRING (-122.630154 45.531905, -122.630017 45.531963, -122.629237 45.532279, -122.628159 45.532715, -122.627885 45.532826)"
1,12,"LINESTRING (-122.627885 45.532826, -122.627304 45.533062, -122.626567 45.533358, -122.6262 45.533509, -122.625937 45.533617, -122.625801 45.533621, -122.625629 45.533692, -122.624873 45.534001, -122.624854 45.534052, -122.624537 45.534178, -122.624373 45.534245, -122.624216 45.534315, -122.624009 45.534405, -122.623913 45.534445, -122.623898 45.534451)"
1,12,"LINESTRING (-122.623898 45.534451, -122.623813 45.534486, -122.623296 45.534709, -122.622899 45.534866, -122.622791 45.53491, -122.622228 45.535149, -122.621968 45.535251, -122.620981 45.535656, -122.620882 45.535699, -122.620775 45.535745, -122.620434 45.535887, -122.620043 45.536056, -122.619932 45.536106, -122.619577 45.536271)"
1,12,"LINESTRING (-122.619577 45.536271, -122.619013 45.536533, -122.618918 45.536576, -122.61875 45.536651, -122.618396 45.536807, -122.618055 45.536956, -122.617907 45.53702, -122.617678 45.537125)"
1,12,"LINESTRING (-122.617678 45.537125, -122.617506 45.537204, -122.617343 45.537279, -122.617141 45.537374, -122.616945 45.537467, -122.616837 45.537519, -122.616415 45.537704, -122.616144 45.537821, -122.615977 45.537897, -122.615538 45.538094, -122.615087 45.538302, -122.61498 45.538355, -122.614875 45.538406, -122.614673 45.538496, -122.614668 45.538498)"
1,12,"LINESTRING (-122.614668 45.538498, -122.614395 45.538617, -122.614229 45.538678, -122.614109 45.538724, -122.613985 45.538767, -122.613821 45.538823, -122.613334 45.538987, -122.612939 45.539118, -122.611958 45.539448, -122.61154 45.539588)"
1,12,"LINESTRING (-122.61154 45.539588, -122.611339 45.539656, -122.610939 45.53979, -122.610283 45.540012, -122.60999 45.54011, -122.609868 45.540151, -122.609686 45.540215, -122.609477 45.540284, -122.609391 45.540313)"
1,12,"LINESTRING (-122.609391 45.540313, -122.609252 45.540361, -122.609087 45.540421, -122.608846 45.540516, -122.608188 45.540789, -122.607827 45.540943, -122.60759 45.541042, -122.607535 45.541064)"
1,12,"LINESTRING (-122.607535 45.541064, -122.606661 45.541413, -122.606056 45.54165, -122.606 45.541672, -122.60566 45.541801, -122.605258 45.541961, -122.604846 45.542122)"
1,12,"LINESTRING (-122.604846 45.542122, -122.604782 45.542147, -122.604591 45.542225, -122.604466 45.542219, -122.604417 45.542236, -122.604184 45.542325, -122.603934 45.542424, -122.603867 45.542505, -122.60355 45.542626, -122.602523 45.543029, -122.601515 45.543421, -122.601262 45.543519)"
1,12,"LINESTRING (-122.601262 45.543519, -122.601007 45.543619, -122.600671 45.543749, -122.600469 45.543827, -122.599716 45.544125, -122.59949 45.544213, -122.599417 45.544242, -122.599177 45.544335, -122.599022 45.544394)"
1,12,"LINESTRING (-122.599022 45.544394, -122.598846 45.544462, -122.5984 45.544634, -122.597383 45.545032, -122.596746 45.54528, -122.596683 45.545305)"
1,12,"LINESTRING (-122.596683 45.545305, -122.596357 45.545433, -122.595342 45.545827, -122.594488 45.546161)"
1,12,"LINESTRING (-122.594488 45.546161, -122.5944 45.546195, -122.594324 45.546225, -122.593307 45.546622, -122.592229 45.547044, -122.592146 45.547042, -122.591968 45.547109, -122.591933 45.547161, -122.591544 45.547315, -122.591264 45.547421, -122.591134 45.54747, -122.590952 45.547542)"
1,12,"LINESTRING (-122.590952 45.547542, -122.590351 45.547778, -122.590148 45.547858, -122.589599 45.548075)"
1,12,"LINESTRING (-122.589599 45.548075, -122.589404 45.548152, -122.589246 45.548215, -122.588902 45.548345, -122.588742 45.548408, -122.588209 45.548611, -122.587876 45.548739, -122.587174 45.549017, -122.587101 45.549006, -122.586855 45.549096, -122.586537 45.549226)"
1,12,"LINESTRING (-122.586537 45.549226, -122.586466 45.549255, -122.586445 45.549302, -122.585835 45.54954, -122.585309 45.549743, -122.584802 45.549939, -122.583966 45.550274)"
1,12,"LINESTRING (-122.583966 45.550274, -122.58388 45.550308, -122.58379 45.550345, -122.583695 45.550384, -122.582765 45.550761, -122.582125 45.551022, -122.581736 45.551181, -122.581311 45.551354)"
1,12,"LINESTRING (-122.581311 45.551354, -122.580719 45.551596, -122.580373 45.551737, -122.579696 45.552014, -122.579149 45.552239, -122.57901 45.552295, -122.578808 45.552376, -122.578672 45.552433, -122.578517 45.552497, -122.578181 45.552632)"
1,12,"LINESTRING (-122.578181 45.552632, -122.577966 45.552719, -122.577727 45.552818, -122.577666 45.552843, -122.577047 45.553094, -122.576649 45.553259, -122.57604 45.553505)"
1,12,"LINESTRING (-122.57604 45.553505, -122.575922 45.553553, -122.575632 45.553672, -122.575495 45.553728, -122.57464 45.554072, -122.574575 45.554099, -122.573677 45.554465, -122.573234 45.554645)"
1,12,"LINESTRING (-122.573234 45.554645, -122.572946 45.554762, -122.572327 45.555014, -122.572137 45.555091, -122.570769 45.555647, -122.570668 45.555689, -122.570115 45.555917, -122.569766 45.556058)"
1,12,"LINESTRING (-122.569766 45.556058, -122.56939 45.556211, -122.568835 45.556436, -122.568269 45.556663, -122.567883 45.556821, -122.567621 45.556924, -122.567528 45.55696, -122.567108 45.557131, -122.565933 45.557598, -122.565434 45.557792, -122.565169 45.557894, -122.56523 45.557994, -122.565242 45.558039, -122.565245 45.55807, -122.565241 45.558158, -122.565225 45.558233, -122.565188 45.558312, -122.565084 45.55842, -122.565065 45.558436)"
0,14,"LINESTRING (-122.678543 45.515244, -122.678366 45.515197, -122.677374 45.514933, -122.676356 45.514662, -122.675806 45.514516)"
0,14,"LINESTRING (-122.675806 45.514516, -122.675421 45.514413, -122.675322 45.51439, -122.675187 45.51435, -122.675004 45.514294, -122.674551 45.514157, -122.674265 45.51407, -122.674144 45.514066, -122.673908 45.514001, -122.673684 45.513941, -122.673575 45.513855, -122.673138 45.513742, -122.668397 45.51251, -122.668122 45.51244, -122.667974 45.512427, -122.667827 45.512396, -122.667712 45.512376, -122.667559 45.512351, -122.667409 45.512328, -122.667241 45.512304, -122.66704 45.512284, -122.666843 45.512273, -122.666635 45.512264, -122.66635 45.512262, -122.665219 45.512262, -122.665113 45.512261)"
0,14,"LINESTRING (-122.665113 45.512261, -122.664619 45.51226, -122.664238 45.512271, -122.663857 45.512268, -122.663015 45.512265, -122.662271 45.512261, -122.66171 45.512257, -122.661462 45.512245, -122.660911 45.512242, -122.660782 45.512243, -122.660725 45.512243, -122.659892 45.512241)"
0,14,"LINESTRING (-122.659892 45.512241, -122.65977 45.51224, -122.65933 45.512239, -122.658717 45.512237, -122.65774 45.512234, -122.656736 45.51223, -122.655721 45.512227, -122.654699 45.512224, -122.654578 45.512221, -122.654413 45.512218, -122.654055 45.512212, -122.653991 45.512201)"
0,14,"LINESTRING (-122.653991 45.512201, -122.653943 45.512192, -122.65369 45.512191, -122.653305 45.512189, -122.653214 45.512215, -122.65267 45.512212, -122.651856 45.512205, -122.65166 45.512206, -122.65157 45.512206)"
0,14,"LINESTRING (-122.65157 45.512206, -122.650642 45.512203, -122.649634 45.512199, -122.649395 45.512198, -122.649124 45.512197)"
0,14,"LINESTRING (-122.649124 45.512197, -122.648616 45.512196, -122.647597 45.512193, -122.647129 45.512192)"
0,14,"LINESTRING (-122.647129 45.512192, -122.646866 45.512191, -122.646567 45.51219, -122.646119 45.512188, -122.645962 45.512188, -122.645668 45.512187, -122.645565 45.512184, -122.645509 45.512177, -122.645442 45.512164, -122.645304 45.512133, -122.645214 45.51211, -122.645123 45.512095, -122.64504 45.512088, -122.644944 45.512087, -122.644675 45.512088)"
0,14,"LINESTRING (-122.644675 45.512088, -122.643544 45.512088, -122.643171 45.512086, -122.642786 45.512085, -122.642537 45.512084, -122.642333 45.512083)"
0,14,"LINESTRING (-122.642333 45.512083, -122.642199 45.512083, -122.641529 45.51208, -122.641261 45.512079, -122.640791 45.512078, -122.640389 45.512077, -122.640262 45.512078, -122.639964 45.512078, -122.639806 45.512077, -122.639603 45.512077, -122.639158 45.512076, -122.638654 45.512076, -122.638237 45.512077, -122.638153 45.512076, -122.638057 45.512075, -122.637134 45.512072, -122.637048 45.512072)"
0,14,"LINESTRING (-122.637048 45.512072, -122.636769 45.512072, -122.636117 45.512071, -122.635248 45.512069, -122.634915 45.512069)"
0,14,"LINESTRING (-122.634915 45.512069, -122.634884 45.512069, -122.634776 45.512068, -122.634677 45.512067, -122.63376 45.512067, -122.633364 45.512065, -122.632702 45.512063, -122.631708 45.512062, -122.631593 45.512062, -122.630895 45.512061, -122.630587 45.51206, -122.630093 45.51206, -122.629907 45.512059, -122.629338 45.512059)"
0,14,"LINESTRING (-122.629338 45.512059, -122.62875 45.512058, -122.628656 45.512057, -122.628223 45.512056, -122.627633 45.512054, -122.627211 45.512053, -122.626663 45.512053, -122.625884 45.512052, -122.625756 45.512052, -122.625458 45.512051)"
0,14,"LINESTRING (-122.625458 45.512051, -122.624485 45.512048, -122.624448 45.512048, -122.623952 45.512046, -122.623445 45.512045, -122.622714 45.512045, -122.622457 45.512044)"
0,14,"LINESTRING (-122.622457 45.512044, -122.622387 45.512044, -122.622293 45.512043, -122.621551 45.512041, -122.621222 45.51204, -122.620199 45.51204, -122.619919 45.512039, -122.619193 45.512039, -122.618362 45.512037, -122.618177 45.512037, -122.617998 45.512036, -122.617291 45.512034)"
0,14,"LINESTRING (-122.617291 45.512034, -122.617108 45.512033, -122.616661 45.512031, -122.616164 45.51203, -122.615793 45.512029, -122.615139 45.512027, -122.614314 45.512028, -122.614126 45.512028, -122.613833 45.512027)"
0,14,"LINESTRING (-122.613833 45.512027, -122.61364 45.512026, -122.613484 45.512026, -122.613363 45.511987, -122.613162 45.511987, -122.613103 45.512025, -122.612662 45.512024, -122.612433 45.512024, -122.612365 45.512022, -122.612299 45.51202, -122.611937 45.512019, -122.611855 45.512009, -122.611764 45.511987, -122.6117 45.511955, -122.611645 45.511924, -122.611598 45.511872, -122.611579 45.511828, -122.611567 45.511774, -122.611551 45.511564)"
0,14,"LINESTRING (-122.611551 45.511564, -122.611533 45.51133, -122.61149 45.51069, -122.611441 45.510043, -122.611393 45.509394, -122.611345 45.508762, -122.611298 45.508115)"
0,14,"LINESTRING (-122.611298 45.508115, -122.611297 45.508094, -122.611289 45.508025, -122.611281 45.50796, -122.611266 45.507379, -122.611248 45.506696, -122.611227 45.506007, -122.611224 45.505604, -122.611211 45.505522, -122.611201 45.505481)"
0,14,"LINESTRING (-122.611201 45.505481, -122.611194 45.505454, -122.611161 45.505381, -122.611118 45.505307, -122.611082 45.505249, -122.611042 45.505187, -122.611019 45.505131, -122.611004 45.505073, -122.610999 45.505012, -122.611 45.504989, -122.61101 45.504764, -122.611007 45.504361, -122.611009 45.503604)"
0,14,"LINESTRING (-122.611009 45.503604, -122.611009 45.503432, -122.61102 45.501745, -122.611029 45.501648, -122.611044 45.501584, -122.611061 45.501529, -122.611266 45.500973, -122.611298 45.500892, -122.611325 45.500811, -122.611345 45.500747, -122.611351 45.5007, -122.611352 45.500686)"
0,14,"LINESTRING (-122.611352 45.500686, -122.611356 45.50064, -122.611356 45.500291, -122.611355 45.499607, -122.611356 45.499435)"
0,14,"LINESTRING (-122.611356 45.499435, -122.61136 45.498918, -122.611358 45.498233, -122.611358 45.498163, -122.611359 45.497913, -122.611359 45.497629, -122.611358 45.497511, -122.611346 45.497384, -122.61133 45.497345, -122.611311 45.497307)"
0,14,"LINESTRING (-122.611311 45.497307, -122.611301 45.497291, -122.611273 45.497248, -122.611221 45.497184, -122.611157 45.497117, -122.611049 45.497042, -122.610987 45.496998, -122.610893 45.496932, -122.610676 45.496789, -122.610521 45.496687, -122.610356 45.496577, -122.610109 45.496414, -122.609148 45.49578, -122.609038 45.495712, -122.608939 45.495652, -122.608579 45.495461)"
0,14,"LINESTRING (-122.608579 45.495461, -122.608448 45.495392, -122.607441 45.494861, -122.607315 45.494804, -122.607183 45.494748, -122.606523 45.494466, -122.606004 45.494243, -122.605591 45.494066, -122.60549 45.494022, -122.60538 45.493975, -122.605208 45.493899, -122.604884 45.493763, -122.604708 45.493685, -122.604523 45.493599, -122.60433 45.493497, -122.603717 45.493156, -122.603676 45.493079, -122.603493 45.492985, -122.603425 45.492995, -122.603266 45.492907)"
0,14,"LINESTRING (-122.603266 45.492907, -122.602362 45.492407, -122.601967 45.492189, -122.601237 45.491784, -122.601233 45.491732, -122.601085 45.49165, -122.601 45.491652, -122.600572 45.491417, -122.600451 45.49135, -122.600037 45.491122, -122.599631 45.490898, -122.599553 45.490854, -122.599388 45.490763, -122.599303 45.490715, -122.599149 45.490641, -122.59901 45.490582, -122.59851 45.490375, -122.59838 45.490321, -122.597991 45.490158, -122.597626 45.489999)"
0,14,"LINESTRING (-122.597626 45.489999, -122.597451 45.489923, -122.596979 45.489738, -122.596895 45.489704, -122.596782 45.489659, -122.596443 45.489516, -122.596015 45.48933, -122.595918 45.48929, -122.595405 45.489083, -122.594909 45.488875, -122.594336 45.488641, -122.594255 45.488609, -122.59378 45.488406)"
0,14,"LINESTRING (-122.59378 45.488406, -122.593779 45.488406, -122.593535 45.488301, -122.593153 45.488138, -122.59313 45.488085, -122.593049 45.488052, -122.592933 45.488001, -122.592841 45.488009, -122.592749 45.487971, -122.59266 45.487935, -122.59127 45.487355, -122.590298 45.48696, -122.589567 45.486667, -122.589384 45.486594, -122.589141 45.486501, -122.589029 45.486458, -122.588838 45.486386, -122.588811 45.486376, -122.588688 45.486334)"
0,14,"LINESTRING (-122.588688 45.486334, -122.587933 45.486075, -122.587119 45.485799, -122.586604 45.485626, -122.586212 45.485496, -122.586 45.485423, -122.585408 45.485222, -122.585343 45.485199, -122.584044 45.48476, -122.583706 45.484648)"
0,14,"LINESTRING (-122.583706 45.484648, -122.583645 45.484627, -122.583615 45.484618, -122.583544 45.484591, -122.583239 45.484474, -122.583135 45.484434, -122.582346 45.48413, -122.581144 45.48367, -122.580949 45.483593, -122.580885 45.483522, -122.580774 45.483478, -122.580631 45.483421, -122.580496 45.483416, -122.579956 45.483205, -122.579833 45.483157, -122.579692 45.483101, -122.579537 45.483041, -122.579421 45.482996, -122.579395 45.482985)"
0,14,"LINESTRING (-122.579395 45.482985, -122.579349 45.482967, -122.579275 45.482938, -122.579114 45.482875, -122.578956 45.48281, -122.578813 45.482751, -122.578636 45.482684, -122.578546 45.48265, -122.578519 45.48264, -122.578114 45.482486, -122.577991 45.482442, -122.577876 45.482401, -122.577758 45.482354, -122.577561 45.482278, -122.57748 45.482247, -122.577405 45.482224, -122.577339 45.482206, -122.576878 45.482105, -122.57632 45.481971, -122.575836 45.481854, -122.575366 45.481736, -122.574851 45.48161, -122.574367 45.481493)"
0,14,"LINESTRING (-122.574367 45.481493, -122.574338 45.481486, -122.574241 45.481462, -122.574021 45.481407, -122.573363 45.481246, -122.573287 45.481226, -122.573217 45.481209, -122.572843 45.481099, -122.572336 45.480943, -122.572063 45.480862, -122.571631 45.480732, -122.571384 45.480655, -122.571305 45.480631, -122.571254 45.480594, -122.57121 45.480568, -122.571171 45.480547, -122.571129 45.480528, -122.571086 45.480511)"
0,14,"LINESTRING (-122.571086 45.480511, -122.571061 45.480501, -122.570978 45.480465, -122.570896 45.48042, -122.570794 45.480354, -122.570713 45.480278, -122.570645 45.480192, -122.570545 45.480047, -122.570497 45.479959, -122.570355 45.479695, -122.57032 45.479636, -122.570278 45.479579, -122.570228 45.479525, -122.570169 45.479468, -122.570111 45.479423, -122.569998 45.479357, -122.569917 45.479313, -122.569876 45.479299, -122.569776 45.479268, -122.569614 45.47923, -122.569484 45.47921, -122.568775 45.479128)"
0,14,"LINESTRING (-122.568775 45.479128, -122.56862 45.47911, -122.568414 45.479086, -122.56833 45.479067, -122.568261 45.479044, -122.568159 45.479004, -122.567855 45.478873, -122.567606 45.478781, -122.567378 45.478715, -122.567035 45.478615, -122.566911 45.47858, -122.566789 45.478548, -122.566157 45.47838, -122.566073 45.478358)"
0,14,"LINESTRING (-122.566073 45.478358, -122.564783 45.478014, -122.564633 45.477975, -122.564444 45.477922, -122.564113 45.477835, -122.563942 45.477794, -122.563767 45.477762, -122.563586 45.477746, -122.563472 45.477742, -122.563468 45.478197)"
0,14,"LINESTRING (-122.563468 45.478197, -122.563467 45.478384, -122.564224 45.478603, -122.564252 45.478611, -122.564678 45.478734, -122.564802 45.478766, -122.56546 45.478946, -122.566293 45.479175)"
1,14,"LINESTRING (-122.566293 45.479175, -122.5668 45.479314, -122.566899 45.479341, -122.567024 45.479378, -122.567139 45.479411, -122.56727 45.479446, -122.567352 45.47947, -122.567418 45.479487, -122.567534 45.479519)"
1,14,"LINESTRING (-122.567534 45.479519, -122.567767 45.479583, -122.568527 45.479793, -122.568628 45.479821, -122.568756 45.479857, -122.569596 45.480108, -122.569837 45.480188, -122.57008 45.480274, -122.570154 45.480299)"
1,14,"LINESTRING (-122.570154 45.480299, -122.570666 45.480476, -122.570804 45.480519, -122.571072 45.480603, -122.571132 45.480616, -122.571247 45.48063, -122.571305 45.480631, -122.571384 45.480655, -122.571631 45.480732, -122.572063 45.480862, -122.572336 45.480943)"
1,14,"LINESTRING (-122.572336 45.480943, -122.572351 45.480948, -122.572843 45.481099, -122.573217 45.481209, -122.573287 45.481226, -122.573363 45.481246, -122.574021 45.481407, -122.574241 45.481462, -122.574338 45.481486, -122.574851 45.48161, -122.575254 45.481709)"
1,14,"LINESTRING (-122.575254 45.481709, -122.575366 45.481736, -122.575836 45.481854, -122.57632 45.481971, -122.576878 45.482105, -122.577339 45.482206, -122.577405 45.482224, -122.57748 45.482247, -122.577561 45.482278, -122.577758 45.482354, -122.577876 45.482401, -122.577991 45.482442, -122.578114 45.482486, -122.578519 45.48264, -122.578546 45.48265, -122.578636 45.482684, -122.578813 45.482751, -122.578956 45.48281, -122.579114 45.482875, -122.579275 45.482938, -122.579395 45.482985, -122.579421 45.482996, -122.579537 45.483041, -122.579692 45.483101)"
1,14,"LINESTRING (-122.579692 45.483101, -122.579702 45.483105, -122.579833 45.483157, -122.579956 45.483205, -122.580496 45.483416, -122.580561 45.483489, -122.580837 45.483593, -122.580949 45.483593, -122.581144 45.48367, -122.582346 45.48413, -122.583135 45.484434, -122.583239 45.484474, -122.583408 45.484539)"
1,14,"LINESTRING (-122.583408 45.484539, -122.583544 45.484591, -122.583615 45.484618, -122.583645 45.484627, -122.584044 45.48476, -122.585343 45.485199, -122.585408 45.485222, -122.586 45.485423, -122.586212 45.485496, -122.586604 45.485626, -122.587119 45.485799, -122.587933 45.486075, -122.588811 45.486376, -122.588838 45.486386, -122.589029 45.486458, -122.589141 45.486501, -122.589384 45.486594, -122.589567 45.486667, -122.589753 45.486742)"
1,14,"LINESTRING (-122.589753 45.486742, -122.590298 45.48696, -122.59127 45.487355, -122.59266 45.487935, -122.592749 45.487971, -122.592841 45.488009, -122.592837 45.488058, -122.593075 45.488154, -122.593153 45.488138, -122.593535 45.488301, -122.59378 45.488406, -122.594255 45.488609, -122.594336 45.488641, -122.594676 45.48878)"
1,14,"LINESTRING (-122.594676 45.48878, -122.594909 45.488875, -122.595405 45.489083, -122.595918 45.48929, -122.596015 45.48933, -122.596443 45.489516, -122.596782 45.489659, -122.596895 45.489704, -122.596979 45.489738, -122.597451 45.489923, -122.597953 45.490142)"
1,14,"LINESTRING (-122.597953 45.490142, -122.597991 45.490158, -122.59838 45.490321, -122.59851 45.490375, -122.59901 45.490582, -122.599149 45.490641, -122.599303 45.490715, -122.599388 45.490763, -122.599553 45.490854, -122.599631 45.490898, -122.600037 45.491122, -122.600451 45.49135, -122.600572 45.491417, -122.601 45.491652, -122.600993 45.491703, -122.601171 45.491797, -122.601237 45.491784, -122.601967 45.492189, -122.602362 45.492407, -122.603209 45.492876)"
1,14,"LINESTRING (-122.603209 45.492876, -122.603425 45.492995, -122.603427 45.493051, -122.603586 45.493142, -122.603717 45.493156, -122.60433 45.493497, -122.604523 45.493599, -122.604708 45.493685, -122.604884 45.493763, -122.605208 45.493899, -122.60538 45.493975, -122.60549 45.494022, -122.605591 45.494066, -122.606004 45.494243, -122.606523 45.494466, -122.607183 45.494748, -122.607315 45.494804, -122.607441 45.494861, -122.608448 45.495392, -122.608832 45.495595)"
1,14,"LINESTRING (-122.608832 45.495595, -122.608939 45.495652, -122.609038 45.495712, -122.609148 45.49578, -122.610109 45.496414, -122.610356 45.496577, -122.610521 45.496687, -122.610676 45.496789, -122.610893 45.496932, -122.610987 45.496998, -122.611049 45.497042, -122.611157 45.497117, -122.611221 45.497184, -122.611273 45.497248, -122.611311 45.497307, -122.61133 45.497345, -122.611346 45.497384, -122.611358 45.497511, -122.611359 45.497629, -122.611359 45.497913, -122.611358 45.498009)"
1,14,"LINESTRING (-122.611358 45.498009, -122.611358 45.498233, -122.61136 45.498918, -122.611355 45.499607, -122.611356 45.500196)"
1,14,"LINESTRING (-122.611356 45.500196, -122.611356 45.50064, -122.611351 45.5007, -122.611345 45.500747, -122.611325 45.500811, -122.611298 45.500892, -122.611266 45.500973, -122.611061 45.501529, -122.611044 45.501584, -122.611029 45.501648, -122.61102 45.501745, -122.611017 45.502293)"
1,14,"LINESTRING (-122.611017 45.502293, -122.611009 45.503432, -122.611007 45.504361, -122.61101 45.504764, -122.611 45.504989, -122.610999 45.505012, -122.611004 45.505073, -122.611014 45.505113)"
1,14,"LINESTRING (-122.611014 45.505113, -122.611019 45.505131, -122.611042 45.505187, -122.611082 45.505249, -122.611118 45.505307, -122.611161 45.505381, -122.611194 45.505454, -122.611211 45.505522, -122.611224 45.505604, -122.611227 45.506007, -122.611248 45.506696, -122.611266 45.507379, -122.61128 45.507941)"
1,14,"LINESTRING (-122.61128 45.507941, -122.611281 45.50796, -122.611289 45.508025, -122.611297 45.508094, -122.611345 45.508762, -122.611393 45.509394, -122.611441 45.510043, -122.61149 45.51069, -122.611533 45.51133, -122.611567 45.511772)"
1,14,"LINESTRING (-122.611567 45.511772, -122.611567 45.511774, -122.611579 45.511828, -122.611598 45.511872, -122.611645 45.511924, -122.6117 45.511955, -122.611764 45.511987, -122.611855 45.512009, -122.611937 45.512019, -122.612299 45.51202, -122.612365 45.512022, -122.612433 45.512024, -122.612662 45.512024, -122.613103 45.512025, -122.61316 45.512065, -122.61337 45.512066, -122.613484 45.512026, -122.61364 45.512026, -122.613934 45.512027)"
1,14,"LINESTRING (-122.613934 45.512027, -122.614126 45.512028, -122.614314 45.512028, -122.615139 45.512027, -122.615793 45.512029, -122.616164 45.51203, -122.616661 45.512031, -122.617108 45.512033, -122.617358 45.512034)"
1,14,"LINESTRING (-122.617358 45.512034, -122.617998 45.512036, -122.618177 45.512037, -122.618362 45.512037, -122.619193 45.512039, -122.619919 45.512039, -122.620199 45.51204, -122.621222 45.51204, -122.621551 45.512041, -122.622293 45.512043, -122.622387 45.512044, -122.622424 45.512044, -122.622714 45.512045, -122.623213 45.512045)"
1,14,"LINESTRING (-122.623213 45.512045, -122.623445 45.512045, -122.623952 45.512046, -122.624448 45.512048, -122.624485 45.512048, -122.625632 45.512051)"
1,14,"LINESTRING (-122.625632 45.512051, -122.625756 45.512052, -122.625884 45.512052, -122.626663 45.512053, -122.627211 45.512053, -122.627633 45.512054, -122.628223 45.512056, -122.628656 45.512057, -122.62875 45.512058, -122.629429 45.512059)"
1,14,"LINESTRING (-122.629429 45.512059, -122.629907 45.512059, -122.630093 45.51206, -122.630587 45.51206, -122.630895 45.512061, -122.631593 45.512062, -122.631708 45.512062, -122.632702 45.512063, -122.633364 45.512065, -122.63376 45.512067, -122.634612 45.512067)"
1,14,"LINESTRING (-122.634612 45.512067, -122.634677 45.512067, -122.634776 45.512068, -122.634884 45.512069, -122.635248 45.512069, -122.636117 45.512071, -122.636769 45.512072, -122.637134 45.512072, -122.638 45.512075)"
1,14,"LINESTRING (-122.638 45.512075, -122.638057 45.512075, -122.638153 45.512076, -122.638237 45.512077, -122.638654 45.512076, -122.639158 45.512076, -122.639603 45.512077, -122.639806 45.512077, -122.639964 45.512078, -122.640262 45.512078, -122.640389 45.512077, -122.640791 45.512078, -122.641261 45.512079, -122.641529 45.51208, -122.642199 45.512083, -122.642537 45.512084, -122.642786 45.512085, -122.643171 45.512086, -122.643397 45.512087)"
1,14,"LINESTRING (-122.643397 45.512087, -122.643544 45.512088, -122.644408 45.512088, -122.644944 45.512087, -122.64504 45.512088, -122.645123 45.512095, -122.645214 45.51211, -122.645304 45.512133, -122.645442 45.512164, -122.645509 45.512177, -122.645565 45.512184, -122.645668 45.512187, -122.645962 45.512188, -122.646119 45.512188, -122.646567 45.51219, -122.646866 45.512191, -122.647074 45.512192)"
1,14,"LINESTRING (-122.647074 45.512192, -122.647597 45.512193, -122.648616 45.512196, -122.649395 45.512198, -122.649477 45.512199)"
1,14,"LINESTRING (-122.649477 45.512199, -122.649634 45.512199, -122.650642 45.512203, -122.65166 45.512206, -122.651856 45.512205, -122.651913 45.512206)"
1,14,"LINESTRING (-122.651913 45.512206, -122.65267 45.512212, -122.653214 45.512215, -122.653311 45.512243, -122.653432 45.512254, -122.653508 45.51227, -122.653562 45.512288, -122.653614 45.512315, -122.653652 45.512341, -122.653682 45.512382, -122.653683 45.512457, -122.653688 45.512924, -122.654554 45.512929)"
1,14,"LINESTRING (-122.654554 45.512929, -122.654693 45.51293, -122.655036 45.512931, -122.655219 45.512931, -122.655716 45.512919, -122.655862 45.512913, -122.6563 45.512914, -122.65673 45.512915, -122.657619 45.51292, -122.657736 45.512927, -122.657839 45.512932, -122.658713 45.512937, -122.65914 45.512938, -122.659766 45.51294, -122.6606 45.512941)"
1,14,"LINESTRING (-122.6606 45.512941, -122.660648 45.512941, -122.660722 45.512938, -122.660777 45.512936, -122.660906 45.512931, -122.661425 45.512933, -122.6619 45.512935, -122.662884 45.512939, -122.665632 45.512955, -122.665745 45.512956, -122.665855 45.512952, -122.666026 45.512936, -122.666148 45.512915)"
1,14,"LINESTRING (-122.666148 45.512915, -122.666232 45.512901, -122.666468 45.512839, -122.667005 45.512633, -122.667171 45.512579, -122.667281 45.51255, -122.667373 45.512535, -122.667516 45.512519, -122.667587 45.512513, -122.667669 45.512509, -122.667764 45.512507, -122.667907 45.512536, -122.667957 45.51254, -122.668039 45.51255, -122.668109 45.512561, -122.668346 45.512617, -122.67099 45.5133, -122.673357 45.513918, -122.673754 45.514017, -122.673908 45.514001, -122.674144 45.514066, -122.674205 45.514136, -122.674318 45.514193, -122.674366 45.514222, -122.674402 45.51425, -122.674465 45.514307, -122.674494 45.51434, -122.674548 45.514418, -122.674672 45.514652, -122.674716 45.514728, -122.67476 45.514794, -122.674802 45.514847, -122.674847 45.514891, -122.674923 45.51495, -122.674955 45.514971, -122.675085 45.515045, -122.675178 45.515088, -122.675655 45.515214)"
1,14,"LINESTRING (-122.675655 45.515214, -122.675931 45.515288, -122.675997 45.515325, -122.677015 45.515596, -122.677315 45.515676, -122.677407 45.515671, -122.677483 45.515667, -122.677523 45.515672, -122.677564 45.515688, -122.677604 45.515714, -122.677709 45.515786, -122.678006 45.515865, -122.678913 45.516106, -122.679004 45.51613, -122.679014 45.516133, -122.67914 45.516166, -122.67929 45.516206, -122.679864 45.516359)"
1,14,"LINESTRING (-122.679864 45.516359, -122.679953 45.516382, -122.680076 45.516415, -122.680091 45.516423, -122.680181 45.516449, -122.681055 45.516681, -122.681126 45.516551, -122.68142 45.516009, -122.681198 45.51595, -122.680426 45.515744, -122.680369 45.515729, -122.679699 45.515551, -122.679407 45.515473, -122.679366 45.515462, -122.678543 45.515244)"
0,15,"LINESTRING (-122.563858 45.530556, -122.563903 45.530678, -122.564005 45.531008, -122.564003 45.531055, -122.563969 45.531106, -122.563897 45.531154, -122.563873 45.531162, -122.563846 45.531172, -122.563794 45.531186, -122.563739 45.531199, -122.563555 45.531234, -122.563535 45.531163, -122.563504 45.531062, -122.563198 45.530303, -122.563158 45.530197, -122.563116 45.529906, -122.563118 45.529894)"
0,15,"LINESTRING (-122.563118 45.529894, -122.563141 45.529758, -122.563131 45.529692, -122.56313 45.529684, -122.56312 45.529636, -122.563066 45.529533, -122.563 45.529466, -122.562594 45.529468, -122.562054 45.52947, -122.561942 45.529477, -122.561828 45.529488, -122.561113 45.529481, -122.560866 45.529482)"
0,15,"LINESTRING (-122.560866 45.529482, -122.560035 45.529483, -122.559244 45.529484, -122.558267 45.529487, -122.558114 45.529486, -122.558123 45.528994, -122.558136 45.528094, -122.558137 45.528054, -122.558139 45.527861, -122.558145 45.52739, -122.558148 45.527171, -122.558151 45.526914, -122.55816 45.526279, -122.558161 45.526162, -122.558175 45.5258)"
0,15,"LINESTRING (-122.558175 45.5258, -122.558182 45.525631, -122.558223 45.52458, -122.558235 45.524258, -122.558244 45.524029)"
0,15,"LINESTRING (-122.558244 45.524029, -122.558255 45.523737, -122.55827 45.523365, -122.558274 45.523256, -122.558289 45.522788, -122.558291 45.52273, -122.558293 45.522662, -122.558293 45.522639, -122.558294 45.522623, -122.558296 45.522548, -122.558297 45.522497, -122.5583 45.522334)"
0,15,"LINESTRING (-122.5583 45.522334, -122.558302 45.522142, -122.558309 45.521709, -122.558342 45.520915, -122.558369 45.52039, -122.55844 45.520324, -122.558438 45.520219)"
0,15,"LINESTRING (-122.558438 45.520219, -122.558432 45.519906, -122.558431 45.519878, -122.55843 45.519648, -122.558433 45.519482, -122.55844 45.519157, -122.558433 45.519048, -122.558427 45.518952, -122.558429 45.518864, -122.558432 45.518705)"
0,15,"LINESTRING (-122.558432 45.518705, -122.558435 45.518529, -122.558437 45.518421, -122.558448 45.518348, -122.55846 45.51826, -122.558463 45.518055, -122.558465 45.517852, -122.558461 45.517761, -122.558447 45.517667, -122.558416 45.517539, -122.558376 45.517422, -122.558366 45.517394, -122.558301 45.517245, -122.558257 45.517152, -122.55819 45.517044, -122.558037 45.516831, -122.557917 45.516706, -122.557743 45.516558, -122.557579 45.516442, -122.557455 45.516364, -122.557308 45.516276, -122.557164 45.516197, -122.557086 45.516159, -122.556966 45.516099, -122.556777 45.516041, -122.556572 45.515989, -122.556514 45.515957, -122.55647 45.515938, -122.556366 45.515896, -122.555819 45.515667, -122.555448 45.515511)"
0,15,"LINESTRING (-122.555448 45.515511, -122.555408 45.515494, -122.555314 45.515455, -122.554929 45.515284, -122.554826 45.515238, -122.55446 45.515092, -122.554346 45.515047, -122.554419 45.51496, -122.554545 45.5148, -122.554566 45.51477, -122.554579 45.51475)"
0,15,"LINESTRING (-122.554579 45.51475, -122.554615 45.514694, -122.554671 45.514596, -122.554703 45.514529, -122.554729 45.514466, -122.55483 45.514215, -122.554849 45.514183, -122.554875 45.514148, -122.554907 45.514112, -122.554951 45.514078, -122.554997 45.51405, -122.555075 45.514008, -122.555138 45.513991, -122.555181 45.513986, -122.555233 45.513981, -122.555285 45.51398, -122.555346 45.513979, -122.55598 45.513997, -122.556671 45.514015, -122.55674 45.514018, -122.556805 45.514022, -122.556879 45.514029, -122.556972 45.514042, -122.557211 45.514072, -122.55731 45.514083, -122.557396 45.514089, -122.557485 45.514093, -122.557585 45.514095, -122.557712 45.514096, -122.558481 45.514095, -122.558523 45.514095)"
0,15,"LINESTRING (-122.558523 45.514095, -122.558824 45.514097, -122.558991 45.514093, -122.559254 45.514084, -122.559448 45.514074, -122.559595 45.514062, -122.559752 45.514048, -122.559944 45.514035, -122.560023 45.51403, -122.560101 45.514026, -122.560245 45.51402, -122.560531 45.514013, -122.561044 45.514013)"
0,15,"LINESTRING (-122.561044 45.514013, -122.564054 45.514027, -122.564225 45.514035, -122.564222 45.514126, -122.564223 45.514282, -122.564221 45.514478)"
0,15,"LINESTRING (-122.564221 45.514478, -122.564219 45.514669, -122.564216 45.514927, -122.564202 45.515118, -122.564185 45.515279, -122.56414 45.515452, -122.564068 45.515655, -122.56396 45.51586, -122.563864 45.516006, -122.563834 45.516046)"
0,15,"LINESTRING (-122.563834 45.516046, -122.563773 45.516125, -122.563637 45.516288, -122.563484 45.516467, -122.56301 45.517032, -122.562844 45.517229, -122.56262 45.5175, -122.562526 45.517623, -122.562464 45.517726, -122.562438 45.517782, -122.562425 45.517812)"
0,15,"LINESTRING (-122.562425 45.517812, -122.562405 45.517862, -122.562379 45.51794, -122.562359 45.518011, -122.562337 45.518119, -122.562323 45.518245, -122.562323 45.518412, -122.562321 45.518532, -122.562316 45.518837, -122.562314 45.518951, -122.56231 45.519053, -122.563696 45.519053, -122.564234 45.519054, -122.564538 45.519054, -122.564652 45.519046, -122.564755 45.519039, -122.565992 45.519044, -122.566804 45.519044, -122.566894 45.519049, -122.567048 45.519059, -122.567131 45.519063, -122.567465 45.519064, -122.56801 45.519066, -122.56824 45.519067)"
0,15,"LINESTRING (-122.56824 45.519067, -122.568847 45.519069, -122.569128 45.51907, -122.570162 45.519075, -122.571237 45.519081)"
0,15,"LINESTRING (-122.571237 45.519081, -122.571347 45.519081, -122.572026 45.519087, -122.572834 45.519091)"
0,15,"LINESTRING (-122.572834 45.519091, -122.572978 45.519092, -122.573936 45.5191, -122.574795 45.519105, -122.574863 45.51908, -122.57502 45.519081, -122.575179 45.519081, -122.575256 45.519108, -122.575649 45.519111)"
0,15,"LINESTRING (-122.575649 45.519111, -122.576032 45.519114, -122.577048 45.51912, -122.577231 45.519122, -122.578055 45.519127, -122.578169 45.519128, -122.579069 45.519135, -122.579613 45.519139)"
0,15,"LINESTRING (-122.579613 45.519139, -122.580312 45.519143, -122.580519 45.519146, -122.58132 45.51915)"
0,15,"LINESTRING (-122.58132 45.51915, -122.581396 45.519151, -122.581465 45.519152, -122.581558 45.519152, -122.582454 45.519158, -122.583271 45.519166, -122.583554 45.519168, -122.584778 45.519177, -122.585183 45.51918, -122.585279 45.519182, -122.58527 45.518779, -122.585264 45.518509)"
0,15,"LINESTRING (-122.585264 45.518509, -122.585263 45.518472, -122.585263 45.518399, -122.585264 45.51834, -122.585261 45.517992, -122.585259 45.517757, -122.585258 45.517607, -122.585256 45.517339, -122.585256 45.517205, -122.585255 45.516822, -122.585255 45.516712)"
0,15,"LINESTRING (-122.585255 45.516712, -122.585254 45.516427, -122.585254 45.516314, -122.586756 45.516327, -122.587589 45.516335, -122.587832 45.516337)"
0,15,"LINESTRING (-122.587832 45.516337, -122.588702 45.516344, -122.589585 45.516353)"
0,15,"LINESTRING (-122.589585 45.516353, -122.589748 45.516355, -122.589753 45.516159, -122.590979 45.516162, -122.592099 45.51617)"
0,15,"LINESTRING (-122.592099 45.51617, -122.592237 45.516171, -122.59224 45.516933, -122.593116 45.516936)"
0,15,"LINESTRING (-122.593116 45.516936, -122.593226 45.516937, -122.594197 45.516943, -122.5947 45.516944, -122.595736 45.516948, -122.596901 45.516947)"
0,15,"LINESTRING (-122.596901 45.516947, -122.597038 45.516946, -122.597522 45.516947, -122.597688 45.516944, -122.597806 45.516935, -122.597903 45.516926, -122.598021 45.516912, -122.598151 45.516892, -122.598639 45.51681, -122.598719 45.516798, -122.598798 45.516789, -122.598916 45.516781, -122.599069 45.516775, -122.600254 45.516767, -122.600538 45.516766)"
0,15,"LINESTRING (-122.600538 45.516766, -122.600625 45.516766, -122.601224 45.516764, -122.601402 45.516763, -122.601623 45.516761, -122.601747 45.516761)"
0,15,"LINESTRING (-122.601747 45.516761, -122.601935 45.516759, -122.602014 45.516759, -122.602767 45.516757, -122.604089 45.516754)"
0,15,"LINESTRING (-122.604089 45.516754, -122.604216 45.516753, -122.604749 45.516751, -122.606014 45.516745, -122.606334 45.516746, -122.606426 45.516739, -122.606496 45.516729, -122.606568 45.516711, -122.606642 45.516689, -122.606659 45.516682)"
0,15,"LINESTRING (-122.606659 45.516682, -122.606719 45.51666, -122.606835 45.516613, -122.606945 45.516574, -122.606998 45.51656, -122.607066 45.516551, -122.607156 45.516543, -122.607872 45.516542, -122.60859 45.516543)"
0,15,"LINESTRING (-122.60859 45.516543, -122.608841 45.516544, -122.609909 45.516549, -122.610404 45.51655, -122.610602 45.516549)"
0,15,"LINESTRING (-122.610602 45.516549, -122.611172 45.51655, -122.611248 45.516551, -122.612332 45.516551)"
0,15,"LINESTRING (-122.612332 45.516551, -122.612562 45.516551, -122.613503 45.516554, -122.614438 45.516557, -122.61463 45.516557, -122.615081 45.516558)"
0,15,"LINESTRING (-122.615081 45.516558, -122.615225 45.516559, -122.616154 45.51656, -122.617093 45.516563, -122.617794 45.516563, -122.61947 45.516569, -122.619771 45.516569)"
0,15,"LINESTRING (-122.619771 45.516569, -122.621183 45.51657, -122.62128 45.516571, -122.621739 45.516572, -122.622072 45.516573, -122.62217 45.516573, -122.622527 45.516575)"
0,15,"LINESTRING (-122.622527 45.516575, -122.622529 45.516575, -122.622552 45.516574, -122.622636 45.516572, -122.622732 45.516568, -122.622846 45.516558, -122.622972 45.51653, -122.623078 45.516507, -122.623237 45.516468, -122.623321 45.516451, -122.623392 45.516441, -122.623449 45.516438, -122.62352 45.516436, -122.624354 45.516438, -122.624509 45.516438, -122.624705 45.516439)"
0,15,"LINESTRING (-122.624705 45.516439, -122.625786 45.516442, -122.625867 45.516441, -122.62594 45.516441, -122.628202 45.516447, -122.629565 45.516449, -122.62965 45.516448, -122.629903 45.516449)"
0,15,"LINESTRING (-122.629903 45.516449, -122.630861 45.516452, -122.630953 45.516453, -122.631036 45.516454, -122.632267 45.516454, -122.632342 45.516456, -122.632413 45.516457, -122.633701 45.516459, -122.634148 45.516457, -122.634273 45.516457, -122.634402 45.516456, -122.634493 45.516453, -122.634696 45.51644, -122.634799 45.516436, -122.634889 45.516429, -122.635116 45.516429)"
0,15,"LINESTRING (-122.635116 45.516429, -122.63609 45.516429, -122.637109 45.516436, -122.638121 45.516439, -122.638998 45.516443)"
0,15,"LINESTRING (-122.638998 45.516443, -122.63914 45.516444, -122.639755 45.516447, -122.639833 45.516477, -122.639982 45.516481, -122.640057 45.516494, -122.640094 45.516509, -122.640114 45.516525, -122.640151 45.516574, -122.640149 45.516759, -122.640148 45.51686)"
0,15,"LINESTRING (-122.640148 45.51686, -122.640148 45.51689, -122.64015 45.516928, -122.640166 45.516957, -122.640208 45.516975, -122.640265 45.516979, -122.640748 45.516979, -122.641325 45.516977, -122.642488 45.51698, -122.643893 45.516984, -122.64479 45.516986, -122.644952 45.516995, -122.645066 45.517011, -122.645218 45.51705, -122.645384 45.517097)"
0,15,"LINESTRING (-122.645384 45.517097, -122.645478 45.517123, -122.645544 45.517144, -122.645642 45.517166, -122.645792 45.517179, -122.646553 45.51718, -122.647425 45.517183)"
0,15,"LINESTRING (-122.647425 45.517183, -122.647553 45.517184, -122.64858 45.517186, -122.649392 45.51719)"
0,15,"LINESTRING (-122.649392 45.51719, -122.649596 45.51719, -122.65061 45.517194, -122.651458 45.517195)"
0,15,"LINESTRING (-122.651458 45.517195, -122.651623 45.517196, -122.65263 45.5172, -122.653557 45.517205, -122.653651 45.517203, -122.653756 45.517201, -122.653994 45.517201)"
0,15,"LINESTRING (-122.653994 45.517201, -122.654163 45.517202, -122.654573 45.517203, -122.654668 45.517211, -122.654758 45.517218, -122.655688 45.517221, -122.655892 45.517221, -122.656537 45.517223)"
0,15,"LINESTRING (-122.656537 45.517223, -122.656693 45.517224, -122.657714 45.517227, -122.65841 45.517227, -122.658546 45.517228, -122.658685 45.517229, -122.658816 45.51723, -122.65974 45.517233, -122.660532 45.517233)"
0,15,"LINESTRING (-122.660532 45.517233, -122.660858 45.517233, -122.661205 45.517229, -122.661687 45.51723, -122.662691 45.517235, -122.664594 45.517243, -122.664726 45.51724, -122.66601 45.517242)"
0,15,"LINESTRING (-122.66601 45.517242, -122.666603 45.517244, -122.667049 45.517252, -122.667237 45.517266, -122.667412 45.51729, -122.667589 45.517323, -122.668329 45.517485, -122.669668 45.517841, -122.671502 45.518331, -122.671782 45.518466, -122.672088 45.518566, -122.672314 45.518651, -122.672681 45.5188, -122.673198 45.519032, -122.673356 45.519104, -122.673753 45.519283, -122.673842 45.519321, -122.673953 45.519356, -122.674059 45.519384, -122.674503 45.519503, -122.674628 45.519537)"
0,15,"LINESTRING (-122.674628 45.519537, -122.67482 45.519588, -122.675847 45.519862, -122.676617 45.520069)"
0,15,"LINESTRING (-122.676617 45.520069, -122.676825 45.520125, -122.67685 45.520131, -122.677905 45.520414, -122.677932 45.520421, -122.678899 45.52068, -122.679891 45.520946, -122.680415 45.521086, -122.680791 45.521187)"
0,15,"LINESTRING (-122.680791 45.521187, -122.680894 45.521214, -122.681346 45.521335, -122.681387 45.521346, -122.682121 45.521543, -122.682409 45.52162, -122.682445 45.521553, -122.682738 45.521014, -122.682772 45.520949, -122.682802 45.520891, -122.683129 45.520303, -122.683232 45.520328, -122.68395 45.520519)"
0,15,"LINESTRING (-122.68395 45.520519, -122.684152 45.520573, -122.684259 45.520602, -122.685153 45.520838, -122.685299 45.520877, -122.686087 45.521085, -122.686206 45.521115, -122.686305 45.521144, -122.687103 45.521352, -122.687176 45.521371, -122.687506 45.521457, -122.687814 45.521537, -122.688056 45.5216, -122.688136 45.521626, -122.688284 45.521665, -122.689075 45.521877, -122.689147 45.521893, -122.689244 45.52192, -122.689505 45.521989)"
0,15,"LINESTRING (-122.689505 45.521989, -122.690035 45.52213, -122.690155 45.522163, -122.690125 45.522226, -122.690073 45.522339, -122.689985 45.522382, -122.689851 45.522609, -122.689819 45.522654, -122.689782 45.522699, -122.689738 45.522744, -122.689668 45.522795, -122.689597 45.522847, -122.689567 45.522865, -122.689458 45.522918, -122.689399 45.522941, -122.689334 45.522972, -122.689756 45.522994, -122.689968 45.523004)"
0,15,"LINESTRING (-122.689968 45.523004, -122.690247 45.523017, -122.690564 45.523032, -122.690694 45.523039, -122.69089 45.523049, -122.691262 45.523069, -122.691813 45.523096, -122.69218 45.523114, -122.692298 45.52312, -122.692847 45.523146)"
0,15,"LINESTRING (-122.692847 45.523146, -122.693324 45.523169, -122.693762 45.523191, -122.693861 45.523196, -122.694142 45.523211, -122.69431 45.523221, -122.694413 45.523227, -122.694766 45.523243, -122.69496 45.523252)"
0,15,"LINESTRING (-122.69496 45.523252, -122.695014 45.523254, -122.695032 45.523255, -122.695409 45.523271, -122.695921 45.523298, -122.695966 45.5233, -122.696349 45.52332, -122.696578 45.523331, -122.69682 45.523342, -122.697135 45.523358, -122.697388 45.52337, -122.697479 45.523374, -122.697683 45.523384, -122.697805 45.523399, -122.697868 45.523408, -122.698011 45.523425)"
0,15,"LINESTRING (-122.698011 45.523425, -122.698119 45.523438, -122.698287 45.523458, -122.698316 45.523565, -122.698378 45.523739, -122.698394 45.523809, -122.698399 45.523871, -122.698401 45.52395, -122.698401 45.523986, -122.698403 45.524005, -122.698406 45.52412, -122.698431 45.524799, -122.698437 45.52496, -122.698454 45.525415)"
0,15,"LINESTRING (-122.698454 45.525415, -122.698458 45.525512, -122.69847 45.525843, -122.698484 45.526227, -122.698511 45.526951, -122.698533 45.527565)"
0,15,"LINESTRING (-122.698533 45.527565, -122.698536 45.527652, -122.698563 45.52837, -122.698589 45.529085, -122.698593 45.529193, -122.698612 45.529692)"
0,15,"LINESTRING (-122.698612 45.529692, -122.698615 45.529795, -122.698617 45.529861, -122.698641 45.530509, -122.698648 45.530692, -122.698655 45.530878, -122.698663 45.5311, -122.698667 45.531219, -122.698672 45.531283, -122.698693 45.531869, -122.698695 45.531934, -122.698697 45.531996, -122.698701 45.532127)"
0,15,"LINESTRING (-122.698701 45.532127, -122.69872 45.532648, -122.698751 45.533367, -122.698754 45.533434, -122.698772 45.533989)"
0,15,"LINESTRING (-122.698772 45.533989, -122.698772 45.534002, -122.698776 45.534073, -122.698779 45.534134, -122.698803 45.534722, -122.698804 45.534785, -122.698806 45.534848, -122.698819 45.535213, -122.698826 45.535428, -122.698838 45.535498, -122.698847 45.535559, -122.698853 45.53575)"
0,15,"LINESTRING (-122.698853 45.53575, -122.698877 45.536453, -122.698887 45.536755, -122.698895 45.536919, -122.699026 45.536916, -122.699215 45.536913, -122.699597 45.536907, -122.699814 45.536904, -122.700749 45.53689)"
0,15,"LINESTRING (-122.700749 45.53689, -122.700869 45.536888, -122.70184 45.536867, -122.702046 45.536864, -122.702623 45.536855, -122.702901 45.536851, -122.70299 45.536849, -122.703213 45.536847, -122.703763 45.536843, -122.704496 45.53683, -122.704724 45.536826)"
0,15,"LINESTRING (-122.704724 45.536826, -122.704891 45.536822, -122.705513 45.53681, -122.70575 45.536806, -122.705894 45.536803, -122.706263 45.536792, -122.706534 45.536784, -122.706691 45.536782)"
0,15,"LINESTRING (-122.706691 45.536782, -122.70679 45.53678, -122.706893 45.536778, -122.706975 45.536775, -122.707157 45.536773, -122.707755 45.536763, -122.707846 45.536767, -122.707905 45.536771, -122.707974 45.536781, -122.70804 45.536794, -122.708328 45.53687, -122.708449 45.5369)"
0,15,"LINESTRING (-122.708449 45.5369, -122.70846 45.536902, -122.708527 45.536914, -122.708595 45.536923, -122.70868 45.536932, -122.709473 45.537006, -122.709608 45.53702, -122.709726 45.537029, -122.709792 45.537059, -122.709849 45.537067, -122.70992 45.537082, -122.709995 45.537104, -122.710058 45.537126, -122.710119 45.537153, -122.710171 45.537183, -122.710221 45.537215, -122.710262 45.537245, -122.710333 45.537264, -122.710405 45.537355, -122.710425 45.53739, -122.710444 45.537434, -122.710462 45.537483, -122.710474 45.537545, -122.710476 45.537607, -122.710483 45.537846, -122.710487 45.537947, -122.710493 45.538, -122.7105 45.538055, -122.710519 45.53813, -122.710572 45.538201, -122.710622 45.538254, -122.710676 45.538305, -122.710721 45.538337, -122.710912 45.538438, -122.710991 45.53847, -122.711116 45.538512, -122.711122 45.538632, -122.711066 45.540028)"
0,15,"LINESTRING (-122.711066 45.540028, -122.711057 45.540258, -122.711031 45.541149)"
0,15,"LINESTRING (-122.711031 45.541149, -122.711028 45.54125, -122.711022 45.541367, -122.710977 45.543454)"
0,15,"LINESTRING (-122.710977 45.543454, -122.710974 45.543597, -122.710973 45.54362, -122.710954 45.544525)"
0,15,"LINESTRING (-122.710954 45.544525, -122.710953 45.544572, -122.710944 45.544996, -122.711125 45.544995, -122.711445 45.544988, -122.711588 45.544972, -122.711732 45.544946, -122.71185 45.544912, -122.71198 45.544868, -122.712098 45.544818, -122.712249 45.544726, -122.712396 45.544628, -122.712521 45.544522, -122.712672 45.544382, -122.712766 45.544289)"
0,15,"LINESTRING (-122.712766 45.544289, -122.712835 45.544222, -122.714369 45.544225, -122.716053 45.544228)"
0,15,"LINESTRING (-122.716053 45.544228, -122.716834 45.544229, -122.717139 45.544234, -122.718792 45.544238)"
0,15,"LINESTRING (-122.718792 45.544238, -122.718951 45.544239, -122.718953 45.544754, -122.718954 45.54498, -122.718954 45.546292)"
0,15,"LINESTRING (-122.718954 45.546292, -122.718952 45.546562, -122.718951 45.547024, -122.718945 45.547665, -122.71893 45.548914, -122.71893 45.548942)"
0,15,"LINESTRING (-122.71893 45.548942, -122.718929 45.548992, -122.718924 45.549048, -122.718913 45.549093, -122.718895 45.54913, -122.71887 45.549169, -122.718833 45.549226, -122.718765 45.54934, -122.719191 45.549555, -122.720199 45.549924, -122.721604 45.550438, -122.722259 45.550683, -122.722539 45.550781, -122.722677 45.550828, -122.722804 45.550817, -122.722931 45.550858, -122.723004 45.550882, -122.723201 45.550942, -122.723783 45.551111, -122.723978 45.551171, -122.724314 45.551288, -122.724402 45.551322)"
0,15,"LINESTRING (-122.724402 45.551322, -122.724432 45.551334, -122.724787 45.551471, -122.72674 45.552269, -122.726943 45.552351, -122.727394 45.552534)"
0,15,"LINESTRING (-122.727394 45.552534, -122.72763 45.552629, -122.728539 45.553002, -122.729604 45.553438, -122.730174 45.553671, -122.73051 45.553808, -122.730882 45.55396, -122.731232 45.554103, -122.731396 45.55417, -122.731473 45.554093, -122.731509 45.554063, -122.73218 45.553648, -122.732818 45.554215, -122.733131 45.554505, -122.733224 45.554609, -122.73326 45.554665, -122.73328 45.554713, -122.733307 45.554821, -122.733309 45.554826, -122.733332 45.554968, -122.733078 45.554852, -122.732662 45.554684, -122.73188 45.554366)"
0,15,"LINESTRING (-122.731845 45.554353, -122.731396 45.55417, -122.731232 45.554103, -122.730882 45.55396, -122.73051 45.553808)"
1,15,"LINESTRING (-122.730505 45.553806, -122.730174 45.553671, -122.729604 45.553438, -122.728539 45.553002, -122.727711 45.552663)"
1,15,"LINESTRING (-122.727711 45.552663, -122.72763 45.552629, -122.726943 45.552351, -122.72674 45.552269, -122.724787 45.551471, -122.724432 45.551334, -122.724314 45.551288, -122.723978 45.551171, -122.723783 45.551111, -122.723754 45.551015, -122.723707 45.550957, -122.723639 45.550908, -122.723234 45.550756)"
1,15,"LINESTRING (-122.723234 45.550756, -122.723207 45.550746, -122.723041 45.550689, -122.722635 45.550548, -122.72205 45.550334, -122.721551 45.550149)"
1,15,"LINESTRING (-122.721551 45.550149, -122.721427 45.550104, -122.720936 45.549924, -122.72034 45.549705, -122.719613 45.549441, -122.71945 45.549385, -122.719376 45.549374, -122.719315 45.549404, -122.719269 45.549463, -122.719138 45.549418, -122.718765 45.54934, -122.718833 45.549226, -122.71887 45.549169, -122.718895 45.54913, -122.718913 45.549093, -122.718924 45.549048, -122.718929 45.548992, -122.71893 45.548914, -122.718934 45.548608)"
1,15,"LINESTRING (-122.718934 45.548608, -122.718945 45.547665, -122.718951 45.547024, -122.718952 45.546562, -122.718954 45.546167, -122.718954 45.546131)"
1,15,"LINESTRING (-122.718954 45.546131, -122.718954 45.54498, -122.718953 45.544754, -122.718951 45.544363)"
1,15,"LINESTRING (-122.718951 45.544363, -122.718951 45.544239, -122.717139 45.544234, -122.716834 45.544229, -122.715163 45.544226)"
1,15,"LINESTRING (-122.715163 45.544226, -122.714369 45.544225, -122.713414 45.544223)"
1,15,"LINESTRING (-122.713414 45.544223, -122.712835 45.544222, -122.712672 45.544382, -122.712521 45.544522, -122.712396 45.544628, -122.712249 45.544726, -122.712098 45.544818, -122.71198 45.544868, -122.71185 45.544912, -122.711781 45.544932)"
1,15,"LINESTRING (-122.711781 45.544932, -122.711732 45.544946, -122.711588 45.544972, -122.711445 45.544988, -122.711125 45.544995, -122.710944 45.544996, -122.710953 45.544572, -122.710973 45.54362, -122.710974 45.543597, -122.710977 45.54345)"
1,15,"LINESTRING (-122.710977 45.54345, -122.71102 45.541436)"
1,15,"LINESTRING (-122.71102 45.541436, -122.711022 45.541367, -122.711028 45.54125, -122.711056 45.540277)"
1,15,"LINESTRING (-122.711056 45.540277, -122.711057 45.540258, -122.711116 45.53879)"
1,15,"LINESTRING (-122.711116 45.53879, -122.711122 45.538632, -122.711116 45.538512, -122.710893 45.538549, -122.710633 45.538588, -122.710568 45.538599, -122.710275 45.538644, -122.710232 45.538653)"
1,15,"LINESTRING (-122.710232 45.538653, -122.710158 45.538669, -122.71008 45.53869, -122.709296 45.538904, -122.709079 45.538964, -122.708945 45.539002, -122.708778 45.539052, -122.708641 45.539098, -122.708567 45.539126, -122.708016 45.539337, -122.707896 45.53938, -122.707699 45.539448)"
1,15,"LINESTRING (-122.707699 45.539448, -122.707168 45.539629, -122.707124 45.539551, -122.707024 45.53917, -122.706999 45.539069, -122.706978 45.538974, -122.706969 45.538927, -122.706959 45.538875, -122.706934 45.538226, -122.706928 45.538028, -122.706911 45.537501, -122.706904 45.537174, -122.706901 45.537042, -122.706901 45.537041)"
1,15,"LINESTRING (-122.706901 45.537041, -122.706899 45.536943, -122.706897 45.536888, -122.706893 45.536778, -122.70679 45.53678, -122.706534 45.536784, -122.706263 45.536792, -122.705894 45.536803, -122.70575 45.536806, -122.705513 45.53681, -122.705095 45.536818)"
1,15,"LINESTRING (-122.705095 45.536818, -122.704891 45.536822, -122.704496 45.53683, -122.703763 45.536843, -122.703213 45.536847, -122.70299 45.536849, -122.702901 45.536851, -122.702623 45.536855, -122.702046 45.536864, -122.70184 45.536867, -122.700956 45.536886)"
1,15,"LINESTRING (-122.700956 45.536886, -122.700869 45.536888, -122.699814 45.536904, -122.699597 45.536907, -122.699215 45.536913, -122.699026 45.536916, -122.698895 45.536919, -122.698887 45.536755, -122.698877 45.536453, -122.698847 45.535559, -122.698838 45.535498, -122.698826 45.535428, -122.69882 45.535236)"
1,15,"LINESTRING (-122.69882 45.535236, -122.698819 45.535213, -122.698806 45.534848, -122.698804 45.534785, -122.698803 45.534722, -122.698779 45.534134, -122.698776 45.534073, -122.698772 45.534002, -122.698768 45.533888)"
1,15,"LINESTRING (-122.698768 45.533888, -122.698754 45.533434, -122.698751 45.533367, -122.69872 45.532648, -122.698698 45.532034)"
1,15,"LINESTRING (-122.698698 45.532034, -122.698697 45.531996, -122.698695 45.531934, -122.698693 45.531869, -122.698672 45.531283, -122.698667 45.531219, -122.698663 45.5311, -122.698655 45.530878, -122.698648 45.530692, -122.698645 45.530616)"
1,15,"LINESTRING (-122.698645 45.530616, -122.698641 45.530509, -122.698617 45.529861, -122.698615 45.529795, -122.698593 45.529193, -122.698589 45.529085, -122.698563 45.52837, -122.69854 45.527743)"
1,15,"LINESTRING (-122.69854 45.527743, -122.698536 45.527652, -122.698511 45.526951, -122.698484 45.526227, -122.69847 45.525843, -122.698461 45.525599)"
1,15,"LINESTRING (-122.698461 45.525599, -122.698458 45.525512, -122.698437 45.52496, -122.698431 45.524799, -122.698407 45.524129)"
1,15,"LINESTRING (-122.698407 45.524129, -122.698406 45.52412, -122.698403 45.524005, -122.698401 45.523986, -122.698401 45.52395, -122.698399 45.523871, -122.698394 45.523809, -122.698378 45.523739, -122.698316 45.523565, -122.698287 45.523458, -122.698119 45.523438, -122.697868 45.523408, -122.697805 45.523399, -122.697683 45.523384, -122.697479 45.523374, -122.697388 45.52337, -122.697135 45.523358, -122.696987 45.52335)"
1,15,"LINESTRING (-122.696987 45.52335, -122.69682 45.523342, -122.696578 45.523331, -122.696349 45.52332, -122.695966 45.5233, -122.695921 45.523298, -122.695409 45.523271, -122.695032 45.523255, -122.695014 45.523254, -122.694766 45.523243, -122.694481 45.52323)"
1,15,"LINESTRING (-122.694481 45.52323, -122.694413 45.523227, -122.69431 45.523221, -122.694142 45.523211, -122.693861 45.523196, -122.693762 45.523191, -122.693324 45.523169, -122.692561 45.523132)"
1,15,"LINESTRING (-122.692561 45.523132, -122.692298 45.52312, -122.69218 45.523114, -122.691813 45.523096, -122.691262 45.523069, -122.69089 45.523049, -122.690694 45.523039, -122.690564 45.523032, -122.690247 45.523017, -122.690169 45.522946, -122.690118 45.522916, -122.689848 45.522843)"
1,15,"LINESTRING (-122.689848 45.522843, -122.689668 45.522795, -122.689589 45.522773, -122.689465 45.522739, -122.688789 45.522562, -122.68778 45.522289, -122.687203 45.522136, -122.687008 45.522084, -122.686914 45.522059, -122.686817 45.522035, -122.686726 45.522014, -122.68602 45.521828)"
1,15,"LINESTRING (-122.68602 45.521828, -122.685939 45.521807, -122.685844 45.521782, -122.685722 45.521748, -122.685321 45.521643, -122.684947 45.521543, -122.684793 45.521501, -122.684589 45.521443, -122.683903 45.521252, -122.683799 45.521224, -122.682885 45.520978, -122.682813 45.52096, -122.682772 45.520949, -122.682658 45.52092, -122.682487 45.520874, -122.681945 45.520729)"
1,15,"LINESTRING (-122.681945 45.520729, -122.681747 45.520676, -122.681705 45.520665, -122.681421 45.520589, -122.68078 45.520419, -122.680247 45.520277, -122.679407 45.520048, -122.679265 45.520009, -122.678495 45.519804)"
1,15,"LINESTRING (-122.678495 45.519804, -122.678297 45.519751, -122.67827 45.519744, -122.677221 45.519465, -122.67719 45.519457, -122.676207 45.519196, -122.675184 45.518924, -122.674574 45.518762)"
1,15,"LINESTRING (-122.674574 45.518762, -122.674374 45.518709, -122.674203 45.518663, -122.674073 45.518669, -122.673891 45.518652, -122.673423 45.518597, -122.672775 45.518524, -122.672451 45.518479, -122.672232 45.518448, -122.672085 45.518421, -122.671832 45.518373, -122.671502 45.518331, -122.669668 45.517841, -122.668329 45.517485, -122.667793 45.517273, -122.667286 45.517037, -122.666726 45.516785, -122.666599 45.516723, -122.666473 45.516671, -122.666354 45.516633, -122.666218 45.516594, -122.666027 45.516562, -122.665982 45.516557)"
1,15,"LINESTRING (-122.665982 45.516557, -122.665953 45.516554, -122.665867 45.516549, -122.665681 45.516544, -122.665409 45.516542, -122.663892 45.516541, -122.663712 45.516526, -122.662754 45.516521, -122.661856 45.516519, -122.660956 45.51652)"
1,15,"LINESTRING (-122.660956 45.51652, -122.660877 45.51652, -122.660747 45.516518, -122.660665 45.516518, -122.660352 45.516517, -122.659745 45.516516, -122.659066 45.516513, -122.65869 45.516513, -122.658569 45.51652, -122.658104 45.516523, -122.657932 45.516522, -122.657712 45.516521, -122.657308 45.516519, -122.656925 45.516517, -122.656803 45.516516)"
1,15,"LINESTRING (-122.656803 45.516516, -122.656699 45.516516, -122.655692 45.516511, -122.654982 45.516508, -122.654669 45.516507, -122.654351 45.516505)"
1,15,"LINESTRING (-122.654351 45.516505, -122.653991 45.516503, -122.653659 45.516502, -122.653553 45.516494, -122.652638 45.516493, -122.651748 45.516491)"
1,15,"LINESTRING (-122.651748 45.516491, -122.651628 45.516491, -122.650615 45.516488, -122.649601 45.516487, -122.648707 45.516483)"
1,15,"LINESTRING (-122.648707 45.516483, -122.648585 45.516483, -122.647518 45.516478, -122.64655 45.516474, -122.645692 45.51647)"
1,15,"LINESTRING (-122.645692 45.51647, -122.645654 45.51647, -122.64555 45.516469, -122.642604 45.51646)"
1,15,"LINESTRING (-122.642604 45.51646, -122.642496 45.51646, -122.64139 45.516457, -122.640851 45.516457, -122.640558 45.516456, -122.64048 45.516424, -122.64036 45.516415, -122.640246 45.51641, -122.640062 45.51641, -122.639943 45.516416, -122.639832 45.516424, -122.639755 45.516447, -122.639248 45.516444)"
1,15,"LINESTRING (-122.639248 45.516444, -122.63914 45.516444, -122.638121 45.516439, -122.637109 45.516436, -122.63609 45.516429, -122.634889 45.516429, -122.634799 45.516436, -122.634696 45.51644, -122.634493 45.516453, -122.634459 45.516454)"
1,15,"LINESTRING (-122.634459 45.516454, -122.634402 45.516456, -122.634273 45.516457, -122.634148 45.516457, -122.633701 45.516459, -122.632413 45.516457, -122.632342 45.516456, -122.632267 45.516454, -122.631036 45.516454, -122.630953 45.516453, -122.630861 45.516452, -122.62965 45.516448, -122.629565 45.516449, -122.629206 45.516448)"
1,15,"LINESTRING (-122.629206 45.516448, -122.628202 45.516447, -122.62594 45.516441, -122.625867 45.516441, -122.625786 45.516442, -122.625574 45.516441)"
1,15,"LINESTRING (-122.625574 45.516441, -122.624509 45.516438, -122.624354 45.516438, -122.62352 45.516436, -122.623449 45.516438, -122.623392 45.516441, -122.623321 45.516451, -122.623237 45.516468, -122.623078 45.516507, -122.622972 45.51653, -122.622846 45.516558, -122.622732 45.516568, -122.622636 45.516572, -122.622552 45.516574, -122.622529 45.516575, -122.622216 45.516573)"
1,15,"LINESTRING (-122.622216 45.516573, -122.622072 45.516573, -122.621739 45.516572, -122.62128 45.516571, -122.621183 45.51657, -122.619505 45.516569)"
1,15,"LINESTRING (-122.619505 45.516569, -122.61947 45.516569, -122.617794 45.516563, -122.617093 45.516563, -122.616154 45.51656, -122.615225 45.516559, -122.614897 45.516558)"
1,15,"LINESTRING (-122.614897 45.516558, -122.61463 45.516557, -122.614438 45.516557, -122.613503 45.516554, -122.612646 45.516551)"
1,15,"LINESTRING (-122.612646 45.516551, -122.611248 45.516551, -122.611172 45.51655, -122.610883 45.51655)"
1,15,"LINESTRING (-122.610883 45.51655, -122.610404 45.51655, -122.609909 45.516549, -122.608841 45.516544, -122.608503 45.516543)"
1,15,"LINESTRING (-122.608503 45.516543, -122.607872 45.516542, -122.607156 45.516543, -122.607066 45.516551, -122.606998 45.51656, -122.606976 45.516566, -122.606945 45.516574)"
1,15,"LINESTRING (-122.606945 45.516574, -122.606835 45.516613, -122.606719 45.51666, -122.606642 45.516689, -122.606568 45.516711, -122.606496 45.516729, -122.606426 45.516739, -122.606334 45.516746, -122.606014 45.516745, -122.604749 45.516751, -122.604216 45.516753, -122.604097 45.516754)"
1,15,"LINESTRING (-122.604097 45.516754, -122.602767 45.516757, -122.602014 45.516759, -122.601935 45.516759, -122.601694 45.516761)"
1,15,"LINESTRING (-122.601694 45.516761, -122.601623 45.516761, -122.601402 45.516763, -122.601224 45.516764, -122.600625 45.516766, -122.600324 45.516767)"
1,15,"LINESTRING (-122.600324 45.516767, -122.600254 45.516767, -122.599069 45.516775, -122.598916 45.516781, -122.598798 45.516789, -122.598719 45.516798, -122.598639 45.51681, -122.598151 45.516892, -122.598021 45.516912, -122.597903 45.516926, -122.597806 45.516935, -122.597688 45.516944, -122.597522 45.516947, -122.597038 45.516946, -122.596986 45.516946)"
1,15,"LINESTRING (-122.596986 45.516946, -122.595736 45.516948, -122.5947 45.516944, -122.594285 45.516944)"
1,15,"LINESTRING (-122.594285 45.516944, -122.594197 45.516943, -122.593226 45.516937, -122.59224 45.516933, -122.592237 45.516251)"
1,15,"LINESTRING (-122.592237 45.516251, -122.592237 45.516171, -122.590979 45.516162, -122.589854 45.516159)"
1,15,"LINESTRING (-122.589854 45.516159, -122.589753 45.516159, -122.589748 45.516355, -122.588702 45.516344, -122.587702 45.516336)"
1,15,"LINESTRING (-122.587702 45.516336, -122.587589 45.516335, -122.586756 45.516327, -122.585359 45.516315)"
1,15,"LINESTRING (-122.585359 45.516315, -122.585254 45.516314, -122.585254 45.516427, -122.585255 45.516822, -122.585256 45.517205, -122.585256 45.517339, -122.585258 45.517607, -122.585259 45.517757, -122.585261 45.517992, -122.585263 45.51827)"
1,15,"LINESTRING (-122.585263 45.51827, -122.585264 45.51834, -122.585263 45.518399, -122.585195 45.518392, -122.584993 45.518382, -122.582086 45.518382, -122.581953 45.518381, -122.581775 45.518385, -122.581612 45.51839, -122.581456 45.518397, -122.581397 45.518406, -122.581336 45.518409, -122.58115 45.518408)"
1,15,"LINESTRING (-122.58115 45.518408, -122.580309 45.518401, -122.579798 45.518398, -122.579169 45.518394, -122.579034 45.518393, -122.578904 45.518391, -122.578162 45.518385)"
1,15,"LINESTRING (-122.578162 45.518385, -122.577191 45.518377, -122.575144 45.518365)"
1,15,"LINESTRING (-122.575144 45.518365, -122.57503 45.518364, -122.573118 45.518352)"
1,15,"LINESTRING (-122.573118 45.518352, -122.572988 45.518351, -122.571474 45.518342)"
1,15,"LINESTRING (-122.571474 45.518342, -122.571358 45.518341, -122.569238 45.518314, -122.569135 45.518314, -122.569027 45.518313, -122.568762 45.518314)"
1,15,"LINESTRING (-122.568762 45.518314, -122.568172 45.518315, -122.5672 45.518323, -122.566932 45.518324, -122.566334 45.518326)"
1,15,"LINESTRING (-122.566334 45.518326, -122.566275 45.518326, -122.566121 45.518335, -122.56602 45.518341, -122.564793 45.518333, -122.564206 45.518333, -122.56369 45.518334, -122.563669 45.518334, -122.563147 45.518335)"
1,15,"LINESTRING (-122.563147 45.518335, -122.563033 45.518335, -122.562323 45.518337, -122.562323 45.518245, -122.562337 45.518119, -122.562359 45.518011, -122.562379 45.51794, -122.562405 45.517862, -122.562425 45.517812, -122.562464 45.517726, -122.562526 45.517623, -122.56262 45.5175, -122.562844 45.517229, -122.56301 45.517032, -122.563484 45.516467, -122.563637 45.516288, -122.563773 45.516125, -122.563864 45.516006, -122.56396 45.51586, -122.563989 45.515805)"
1,15,"LINESTRING (-122.563989 45.515805, -122.564068 45.515655, -122.56414 45.515452, -122.564185 45.515279, -122.564202 45.515118, -122.564216 45.514927, -122.564219 45.514669, -122.564223 45.514282, -122.564222 45.514126, -122.564225 45.514035, -122.564054 45.514027, -122.56356 45.514025)"
1,15,"LINESTRING (-122.56356 45.514025, -122.561107 45.514014)"
1,15,"LINESTRING (-122.561107 45.514014, -122.560929 45.514013, -122.560531 45.514013, -122.560245 45.51402, -122.560101 45.514026, -122.560023 45.51403, -122.559944 45.514035, -122.559752 45.514048, -122.559595 45.514062, -122.559448 45.514074, -122.559388 45.514077)"
1,15,"LINESTRING (-122.559388 45.514077, -122.559254 45.514084, -122.558991 45.514093, -122.558824 45.514097, -122.558481 45.514095, -122.557712 45.514096, -122.557585 45.514095, -122.557485 45.514093, -122.557396 45.514089, -122.55731 45.514083, -122.557211 45.514072, -122.556972 45.514042, -122.556879 45.514029, -122.556805 45.514022, -122.55674 45.514018, -122.556671 45.514015, -122.55598 45.513997, -122.555346 45.513979, -122.555285 45.51398, -122.555233 45.513981, -122.555181 45.513986, -122.555138 45.513991, -122.555075 45.514008, -122.554997 45.51405, -122.554951 45.514078, -122.554907 45.514112, -122.554875 45.514148, -122.554849 45.514183, -122.55483 45.514215, -122.554729 45.514466, -122.554703 45.514529, -122.554671 45.514596, -122.554615 45.514694, -122.554606 45.514708, -122.554579 45.51475)"
1,15,"LINESTRING (-122.554579 45.51475, -122.554545 45.5148, -122.554419 45.51496, -122.554346 45.515047, -122.55446 45.515092, -122.554826 45.515238, -122.554929 45.515284, -122.555314 45.515455, -122.555448 45.515511, -122.555647 45.515594)"
1,15,"LINESTRING (-122.555647 45.515594, -122.555819 45.515667, -122.556366 45.515896, -122.55647 45.515938, -122.556514 45.515957, -122.556572 45.515989, -122.556706 45.516093, -122.556831 45.516197, -122.556957 45.516284, -122.557052 45.516362, -122.55714 45.516441, -122.557234 45.516545, -122.557333 45.51667, -122.55743 45.516823, -122.557513 45.516991, -122.557559 45.517106, -122.557592 45.517214, -122.557615 45.51733, -122.557623 45.517418, -122.557627 45.517451, -122.557631 45.517551, -122.557642 45.517754, -122.55765 45.517885, -122.557647 45.518045, -122.557643 45.518208)"
1,15,"LINESTRING (-122.557643 45.518208, -122.557643 45.518251, -122.557645 45.518339, -122.557648 45.518411, -122.557643 45.518521, -122.557638 45.518669, -122.557639 45.518731, -122.557638 45.518852, -122.557641 45.518946, -122.557645 45.51904, -122.557652 45.519159, -122.557697 45.519295, -122.557756 45.51943, -122.557797 45.519498)"
1,15,"LINESTRING (-122.557797 45.519498, -122.557822 45.519536, -122.55789 45.519637, -122.558054 45.519835, -122.558123 45.519942, -122.558174 45.520027, -122.558217 45.52012, -122.558237 45.52017, -122.558256 45.520233, -122.558278 45.520317, -122.558369 45.52039, -122.558342 45.520915, -122.558309 45.521709, -122.558302 45.522142, -122.558298 45.522438)"
1,15,"LINESTRING (-122.558298 45.522438, -122.558297 45.522497, -122.558296 45.522548, -122.558294 45.522623, -122.558293 45.522639, -122.558293 45.522662, -122.558291 45.52273, -122.558289 45.522788, -122.558274 45.523256, -122.55827 45.523365, -122.558255 45.523737, -122.558252 45.523832)"
1,15,"LINESTRING (-122.558252 45.523832, -122.558235 45.524258, -122.558223 45.52458, -122.558182 45.525631, -122.558163 45.526118)"
1,15,"LINESTRING (-122.558163 45.526118, -122.558161 45.526162, -122.55816 45.526279, -122.558151 45.526914, -122.558148 45.527171, -122.558145 45.52739, -122.558139 45.527861, -122.558137 45.528054, -122.558136 45.528094, -122.558123 45.528994, -122.558114 45.529486, -122.558267 45.529487, -122.559244 45.529484, -122.560035 45.529483, -122.560464 45.529482)"
1,15,"LINESTRING (-122.560464 45.529482, -122.561113 45.529481, -122.561828 45.529488, -122.561942 45.529477, -122.562054 45.52947, -122.562594 45.529468, -122.562812 45.529467)"
1,15,"LINESTRING (-122.562812 45.529467, -122.563 45.529466, -122.563066 45.529533, -122.563312 45.529537, -122.563337 45.529537, -122.563394 45.529538, -122.563465 45.529547, -122.563479 45.529549, -122.563548 45.529567, -122.563598 45.529588, -122.563654 45.529653, -122.56368 45.529748, -122.563661 45.529938, -122.56369 45.530105, -122.563858 45.530556)"
0,16,"LINESTRING (-122.672 45.520356, -122.672141 45.520394, -122.672199 45.52041, -122.672227 45.520417, -122.672797 45.520571, -122.673013 45.520629, -122.67312 45.520657, -122.673221 45.520683, -122.673417 45.520735, -122.674102 45.520919, -122.674417 45.521004, -122.675007 45.521162, -122.675127 45.521195, -122.675242 45.521227, -122.67582 45.52138, -122.676047 45.52144, -122.67611 45.521457, -122.676168 45.521473, -122.676272 45.521502, -122.676952 45.521682)"
0,16,"LINESTRING (-122.676952 45.521682, -122.67708 45.521716, -122.677146 45.521735, -122.677205 45.521751, -122.677162 45.521828, -122.676848 45.522399, -122.676775 45.522446, -122.676511 45.522939, -122.676486 45.523003, -122.676468 45.523068, -122.676459 45.523122, -122.676451 45.52319, -122.676473 45.523722, -122.676474 45.523777, -122.676474 45.523839, -122.676497 45.524491, -122.676527 45.525135, -122.676534 45.525203, -122.676508 45.525206, -122.675623 45.525222)"
0,16,"LINESTRING (-122.675623 45.525222, -122.675507 45.525224, -122.675481 45.525224, -122.674483 45.525242, -122.673462 45.52526, -122.673355 45.525261, -122.672598 45.525275)"
0,16,"LINESTRING (-122.672598 45.525275, -122.672572 45.525275, -122.672471 45.525276, -122.672349 45.525277, -122.67187 45.525287, -122.671787 45.52526, -122.671562 45.525259, -122.671455 45.525262, -122.671399 45.525262, -122.671289 45.525266, -122.671255 45.525269, -122.671022 45.525295, -122.670992 45.525298, -122.670863 45.5253, -122.670442 45.525307, -122.670408 45.525312, -122.670367 45.52532, -122.670232 45.525356, -122.670305 45.525505, -122.670393 45.52565, -122.67055 45.525854, -122.670651 45.525975, -122.670794 45.526144, -122.671083 45.526423, -122.6713 45.5266, -122.671609 45.52687, -122.671663 45.526913, -122.671727 45.526961, -122.671799 45.527024, -122.67186 45.527073, -122.671954 45.527148, -122.672687 45.527754, -122.672764 45.527816, -122.673018 45.528021)"
0,16,"LINESTRING (-122.673018 45.528021, -122.673183 45.528153, -122.673514 45.528433, -122.674221 45.529038, -122.674969 45.529655, -122.675059 45.529679, -122.675273 45.529858)"
0,16,"LINESTRING (-122.675273 45.529858, -122.675346 45.52992, -122.675381 45.52995, -122.675573 45.530123, -122.67592 45.530437, -122.676125 45.530609, -122.676436 45.530862, -122.676522 45.530924, -122.676598 45.530978, -122.676728 45.531064, -122.676814 45.531118, -122.676878 45.531155, -122.676981 45.531217, -122.677136 45.531308, -122.677781 45.531673, -122.678016 45.53181, -122.678311 45.531983, -122.678482 45.532082, -122.679271 45.532545, -122.679664 45.532767, -122.679776 45.532831, -122.679873 45.532892, -122.680009 45.532971)"
0,16,"LINESTRING (-122.680009 45.532971, -122.680266 45.53312, -122.681585 45.533888, -122.682002 45.534137, -122.682404 45.534387, -122.682794 45.534624, -122.683207 45.53486, -122.684 45.535322, -122.68479 45.535779, -122.685727 45.536327, -122.685849 45.5364, -122.686019 45.536492)"
0,16,"LINESTRING (-122.686019 45.536492, -122.686048 45.536508, -122.686291 45.536643, -122.687019 45.537068, -122.687344 45.537256, -122.688098 45.537692, -122.688469 45.537908, -122.688582 45.537972, -122.688711 45.538046, -122.688878 45.538143)"
0,16,"LINESTRING (-122.688878 45.538143, -122.688973 45.538199, -122.689199 45.53833, -122.689711 45.538628, -122.690156 45.538897, -122.690511 45.539114, -122.690851 45.539323, -122.691552 45.539754, -122.692235 45.540183, -122.692983 45.540642, -122.693637 45.541044, -122.693885 45.5412)"
0,16,"LINESTRING (-122.693885 45.5412, -122.694031 45.541292, -122.694819 45.541782, -122.695466 45.542149, -122.695589 45.542219, -122.695806 45.542352)"
0,16,"LINESTRING (-122.695806 45.542352, -122.696895 45.543021, -122.696935 45.543045, -122.697387 45.543329, -122.698168 45.543806, -122.698668 45.544119, -122.699033 45.544343)"
0,16,"LINESTRING (-122.699033 45.544343, -122.703308 45.546976, -122.704429 45.54766, -122.704884 45.547938, -122.705032 45.548025, -122.705277 45.548161, -122.705766 45.548407, -122.706244 45.548631, -122.706594 45.548799)"
0,16,"LINESTRING (-122.706594 45.548799, -122.706722 45.548861, -122.706947 45.54897, -122.707359 45.54917, -122.707478 45.549225, -122.707586 45.549275, -122.707764 45.549354, -122.708032 45.549464, -122.708329 45.549575, -122.709775 45.550108, -122.710703 45.550449, -122.71118 45.550619, -122.711413 45.550704, -122.711623 45.550776)"
0,16,"LINESTRING (-122.711623 45.550776, -122.711639 45.550781, -122.711896 45.550858, -122.712141 45.550918, -122.712382 45.55098, -122.712481 45.551008, -122.712594 45.551043, -122.712695 45.551077, -122.712813 45.551117, -122.713039 45.551198, -122.714023 45.551558, -122.714989 45.551918, -122.715445 45.552085, -122.71617 45.552345, -122.71687 45.552602, -122.717238 45.552736, -122.717441 45.552809)"
0,16,"LINESTRING (-122.717441 45.552809, -122.717603 45.552868, -122.718157 45.553072, -122.719336 45.553504, -122.720365 45.55388)"
0,16,"LINESTRING (-122.720365 45.55388, -122.720435 45.553906, -122.721538 45.554314, -122.723248 45.554934, -122.723858 45.55516)"
0,16,"LINESTRING (-122.723858 45.55516, -122.724736 45.555485, -122.725878 45.555904, -122.726197 45.556018, -122.726325 45.556065, -122.726441 45.556108, -122.726554 45.556154, -122.726734 45.556233, -122.726846 45.556285, -122.726928 45.556325, -122.727088 45.556406, -122.727226 45.556473, -122.727305 45.55651, -122.727405 45.556553, -122.727537 45.556606)"
0,16,"LINESTRING (-122.727537 45.556606, -122.727564 45.556617, -122.72769 45.556664, -122.727824 45.556713, -122.728075 45.556805, -122.728454 45.556941, -122.728607 45.556998, -122.729307 45.557255)"
0,16,"LINESTRING (-122.729307 45.557255, -122.729731 45.55741, -122.730663 45.557745, -122.730758 45.557779, -122.730872 45.557819, -122.731009 45.557868, -122.731088 45.557764, -122.731203 45.557618, -122.731416 45.557379, -122.732897 45.555574, -122.733271 45.555113, -122.733307 45.555037, -122.733332 45.554968, -122.733078 45.554852, -122.732662 45.554684, -122.73188 45.554366)"
0,16,"LINESTRING (-122.73188 45.554366, -122.731845 45.554353, -122.731396 45.55417, -122.731473 45.554093, -122.731509 45.554063, -122.73218 45.553648, -122.732818 45.554215, -122.733131 45.554505, -122.733224 45.554609, -122.73326 45.554665, -122.73328 45.554713, -122.733309 45.554826, -122.733332 45.554968, -122.733561 45.555091, -122.733838 45.555256, -122.734111 45.555445, -122.734268 45.555563, -122.734532 45.555797, -122.734743 45.555981, -122.734832 45.556058, -122.734962 45.556167, -122.735074 45.55625, -122.735111 45.556341, -122.735293 45.556456, -122.735519 45.556586, -122.735848 45.556756, -122.736126 45.556881, -122.736379 45.556983, -122.737162 45.557274, -122.737432 45.557384, -122.737695 45.557507, -122.737912 45.557623, -122.738131 45.557749, -122.738344 45.557885, -122.738533 45.558014, -122.739578 45.55882, -122.740076 45.559205, -122.740497 45.559523, -122.741807 45.560532, -122.742223 45.560854, -122.742669 45.561226, -122.742836 45.56129)"
0,16,"LINESTRING (-122.742836 45.56129, -122.742901 45.561343, -122.743083 45.561489, -122.743579 45.561884, -122.743809 45.56207, -122.744098 45.562303, -122.744571 45.562679)"
0,16,"LINESTRING (-122.744571 45.562679, -122.744612 45.562712, -122.745134 45.563129, -122.74554 45.563448, -122.746022 45.563811, -122.746653 45.564271, -122.746903 45.564447)"
0,16,"LINESTRING (-122.746903 45.564447, -122.747636 45.564962, -122.748286 45.56541, -122.749065 45.565934, -122.749774 45.566413, -122.754019 45.56928, -122.754406 45.569552, -122.754597 45.569701, -122.754778 45.569854, -122.754969 45.570034)"
0,16,"LINESTRING (-122.754969 45.570034, -122.755095 45.570153, -122.755241 45.570306, -122.755378 45.570465, -122.755626 45.570777, -122.755867 45.571149, -122.755989 45.571336)"
0,16,"LINESTRING (-122.755989 45.571336, -122.756103 45.571512, -122.756325 45.571824, -122.756514 45.572053, -122.756725 45.572282, -122.758089 45.573711, -122.759286 45.574978)"
0,16,"LINESTRING (-122.759286 45.574978, -122.759438 45.57514, -122.759553 45.575247, -122.759717 45.5754, -122.760636 45.576359, -122.760933 45.576668, -122.761685 45.577455, -122.76206 45.577588, -122.76217 45.577618, -122.762548 45.578035, -122.762842 45.578334, -122.76294 45.578418, -122.763309 45.578705, -122.763703 45.579024, -122.765344 45.580332, -122.765907 45.580766, -122.766177 45.580968, -122.766767 45.581413, -122.76754 45.582017, -122.767991 45.582418, -122.7682 45.582607, -122.768324 45.582711, -122.768443 45.582801, -122.768536 45.582881, -122.768584 45.582929, -122.768619 45.582972, -122.76865 45.583025, -122.768671 45.583063, -122.768681 45.583093, -122.768684 45.583124, -122.768681 45.583159, -122.768672 45.583189, -122.768646 45.583246, -122.768564 45.583274, -122.762141 45.586332, -122.757046 45.588758, -122.756323 45.589102, -122.755644 45.589429, -122.755597 45.589451)"
0,16,"LINESTRING (-122.755597 45.589451, -122.755495 45.589497, -122.755402 45.589532, -122.755326 45.589553, -122.755226 45.589573, -122.755086 45.589518, -122.75478 45.589418, -122.754269 45.589251, -122.753756 45.589084, -122.753344 45.58895, -122.752999 45.588841, -122.752676 45.588741)"
0,16,"LINESTRING (-122.752676 45.588741, -122.752423 45.588662, -122.752076 45.588546, -122.751858 45.588474, -122.751713 45.58842, -122.751596 45.588383, -122.75147 45.588345, -122.751565 45.588203, -122.751721 45.587985, -122.751821 45.587837, -122.751907 45.5877, -122.752095 45.58741, -122.752168 45.587297, -122.752324 45.587055, -122.752656 45.586543, -122.752737 45.586422, -122.752596 45.586389, -122.75179 45.586129, -122.751382 45.586751, -122.75185 45.586902, -122.752324 45.587055, -122.752168 45.587297, -122.752095 45.58741, -122.751958 45.587621)"
0,16,"LINESTRING (-122.751958 45.587621, -122.751907 45.5877, -122.751821 45.587837, -122.751721 45.587985, -122.751565 45.588203, -122.75147 45.588345, -122.751596 45.588383, -122.751713 45.58842, -122.751858 45.588474, -122.752076 45.588546, -122.752423 45.588662, -122.752999 45.588841, -122.753344 45.58895, -122.753756 45.589084, -122.754269 45.589251, -122.75478 45.589418, -122.754822 45.589431)"
0,16,"LINESTRING (-122.754822 45.589431, -122.755086 45.589518, -122.755226 45.589573, -122.755326 45.589553, -122.755402 45.589532, -122.755495 45.589497, -122.755597 45.589451, -122.756166 45.589178)"
0,16,"LINESTRING (-122.756166 45.589178, -122.756323 45.589102, -122.757046 45.588758, -122.762141 45.586332, -122.768564 45.583274, -122.768646 45.583246, -122.768789 45.583265, -122.768841 45.583275, -122.768888 45.583284, -122.768937 45.583298, -122.768978 45.583315, -122.769026 45.583337, -122.769128 45.583412, -122.769373 45.583628, -122.769662 45.583905, -122.769957 45.584174, -122.770043 45.58425, -122.770099 45.584294, -122.770341 45.584448, -122.770398 45.584477, -122.770508 45.584548, -122.770625 45.584616, -122.770815 45.584717, -122.771037 45.584847, -122.771096 45.584886, -122.771128 45.58491, -122.771157 45.584935, -122.771433 45.585196, -122.77147 45.585236)"
0,16,"LINESTRING (-122.77147 45.585236, -122.771485 45.585252, -122.772406 45.586162, -122.772535 45.586312)"
0,16,"LINESTRING (-122.772535 45.586312, -122.772619 45.586409, -122.772785 45.586598, -122.772922 45.586735, -122.773048 45.586854, -122.773251 45.587016, -122.773428 45.587145, -122.773613 45.587268, -122.773685 45.587324, -122.773716 45.587352)"
0,16,"LINESTRING (-122.773716 45.587352, -122.773748 45.587383, -122.773802 45.587443, -122.773831 45.587487, -122.773824 45.587549, -122.773801 45.58759, -122.773727 45.587665, -122.774119 45.587875, -122.774469 45.588071, -122.775341 45.588544, -122.776324 45.589077)"
0,16,"LINESTRING (-122.776324 45.589077, -122.776568 45.589209, -122.777394 45.589662, -122.777734 45.589854, -122.77813 45.590093, -122.77828 45.590182, -122.778495 45.590331, -122.778837 45.590592, -122.779255 45.590974, -122.779295 45.591061, -122.780059 45.591801, -122.780809 45.592538, -122.781019 45.592748)"
0,16,"LINESTRING (-122.781019 45.592748, -122.781344 45.593073, -122.78176 45.593521, -122.781878 45.593583, -122.782082 45.593797, -122.782273 45.594023, -122.782663 45.594497, -122.782658 45.594582, -122.782862 45.59485)"
0,16,"LINESTRING (-122.782862 45.59485, -122.783119 45.595186, -122.78358 45.595806, -122.783719 45.595887, -122.784372 45.596752, -122.784447 45.596858, -122.784611 45.597078)"
0,16,"LINESTRING (-122.784611 45.597078, -122.785552 45.598332, -122.785708 45.598537)"
0,16,"LINESTRING (-122.785708 45.598537, -122.785784 45.598635, -122.785844 45.598716, -122.785896 45.598788, -122.786319 45.599354, -122.786538 45.599673, -122.786691 45.599911)"
0,16,"LINESTRING (-122.786691 45.599911, -122.786745 45.599996, -122.787152 45.600667, -122.78738 45.601035, -122.787484 45.601186)"
0,16,"LINESTRING (-122.787484 45.601186, -122.787572 45.601316, -122.787784 45.601595, -122.788032 45.601923, -122.789144 45.603276, -122.789312 45.603479)"
0,16,"LINESTRING (-122.789312 45.603479, -122.789426 45.603617, -122.789445 45.603735, -122.790052 45.604468, -122.790422 45.604917, -122.790571 45.605, -122.791332 45.605916, -122.79183 45.60649, -122.792289 45.606979, -122.792715 45.607405, -122.79316 45.607828, -122.793448 45.608086, -122.79591 45.610385, -122.796134 45.610594)"
0,16,"LINESTRING (-122.796134 45.610594, -122.796885 45.611296, -122.797655 45.611997, -122.797968 45.612264, -122.798371 45.612584, -122.798772 45.612871, -122.799829 45.61354, -122.799998 45.613644)"
0,16,"LINESTRING (-122.799998 45.613644, -122.801528 45.614588, -122.806433 45.617604, -122.806832 45.617848, -122.806931 45.617905, -122.809034 45.619202, -122.809534 45.619513, -122.81003 45.619834, -122.810323 45.620042, -122.810605 45.620266, -122.811004 45.620631, -122.81108 45.620701)"
0,16,"LINESTRING (-122.81108 45.620701, -122.811368 45.620965, -122.811806 45.62141, -122.812584 45.622171, -122.812941 45.622494, -122.813331 45.622825, -122.813763 45.623171, -122.814235 45.623527, -122.815411 45.624374, -122.816597 45.625215, -122.81665 45.625253)"
0,16,"LINESTRING (-122.81665 45.625253, -122.817529 45.62587, -122.818081 45.626239, -122.81849 45.626507, -122.818352 45.626606, -122.81806 45.626792, -122.817785 45.626955, -122.817226 45.627279, -122.815492 45.628313, -122.815149 45.628512, -122.81501 45.628603, -122.814919 45.628678, -122.814846 45.628756, -122.814771 45.628866, -122.814741 45.628927, -122.814708 45.628999, -122.814692 45.629069, -122.814682 45.629126, -122.814681 45.629194, -122.81469 45.629257, -122.814703 45.629332, -122.814726 45.629401, -122.814764 45.629473, -122.814799 45.629531, -122.814852 45.629607, -122.814915 45.629675, -122.815003 45.62975, -122.815265 45.629934, -122.815491 45.630087, -122.815678 45.630103, -122.815786 45.630094, -122.815892 45.630068, -122.815987 45.630031, -122.816056 45.629985, -122.816117 45.629919, -122.816149 45.629858, -122.816164 45.629799, -122.816162 45.629672, -122.815747 45.629296, -122.815353 45.628947, -122.815273 45.628875, -122.815173 45.628935, -122.815111 45.628988, -122.815055 45.629035, -122.815015 45.629069, -122.814991 45.629106, -122.814984 45.629156, -122.814999 45.629192, -122.815099 45.629345, -122.815124 45.629398, -122.81516 45.629436, -122.815189 45.629448, -122.815219 45.62945, -122.815299 45.629433, -122.815446 45.629391, -122.815466 45.629385)"
1,16,"LINESTRING (-122.815466 45.629385, -122.815547 45.629362, -122.81563 45.629335, -122.815747 45.629296, -122.816162 45.629672, -122.816164 45.629799, -122.816149 45.629858, -122.816117 45.629919, -122.816056 45.629985, -122.815987 45.630031, -122.815892 45.630068, -122.815786 45.630094, -122.815678 45.630103, -122.815491 45.630087, -122.815265 45.629934, -122.815003 45.62975, -122.814915 45.629675, -122.814852 45.629607, -122.814799 45.629531, -122.814764 45.629473, -122.814726 45.629401, -122.814703 45.629332, -122.81469 45.629257, -122.814681 45.629194, -122.814682 45.629126, -122.814692 45.629069, -122.814708 45.628999, -122.814741 45.628927, -122.814771 45.628866, -122.814846 45.628756, -122.814919 45.628678, -122.81501 45.628603, -122.815149 45.628512, -122.815492 45.628313, -122.817226 45.627279, -122.817785 45.626955, -122.81806 45.626792, -122.818352 45.626606, -122.81849 45.626507, -122.818081 45.626239, -122.817529 45.62587, -122.816597 45.625215, -122.816542 45.625176)"
1,16,"LINESTRING (-122.816542 45.625176, -122.815411 45.624374, -122.814235 45.623527, -122.813763 45.623171, -122.813331 45.622825, -122.812941 45.622494, -122.812584 45.622171, -122.811806 45.62141, -122.811492 45.621092)"
1,16,"LINESTRING (-122.811492 45.621092, -122.811368 45.620965, -122.811004 45.620631, -122.810605 45.620266, -122.810323 45.620042, -122.81003 45.619834, -122.809534 45.619513, -122.809034 45.619202, -122.807133 45.61803)"
1,16,"LINESTRING (-122.807133 45.61803, -122.806931 45.617905, -122.806832 45.617848, -122.806433 45.617604, -122.801742 45.61472)"
1,16,"LINESTRING (-122.801742 45.61472, -122.801528 45.614588, -122.799829 45.61354, -122.798772 45.612871, -122.798371 45.612584, -122.797968 45.612264, -122.797655 45.611997, -122.796885 45.611296, -122.79591 45.610385, -122.795735 45.610221)"
1,16,"LINESTRING (-122.795735 45.610221, -122.793448 45.608086, -122.79316 45.607828, -122.792715 45.607405, -122.792289 45.606979, -122.79183 45.60649, -122.791332 45.605916, -122.790571 45.605, -122.790543 45.604874, -122.790167 45.604424, -122.789566 45.603691, -122.789426 45.603617, -122.789337 45.60351)"
1,16,"LINESTRING (-122.789337 45.60351, -122.789144 45.603276, -122.788032 45.601923, -122.787944 45.601807)"
1,16,"LINESTRING (-122.787944 45.601807, -122.787784 45.601595, -122.787572 45.601316, -122.78738 45.601035, -122.787152 45.600667, -122.786745 45.599996, -122.786538 45.599673, -122.786319 45.599354, -122.785936 45.598841)"
1,16,"LINESTRING (-122.785936 45.598841, -122.785896 45.598788, -122.785844 45.598716, -122.785784 45.598635, -122.785552 45.598332, -122.784447 45.596858, -122.784372 45.596752, -122.784063 45.596343)"
1,16,"LINESTRING (-122.784063 45.596343, -122.783719 45.595887, -122.783695 45.595756, -122.782776 45.594539, -122.782663 45.594497)"
1,16,"LINESTRING (-122.782663 45.594497, -122.782625 45.594451, -122.782273 45.594023, -122.782082 45.593797, -122.781878 45.593583, -122.781866 45.593481, -122.781444 45.593035, -122.780902 45.592485, -122.780612 45.592203)"
1,16,"LINESTRING (-122.780612 45.592203, -122.780553 45.592145, -122.779863 45.591462, -122.779386 45.591008, -122.779255 45.590974, -122.778837 45.590592, -122.778495 45.590331, -122.77828 45.590182)"
1,16,"LINESTRING (-122.77828 45.590182, -122.778203 45.590136, -122.77813 45.590093, -122.777734 45.589854, -122.777394 45.589662, -122.776568 45.589209, -122.775341 45.588544, -122.774895 45.588302)"
1,16,"LINESTRING (-122.774895 45.588302, -122.774469 45.588071, -122.774346 45.587893, -122.77396 45.587531, -122.773812 45.587409, -122.773748 45.587383, -122.773685 45.587324, -122.773613 45.587268, -122.773428 45.587145, -122.773251 45.587016, -122.773048 45.586854, -122.772922 45.586735, -122.772785 45.586598, -122.772698 45.586499)"
1,16,"LINESTRING (-122.772698 45.586499, -122.772619 45.586409, -122.772406 45.586162, -122.771519 45.585285)"
1,16,"LINESTRING (-122.771519 45.585285, -122.771485 45.585252, -122.771433 45.585196, -122.771157 45.584935, -122.771128 45.58491, -122.771096 45.584886, -122.771037 45.584847, -122.770815 45.584717, -122.770625 45.584616, -122.770508 45.584548, -122.770398 45.584477, -122.770341 45.584448, -122.770099 45.584294, -122.770043 45.58425, -122.769957 45.584174, -122.769662 45.583905, -122.769373 45.583628, -122.769128 45.583412, -122.769026 45.583337, -122.768978 45.583315, -122.768937 45.583298, -122.768888 45.583284, -122.768841 45.583275, -122.768789 45.583265, -122.768646 45.583246, -122.768564 45.583274, -122.762141 45.586332, -122.757046 45.588758, -122.756323 45.589102, -122.755597 45.589451, -122.755495 45.589497, -122.755402 45.589532, -122.755326 45.589553, -122.755226 45.589573, -122.755086 45.589518, -122.75478 45.589418, -122.754269 45.589251, -122.753756 45.589084, -122.753344 45.58895, -122.752999 45.588841, -122.752676 45.588741)"
1,16,"LINESTRING (-122.752676 45.588741, -122.752423 45.588662, -122.752076 45.588546, -122.751858 45.588474, -122.751713 45.58842, -122.751596 45.588383, -122.75147 45.588345, -122.751565 45.588203, -122.751721 45.587985, -122.751821 45.587837, -122.751907 45.5877, -122.752095 45.58741, -122.752168 45.587297, -122.752324 45.587055, -122.752656 45.586543, -122.752737 45.586422, -122.752596 45.586389, -122.75179 45.586129, -122.751382 45.586751, -122.75185 45.586902, -122.752324 45.587055, -122.752168 45.587297, -122.752095 45.58741, -122.751958 45.587621)"
1,16,"LINESTRING (-122.751958 45.587621, -122.751907 45.5877, -122.751821 45.587837, -122.751721 45.587985, -122.751565 45.588203, -122.75147 45.588345, -122.751596 45.588383, -122.751713 45.58842, -122.751858 45.588474, -122.752076 45.588546, -122.752423 45.588662, -122.752999 45.588841, -122.753344 45.58895, -122.753756 45.589084, -122.754269 45.589251, -122.75478 45.589418, -122.754822 45.589431)"
1,16,"LINESTRING (-122.754822 45.589431, -122.755086 45.589518, -122.755226 45.589573, -122.755326 45.589553, -122.755402 45.589532, -122.755495 45.589497, -122.755597 45.589451, -122.756166 45.589178)"
1,16,"LINESTRING (-122.756166 45.589178, -122.756323 45.589102, -122.757046 45.588758, -122.762141 45.586332, -122.768564 45.583274, -122.768646 45.583246, -122.768672 45.583189, -122.768681 45.583159, -122.768684 45.583124, -122.768681 45.583093, -122.768671 45.583063, -122.76865 45.583025, -122.768619 45.582972, -122.768584 45.582929, -122.768536 45.582881, -122.768443 45.582801, -122.768324 45.582711, -122.7682 45.582607, -122.767991 45.582418, -122.76754 45.582017, -122.766767 45.581413, -122.766177 45.580968, -122.765907 45.580766, -122.765344 45.580332, -122.763703 45.579024, -122.763309 45.578705, -122.76294 45.578418, -122.762842 45.578334, -122.762548 45.578035, -122.76217 45.577618, -122.761604 45.577107, -122.761167 45.576722, -122.760933 45.576668, -122.760636 45.576359, -122.759717 45.5754)"
1,16,"LINESTRING (-122.759717 45.5754, -122.759697 45.575382, -122.759553 45.575247, -122.759438 45.57514, -122.758089 45.573711, -122.756725 45.572282, -122.756514 45.572053, -122.756325 45.571824, -122.756103 45.571512, -122.755867 45.571149, -122.755626 45.570777, -122.755378 45.570465, -122.755241 45.570306, -122.755095 45.570153, -122.754778 45.569854, -122.754597 45.569701, -122.754406 45.569552)"
1,16,"LINESTRING (-122.754406 45.569552, -122.754019 45.56928, -122.749774 45.566413, -122.749065 45.565934, -122.748286 45.56541, -122.747636 45.564962, -122.746653 45.564271, -122.746363 45.564059)"
1,16,"LINESTRING (-122.746363 45.564059, -122.746022 45.563811, -122.74554 45.563448, -122.745134 45.563129, -122.744673 45.562761)"
1,16,"LINESTRING (-122.744673 45.562761, -122.744612 45.562712, -122.744098 45.562303, -122.743809 45.56207, -122.743579 45.561884, -122.743083 45.561489, -122.742836 45.56129)"
1,16,"LINESTRING (-122.742836 45.56129, -122.742821 45.561254, -122.742796 45.561192, -122.742407 45.560878, -122.742309 45.560801, -122.740549 45.559444, -122.739649 45.558765, -122.738772 45.558083, -122.738578 45.557939, -122.738181 45.55768, -122.737733 45.557438, -122.737496 45.557325, -122.737249 45.557223, -122.736448 45.556922, -122.736184 45.556818, -122.735926 45.556702, -122.735708 45.556595, -122.735594 45.556531, -122.735383 45.556397, -122.735209 45.556279, -122.735074 45.55625, -122.734962 45.556167, -122.734832 45.556058, -122.734743 45.555981, -122.734532 45.555797, -122.734268 45.555563, -122.734111 45.555445, -122.733838 45.555256, -122.733561 45.555091, -122.733332 45.554968, -122.733078 45.554852, -122.732662 45.554684, -122.73188 45.554366)"
1,16,"LINESTRING (-122.73188 45.554366, -122.731845 45.554353, -122.731396 45.55417, -122.731473 45.554093, -122.731509 45.554063, -122.73218 45.553648, -122.732818 45.554215, -122.733131 45.554505, -122.733224 45.554609, -122.73326 45.554665, -122.73328 45.554713, -122.733309 45.554826, -122.733332 45.554968, -122.733307 45.555037, -122.733271 45.555113, -122.732897 45.555574, -122.731416 45.557379, -122.731203 45.557618, -122.731088 45.557764, -122.731009 45.557868, -122.730872 45.557819, -122.730758 45.557779, -122.730663 45.557745, -122.729884 45.557465)"
1,16,"LINESTRING (-122.729884 45.557465, -122.729731 45.55741, -122.728607 45.556998, -122.728454 45.556941, -122.728075 45.556805, -122.727824 45.556713, -122.72769 45.556664, -122.727537 45.556606, -122.727405 45.556553, -122.727305 45.55651, -122.727226 45.556473, -122.727088 45.556406, -122.726928 45.556325, -122.726846 45.556285, -122.726734 45.556233, -122.726554 45.556154, -122.726441 45.556108, -122.726325 45.556065, -122.726197 45.556018, -122.725878 45.555904, -122.724736 45.555485, -122.723931 45.555187)"
1,16,"LINESTRING (-122.723931 45.555187, -122.723248 45.554934, -122.721538 45.554314, -122.720435 45.553906, -122.720186 45.553815)"
1,16,"LINESTRING (-122.720186 45.553815, -122.719336 45.553504, -122.718157 45.553072, -122.717674 45.552894)"
1,16,"LINESTRING (-122.717674 45.552894, -122.717603 45.552868, -122.717238 45.552736, -122.71687 45.552602, -122.71617 45.552345, -122.715445 45.552085, -122.714989 45.551918, -122.714023 45.551558, -122.713217 45.551264)"
1,16,"LINESTRING (-122.713217 45.551264, -122.713039 45.551198, -122.712813 45.551117, -122.712695 45.551077, -122.712594 45.551043, -122.712481 45.551008, -122.712382 45.55098, -122.712141 45.550918, -122.711896 45.550858, -122.711639 45.550781, -122.711413 45.550704, -122.71118 45.550619, -122.710703 45.550449, -122.709775 45.550108, -122.708329 45.549575, -122.708032 45.549464, -122.707764 45.549354, -122.707586 45.549275, -122.707478 45.549225, -122.707359 45.54917, -122.706947 45.54897, -122.706722 45.548861, -122.706244 45.548631, -122.70586 45.548451)"
1,16,"LINESTRING (-122.70586 45.548451, -122.705766 45.548407, -122.705277 45.548161, -122.705032 45.548025, -122.704884 45.547938, -122.704429 45.54766, -122.703308 45.546976, -122.698668 45.544119, -122.698403 45.543953)"
1,16,"LINESTRING (-122.698403 45.543953, -122.698168 45.543806, -122.697387 45.543329, -122.696935 45.543045, -122.696895 45.543021, -122.695608 45.542231)"
1,16,"LINESTRING (-122.695608 45.542231, -122.695589 45.542219, -122.695466 45.542149, -122.694819 45.541782, -122.694121 45.541348)"
1,16,"LINESTRING (-122.694121 45.541348, -122.694031 45.541292, -122.693637 45.541044, -122.692983 45.540642, -122.692235 45.540183, -122.691552 45.539754, -122.690851 45.539323, -122.690511 45.539114, -122.690156 45.538897, -122.689711 45.538628, -122.689199 45.53833, -122.688973 45.538199, -122.688761 45.538076)"
1,16,"LINESTRING (-122.688761 45.538076, -122.688711 45.538046, -122.688582 45.537972, -122.688469 45.537908, -122.688098 45.537692, -122.687344 45.537256, -122.687019 45.537068, -122.686291 45.536643, -122.686048 45.536508, -122.685849 45.5364, -122.685727 45.536327, -122.685407 45.53614)"
1,16,"LINESTRING (-122.685407 45.53614, -122.68479 45.535779, -122.684 45.535322, -122.683207 45.53486, -122.682794 45.534624, -122.682404 45.534387, -122.682002 45.534137, -122.681585 45.533888, -122.680266 45.53312, -122.679873 45.532892, -122.679776 45.532831, -122.679664 45.532767, -122.679438 45.53264)"
1,16,"LINESTRING (-122.679438 45.53264, -122.679271 45.532545, -122.678482 45.532082, -122.678311 45.531983, -122.678016 45.53181, -122.677781 45.531673, -122.677136 45.531308, -122.676981 45.531217, -122.676878 45.531155, -122.676814 45.531118, -122.676728 45.531064, -122.676598 45.530978, -122.676522 45.530924, -122.676436 45.530862, -122.676125 45.530609, -122.67592 45.530437, -122.675573 45.530123, -122.675439 45.530002)"
1,16,"LINESTRING (-122.675439 45.530002, -122.675381 45.52995, -122.675346 45.52992, -122.675059 45.529679, -122.675054 45.529617, -122.674315 45.528985, -122.673363 45.528203, -122.673103 45.527979, -122.672852 45.527768, -122.672771 45.527701, -122.672563 45.527525)"
1,16,"LINESTRING (-122.672563 45.527525, -122.672424 45.527408, -122.672241 45.527261, -122.671998 45.527073, -122.671919 45.527013, -122.671886 45.526986, -122.671803 45.526921, -122.67169 45.526824, -122.671522 45.526674, -122.671368 45.52654, -122.671132 45.526335, -122.671037 45.526237, -122.670887 45.526066, -122.670746 45.525898, -122.670684 45.525822, -122.670619 45.525738, -122.670524 45.525607, -122.670427 45.525448, -122.670395 45.525387, -122.670367 45.52532, -122.670335 45.525236, -122.67031 45.525153, -122.670284 45.525023, -122.670269 45.524875, -122.670258 45.524697, -122.670259 45.524599, -122.67027 45.524495, -122.670313 45.524218, -122.670346 45.523957, -122.670352 45.523889, -122.670354 45.523816, -122.670352 45.5236)"
1,16,"LINESTRING (-122.670352 45.5236, -122.670352 45.52355, -122.670334 45.523202, -122.670333 45.523115, -122.670331 45.523061, -122.670324 45.522907, -122.670308 45.52251, -122.670303 45.522428, -122.670241 45.52237, -122.670245 45.522314, -122.670252 45.52223, -122.670262 45.522144, -122.670276 45.522047, -122.670342 45.521615, -122.670398 45.521484, -122.670494 45.521399, -122.670815 45.520805, -122.67114 45.520202, -122.671176 45.520138, -122.671289 45.520166, -122.671418 45.520201, -122.671606 45.520251, -122.672 45.520356)"
1,16,"LINESTRING (-122.672 45.520356, -122.672141 45.520394, -122.672199 45.52041, -122.672227 45.520417, -122.672797 45.520571, -122.673013 45.520629, -122.67312 45.520657, -122.673221 45.520683, -122.673417 45.520735, -122.674102 45.520919, -122.674417 45.521004, -122.675007 45.521162, -122.675127 45.521195, -122.675242 45.521227, -122.67582 45.52138, -122.676047 45.52144, -122.67611 45.521457, -122.676168 45.521473, -122.676272 45.521502, -122.676952 45.521682)"
0,17,"LINESTRING (-122.639905 45.572817, -122.639975 45.572837, -122.640468 45.572992, -122.640598 45.573019, -122.640732 45.57303, -122.64085 45.573025, -122.640944 45.572999, -122.641041 45.572962, -122.641105 45.572921, -122.641153 45.572856, -122.641222 45.572723, -122.641277 45.572599, -122.641316 45.572485, -122.641342 45.572366, -122.641351 45.572257, -122.641351 45.571967)"
0,17,"LINESTRING (-122.641351 45.571967, -122.641351 45.571872, -122.640818 45.571873, -122.640284 45.571874, -122.63975 45.571877, -122.639214 45.571876, -122.638721 45.571877)"
0,17,"LINESTRING (-122.638721 45.571877, -122.638683 45.571877, -122.638141 45.571878, -122.638146 45.570506, -122.638147 45.569486, -122.638147 45.569229)"
0,17,"LINESTRING (-122.638147 45.569229, -122.638148 45.569138, -122.638148 45.568486, -122.638147 45.568304)"
0,17,"LINESTRING (-122.638147 45.568304, -122.638147 45.568228, -122.638152 45.566762, -122.638153 45.566516)"
0,17,"LINESTRING (-122.638153 45.566516, -122.638154 45.566391, -122.638154 45.564534)"
0,17,"LINESTRING (-122.638154 45.564534, -122.638154 45.564442, -122.638155 45.562837)"
0,17,"LINESTRING (-122.638155 45.562837, -122.638155 45.562701, -122.637866 45.562702, -122.637875 45.561531, -122.637888 45.560389)"
0,17,"LINESTRING (-122.637888 45.560389, -122.637889 45.560294, -122.637896 45.559048, -122.637898 45.558827)"
0,17,"LINESTRING (-122.637898 45.558827, -122.637908 45.557667, -122.637909 45.557603)"
0,17,"LINESTRING (-122.637909 45.557603, -122.637919 45.556321, -122.637926 45.555496)"
0,17,"LINESTRING (-122.637926 45.555496, -122.637927 45.555397, -122.637926 45.55433, -122.636911 45.554328, -122.636001 45.554323)"
0,17,"LINESTRING (-122.636001 45.554323, -122.635902 45.554322, -122.635904 45.55306, -122.635911 45.551991)"
0,17,"LINESTRING (-122.635911 45.551991, -122.635911 45.55189, -122.635914 45.55109, -122.635915 45.550418)"
0,17,"LINESTRING (-122.635915 45.550418, -122.635916 45.550283, -122.635917 45.549971, -122.636123 45.5499, -122.636377 45.549818, -122.636631 45.549745, -122.636869 45.549692, -122.637067 45.549654, -122.637188 45.54964, -122.637296 45.549634, -122.637362 45.549632, -122.637417 45.549634, -122.637525 45.549641, -122.63762 45.549658, -122.637701 45.549677, -122.637954 45.549753, -122.638084 45.549787, -122.638322 45.549831, -122.638494 45.549849, -122.6386 45.549856, -122.638692 45.549857, -122.638779 45.549852, -122.63889 45.549842, -122.638984 45.549829)"
0,17,"LINESTRING (-122.638984 45.549829, -122.639091 45.549815, -122.639351 45.549765, -122.639541 45.549707, -122.639703 45.549644, -122.639891 45.549579, -122.640104 45.549521, -122.64027 45.549484, -122.640427 45.549463, -122.640575 45.549448, -122.640665 45.549444, -122.640754 45.549442, -122.641106 45.549439, -122.641112 45.548387)"
0,17,"LINESTRING (-122.641112 45.548387, -122.641113 45.548228, -122.641114 45.548165, -122.641117 45.547531, -122.641119 45.546783)"
0,17,"LINESTRING (-122.641119 45.546783, -122.64112 45.546697, -122.641124 45.545942, -122.641124 45.545786, -122.641126 45.545692, -122.641126 45.545236)"
0,17,"LINESTRING (-122.641126 45.545236, -122.641126 45.545228, -122.641125 45.545158, -122.641124 45.545101, -122.64113 45.544207, -122.64113 45.543622, -122.641137 45.542187)"
0,17,"LINESTRING (-122.641137 45.542187, -122.641137 45.542061, -122.641138 45.541974, -122.641154 45.540574, -122.64118 45.540572, -122.641205 45.540566, -122.641227 45.540554, -122.641243 45.540539, -122.641253 45.540522, -122.641256 45.540501, -122.641251 45.540485, -122.64124 45.540468, -122.641223 45.540454, -122.641201 45.540444, -122.641176 45.540437, -122.641154 45.540436, -122.641163 45.539048, -122.641163 45.539034, -122.641187 45.539032, -122.641206 45.539026, -122.641234 45.539012)"
0,17,"LINESTRING (-122.641234 45.539012, -122.641248 45.538998, -122.641257 45.538982, -122.641261 45.538965, -122.641259 45.538952, -122.641255 45.538939, -122.64124 45.53892, -122.641219 45.538906, -122.641191 45.538896, -122.641158 45.538892, -122.641159 45.538881, -122.641146 45.538323, -122.641147 45.538071, -122.64115 45.537482, -122.641175 45.53748, -122.641197 45.537475, -122.641217 45.537465, -122.641232 45.537452, -122.641242 45.537436, -122.641246 45.537419, -122.641241 45.537399, -122.641227 45.537381, -122.641206 45.537367, -122.641179 45.537358, -122.64115 45.537356, -122.64116 45.536506)"
0,17,"LINESTRING (-122.64116 45.536506, -122.641161 45.536431, -122.641167 45.53578, -122.641167 45.535735, -122.641166 45.535347, -122.641191 45.535208, -122.6412 45.535119, -122.641306 45.535105, -122.641379 45.535095, -122.641601 45.535058)"
0,17,"LINESTRING (-122.641601 45.535058, -122.641746 45.535034, -122.641837 45.535022, -122.641964 45.535012, -122.642104 45.53501, -122.642318 45.535008, -122.642999 45.535006, -122.643396 45.535007, -122.643611 45.535008, -122.643958 45.535009, -122.644712 45.535011, -122.644834 45.535011, -122.645091 45.535013, -122.645338 45.535013)"
0,17,"LINESTRING (-122.645338 45.535013, -122.645966 45.535016, -122.646496 45.535019, -122.646667 45.53502, -122.648449 45.535026, -122.648999 45.535028, -122.649368 45.535029, -122.649655 45.535029, -122.649859 45.53503)"
0,17,"LINESTRING (-122.649859 45.53503, -122.650389 45.535031, -122.650589 45.535031, -122.651021 45.535034, -122.651101 45.535034, -122.651505 45.535036, -122.652098 45.535038, -122.65253 45.535039, -122.653293 45.535042, -122.653407 45.535042)"
0,17,"LINESTRING (-122.653407 45.535042, -122.653537 45.535042, -122.65361 45.535041, -122.65455 45.535045, -122.654628 45.535045, -122.655564 45.535047, -122.65604 45.53505, -122.656398 45.535052)"
0,17,"LINESTRING (-122.656398 45.535052, -122.656473 45.535053, -122.656583 45.535052, -122.656685 45.535051, -122.657083 45.535053, -122.657267 45.535053, -122.657596 45.535055, -122.658468 45.535058)"
0,17,"LINESTRING (-122.658468 45.535058, -122.658608 45.535058, -122.658699 45.535059, -122.659222 45.53506, -122.659507 45.53506, -122.659618 45.535068, -122.65973 45.535076, -122.65992 45.535076, -122.66033 45.535078, -122.660628 45.535079, -122.660743 45.53508, -122.661179 45.53508, -122.661449 45.535081, -122.661521 45.535084, -122.661653 45.535088, -122.661787 45.535091, -122.661986 45.535092)"
0,17,"LINESTRING (-122.661986 45.535092, -122.662669 45.535095, -122.663512 45.535098)"
0,17,"LINESTRING (-122.663512 45.535098, -122.66368 45.535099, -122.664693 45.535101, -122.665324 45.5351, -122.665613 45.535099, -122.665703 45.535099, -122.666034 45.5351, -122.666229 45.535101, -122.666401 45.535101, -122.666607 45.535106, -122.666686 45.535103, -122.666749 45.535101, -122.666916 45.535096, -122.667086 45.535103, -122.667336 45.535108, -122.667509 45.535108)"
0,17,"LINESTRING (-122.667509 45.535108, -122.667633 45.535108, -122.667757 45.535114, -122.667891 45.535121, -122.6682 45.535121, -122.668295 45.535119, -122.668368 45.53511, -122.668422 45.5351, -122.668491 45.535082, -122.668558 45.535052, -122.668632 45.535012, -122.668881 45.53487, -122.669105 45.534746, -122.669332 45.534621, -122.669579 45.534483, -122.669654 45.534441, -122.669889 45.53431, -122.670007 45.534244, -122.670182 45.534147)"
0,17,"LINESTRING (-122.670182 45.534147, -122.670379 45.534037, -122.670456 45.533992, -122.67052 45.533955, -122.670952 45.53371, -122.671139 45.533604, -122.671256 45.533533, -122.671392 45.533449, -122.671791 45.533212, -122.671837 45.533167, -122.671866 45.533132, -122.672074 45.533013, -122.673719 45.532094, -122.67413 45.531864, -122.674537 45.531637, -122.676307 45.530649, -122.676938 45.530298, -122.677227 45.530132, -122.677269 45.530106, -122.677316 45.530072, -122.677429 45.529988, -122.677466 45.529962, -122.677496 45.529943, -122.677534 45.529924, -122.677564 45.529911, -122.6776 45.5299, -122.67761 45.529875, -122.677631 45.529828, -122.677653 45.529777, -122.677665 45.529736, -122.677669 45.52971, -122.677678 45.529627, -122.677656 45.528948, -122.677647 45.528661, -122.677646 45.528615, -122.677641 45.528252, -122.677634 45.528042, -122.677472 45.528048, -122.677455 45.528048, -122.67698 45.528058)"
0,17,"LINESTRING (-122.67698 45.528058, -122.676716 45.528064, -122.676628 45.528053, -122.676541 45.528043, -122.676462 45.528044, -122.676352 45.528053, -122.675736 45.528069, -122.675676 45.528066, -122.675584 45.528047, -122.675576 45.527963, -122.675562 45.527639, -122.675559 45.527546, -122.675554 45.527435, -122.675551 45.527361, -122.675548 45.527298, -122.675529 45.52673, -122.675528 45.526702, -122.675527 45.526645, -122.675524 45.526585, -122.675512 45.52599, -122.67551 45.52593, -122.675481 45.525224, -122.675459 45.524707)"
0,17,"LINESTRING (-122.675459 45.524707, -122.675451 45.524508, -122.675457 45.524455, -122.675435 45.523856, -122.675434 45.523796, -122.675433 45.523744, -122.675414 45.523208, -122.675403 45.523141, -122.675386 45.523025, -122.67538 45.522962, -122.675383 45.522922, -122.675394 45.52288, -122.675478 45.522703, -122.675527 45.522612, -122.675542 45.52258, -122.675556 45.522549, -122.67573 45.522184, -122.67575 45.522128, -122.675774 45.52206, -122.676064 45.521534, -122.67611 45.521457, -122.67616 45.52137, -122.676395 45.520922)"
0,17,"LINESTRING (-122.676395 45.520922, -122.676429 45.520857, -122.676466 45.52079, -122.676796 45.520181, -122.676825 45.520125, -122.676865 45.520048, -122.677133 45.519566, -122.677166 45.519507, -122.67719 45.519457, -122.677239 45.519358, -122.677521 45.518833, -122.677543 45.518798, -122.67756 45.51877, -122.677579 45.51874, -122.677878 45.518179, -122.677899 45.518142, -122.677916 45.518112, -122.677953 45.518045, -122.6782 45.517579)"
0,17,"LINESTRING (-122.6782 45.517579, -122.678221 45.517539, -122.678283 45.517462, -122.678644 45.516795, -122.679004 45.51613, -122.679366 45.515462, -122.67973 45.51479, -122.680012 45.514269)"
0,17,"LINESTRING (-122.680012 45.514269, -122.680086 45.514133, -122.680448 45.513466, -122.680565 45.513249, -122.68069 45.513019, -122.68081 45.512796, -122.680848 45.512727, -122.68104 45.512371, -122.68117 45.512133, -122.681241 45.512001, -122.681401 45.511705, -122.681461 45.511595, -122.68153 45.511468, -122.68154 45.511448, -122.681664 45.511222, -122.68183 45.510914, -122.681849 45.510879)"
0,17,"LINESTRING (-122.681849 45.510879, -122.681893 45.510797, -122.682043 45.510523, -122.682095 45.510426, -122.682195 45.510239, -122.682253 45.510133, -122.682522 45.509636, -122.682613 45.509467, -122.682839 45.50905, -122.682943 45.508858, -122.682973 45.508787, -122.682988 45.508748, -122.683002 45.50871, -122.683042 45.5086, -122.683023 45.508493, -122.683022 45.508434, -122.68303 45.508247, -122.683032 45.50823, -122.683033 45.508214, -122.683036 45.508152, -122.683049 45.508045, -122.68296 45.508029, -122.682834 45.50802, -122.682648 45.50802, -122.682456 45.508019, -122.682177 45.508015, -122.682114 45.508012, -122.682073 45.50801, -122.682014 45.508003, -122.681962 45.507993, -122.681877 45.507971, -122.681752 45.507943, -122.681647 45.507921, -122.681558 45.507904, -122.681459 45.507889, -122.68135 45.50788, -122.681267 45.507877, -122.681109 45.507872, -122.680977 45.50787, -122.680573 45.507848, -122.68043 45.507844, -122.680182 45.507836, -122.680132 45.507836)"
0,17,"LINESTRING (-122.680132 45.507836, -122.680036 45.507837, -122.679927 45.507839, -122.679801 45.507846, -122.679603 45.507858, -122.679419 45.50787, -122.67922 45.507876, -122.678891 45.507895, -122.678744 45.507909, -122.678593 45.507919, -122.67851 45.507924, -122.678421 45.507925, -122.677624 45.507927, -122.677507 45.507939, -122.677395 45.507951, -122.677367 45.507953, -122.677328 45.507954, -122.676815 45.507952, -122.676727 45.507951, -122.676662 45.50795, -122.676562 45.507946, -122.676511 45.507942, -122.676455 45.507937, -122.676392 45.507928, -122.676341 45.507919, -122.676293 45.507909, -122.676242 45.507897, -122.676206 45.507887, -122.676144 45.507866, -122.676086 45.507844, -122.676034 45.507821, -122.675983 45.507796, -122.675941 45.507773, -122.675889 45.507742, -122.675835 45.507704, -122.675799 45.507675, -122.675758 45.507639, -122.675726 45.507609, -122.675694 45.507574, -122.675667 45.50754, -122.675642 45.507504, -122.675617 45.507465, -122.675595 45.507421, -122.675555 45.507319, -122.675528 45.507234, -122.675443 45.506949, -122.675391 45.50679, -122.675359 45.50671, -122.675324 45.506628, -122.675295 45.506566, -122.675266 45.506502, -122.675247 45.506462, -122.675126 45.506198, -122.675095 45.506134, -122.675056 45.506058, -122.675023 45.506004, -122.674986 45.505944, -122.674959 45.505905, -122.674909 45.505836, -122.67484 45.505754, -122.674794 45.505704, -122.674728 45.505635, -122.674671 45.505579, -122.674564 45.505478, -122.674383 45.505311, -122.674314 45.505239, -122.674268 45.505188, -122.674178 45.505072, -122.674103 45.50496, -122.67391 45.504649, -122.673838 45.504532, -122.673689 45.504283, -122.673614 45.504145, -122.673595 45.504103, -122.673542 45.503986, -122.673395 45.50368, -122.673202 45.503291, -122.672937 45.502763, -122.672914 45.502728, -122.67288 45.502678, -122.672842 45.502635, -122.6728 45.502596, -122.672748 45.502555, -122.672707 45.502528, -122.672661 45.502501, -122.672617 45.502479, -122.672564 45.502458, -122.672506 45.50244, -122.672457 45.502431, -122.672422 45.502426, -122.672374 45.502424, -122.672333 45.502424, -122.672285 45.502427, -122.672238 45.502434, -122.672206 45.502439, -122.672153 45.50245, -122.672104 45.502464, -122.672074 45.502484, -122.67203 45.502512, -122.671949 45.502534, -122.670901 45.502847)"
0,17,"LINESTRING (-122.670901 45.502847, -122.670754 45.502891, -122.670539 45.502956, -122.670254 45.502998, -122.670142 45.50302, -122.670075 45.503035, -122.669991 45.503056, -122.669947 45.503069, -122.669873 45.503097, -122.669797 45.503132, -122.669725 45.503167, -122.669666 45.503202, -122.669611 45.503237, -122.669561 45.503272, -122.669357 45.503402, -122.66801 45.504283, -122.667478 45.50463, -122.666877 45.505025, -122.665538 45.50589, -122.664706 45.506437, -122.664666 45.506458, -122.664628 45.506473, -122.664593 45.506486, -122.664557 45.506496, -122.664525 45.506504, -122.66447 45.506515, -122.664398 45.506527, -122.664337 45.506534, -122.664309 45.506536, -122.66426 45.506538, -122.663978 45.506544, -122.663892 45.50655, -122.663783 45.506567, -122.663417 45.506561, -122.66229 45.50655)"
0,17,"LINESTRING (-122.66229 45.50655, -122.662144 45.506549, -122.662057 45.506548, -122.661931 45.506549, -122.661827 45.50655, -122.661603 45.506555, -122.66114 45.506555, -122.661016 45.506557, -122.660903 45.50655, -122.660778 45.506538, -122.660682 45.506497, -122.660667 45.50649, -122.660621 45.506484, -122.660527 45.506472, -122.660406 45.506453, -122.660257 45.506425, -122.6601 45.50639, -122.659935 45.506346, -122.659852 45.506322, -122.659737 45.506285, -122.659649 45.506256, -122.659507 45.506188, -122.65943 45.506144, -122.659334 45.506101, -122.659077 45.505964, -122.658929 45.50589, -122.658858 45.505851, -122.658809 45.505824, -122.658776 45.505799, -122.658721 45.505756, -122.658715 45.505641, -122.658725 45.504962, -122.658726 45.504872, -122.658124 45.504871)"
0,17,"LINESTRING (-122.658124 45.504871, -122.657781 45.50487, -122.657631 45.504872, -122.657583 45.504873, -122.657489 45.50487, -122.657409 45.504866, -122.657327 45.504855, -122.657244 45.504836, -122.657178 45.504817, -122.657138 45.504804, -122.657047 45.504759, -122.656997 45.504733, -122.656953 45.504704, -122.65691 45.504666, -122.656875 45.504627, -122.656853 45.504593, -122.656831 45.504563, -122.656747 45.504572, -122.656679 45.504575, -122.656648 45.504572, -122.656597 45.50456, -122.656538 45.504531, -122.655385 45.50388, -122.65526 45.503808, -122.655035 45.503659, -122.654911 45.503586, -122.654795 45.503518, -122.654721 45.503482, -122.654519 45.50338, -122.654484 45.50332, -122.65443 45.50319, -122.654367 45.503054, -122.654329 45.502961, -122.654316 45.502909, -122.654309 45.502855, -122.654242 45.50277, -122.654238 45.502587)"
0,17,"LINESTRING (-122.654238 45.502587, -122.654234 45.502401, -122.654228 45.502114, -122.654228 45.501701, -122.654227 45.501534, -122.654227 45.501325, -122.654225 45.501223, -122.654223 45.501108, -122.654065 45.501077, -122.653757 45.501007, -122.653478 45.500932, -122.653282 45.500939, -122.653223 45.500923)"
0,17,"LINESTRING (-122.653223 45.500923, -122.653098 45.500891, -122.652905 45.500841, -122.652719 45.500794, -122.652586 45.500697, -122.652136 45.500589, -122.652008 45.500529, -122.651797 45.500472, -122.651671 45.50043, -122.651407 45.500338, -122.65114 45.500263, -122.65078 45.500181, -122.650152 45.500039, -122.649667 45.499931, -122.649458 45.499882, -122.649362 45.499849, -122.649333 45.49984, -122.649256 45.499813, -122.649113 45.499748, -122.649073 45.499722, -122.648995 45.499666, -122.648952 45.499628, -122.648911 45.499581, -122.648447 45.499, -122.648349 45.498868, -122.648323 45.498832, -122.648303 45.498785, -122.648297 45.498748, -122.648293 45.498678, -122.648304 45.498246, -122.648307 45.498174, -122.648316 45.497539, -122.648314 45.497459, -122.648299 45.497193)"
0,17,"LINESTRING (-122.648299 45.497193, -122.648291 45.497037, -122.648297 45.496848, -122.648296 45.496751, -122.6483 45.496559, -122.648302 45.496437, -122.648309 45.496343, -122.648327 45.496253, -122.648382 45.496016, -122.648411 45.495852, -122.648512 45.495359, -122.648557 45.495094, -122.648571 45.495021, -122.648577 45.494899, -122.648577 45.494103)"
0,17,"LINESTRING (-122.648577 45.494103, -122.648577 45.49399, -122.648574 45.493907, -122.648574 45.493818, -122.648542 45.493375, -122.648546 45.492716, -122.648544 45.492301, -122.648551 45.492173, -122.648575 45.491964, -122.648632 45.491581, -122.648635 45.49155)"
0,17,"LINESTRING (-122.648635 45.49155, -122.648645 45.491441, -122.648653 45.491322, -122.648656 45.491245, -122.648681 45.490547, -122.648672 45.490327, -122.648588 45.490326, -122.648501 45.490325, -122.648413 45.490325, -122.648198 45.490327, -122.647801 45.490322, -122.647467 45.490321, -122.647358 45.49032, -122.64701 45.490322, -122.646632 45.49032, -122.646458 45.490321, -122.644784 45.490323, -122.642883 45.490315, -122.642729 45.490312, -122.642347 45.490303, -122.642034 45.4903, -122.641451 45.490299, -122.640572 45.490297, -122.640022 45.490297, -122.639721 45.490296)"
0,17,"LINESTRING (-122.639721 45.490296, -122.639576 45.490296, -122.638588 45.490295, -122.638508 45.490295, -122.637966 45.490296, -122.6377 45.490296, -122.637611 45.490302, -122.63752 45.490308, -122.637183 45.490308)"
0,17,"LINESTRING (-122.637183 45.490308, -122.635705 45.490308, -122.635625 45.490307, -122.635322 45.490306, -122.634744 45.490307, -122.634645 45.49031, -122.634538 45.490323, -122.634446 45.490341, -122.634341 45.490362, -122.634168 45.490434, -122.634061 45.490491, -122.633961 45.490531, -122.633869 45.490559, -122.633786 45.490577, -122.633678 45.490593, -122.633572 45.490595, -122.632922 45.490594)"
0,17,"LINESTRING (-122.632922 45.490594, -122.632793 45.490593, -122.631828 45.490593, -122.631376 45.490592, -122.631058 45.490595, -122.63084 45.490593, -122.630671 45.490576, -122.630556 45.490548, -122.630454 45.490516, -122.630355 45.490473, -122.630244 45.490418, -122.630145 45.49038, -122.630008 45.490343, -122.629901 45.490322, -122.629778 45.49031, -122.629673 45.490304, -122.629509 45.490304)"
0,17,"LINESTRING (-122.629509 45.490304, -122.629428 45.490304, -122.628772 45.490303, -122.627765 45.490303, -122.627293 45.490302, -122.626787 45.490301)"
0,17,"LINESTRING (-122.626787 45.490301, -122.626692 45.4903, -122.625676 45.490298, -122.624671 45.490298, -122.623931 45.490294, -122.623467 45.490298)"
0,17,"LINESTRING (-122.623467 45.490298, -122.623252 45.4903, -122.622933 45.490302, -122.62278 45.490301, -122.622638 45.490301, -122.62228 45.490302, -122.622002 45.490294, -122.621915 45.490293, -122.621757 45.490293, -122.61982 45.490291)"
0,17,"LINESTRING (-122.61982 45.490291, -122.619557 45.490291, -122.619012 45.49029, -122.617794 45.490292, -122.61682 45.49029, -122.61597 45.490292)"
0,17,"LINESTRING (-122.61597 45.490292, -122.615845 45.490293, -122.614871 45.490294, -122.613995 45.490293)"
0,17,"LINESTRING (-122.613995 45.490293, -122.612917 45.490293, -122.612026 45.490294)"
0,17,"LINESTRING (-122.612026 45.490294, -122.611947 45.490294, -122.610974 45.490295, -122.609992 45.490294, -122.609001 45.490294, -122.6085 45.490292)"
0,17,"LINESTRING (-122.6085 45.490292, -122.608329 45.490291, -122.607867 45.490293, -122.606781 45.490289, -122.605773 45.490286)"
0,17,"LINESTRING (-122.605773 45.490286, -122.605696 45.490285, -122.604721 45.490285, -122.604072 45.490282)"
0,17,"LINESTRING (-122.604072 45.490282, -122.603982 45.490282, -122.603665 45.490281, -122.602579 45.490278, -122.601354 45.490274, -122.601315 45.490275, -122.60085 45.490276, -122.599968 45.490271, -122.599749 45.490271, -122.599114 45.49027)"
0,17,"LINESTRING (-122.599114 45.49027, -122.598995 45.49027, -122.598622 45.490269, -122.598569 45.490276, -122.59838 45.490321, -122.598209 45.490313, -122.598056 45.49031, -122.597918 45.49031, -122.59741 45.490309, -122.596897 45.490308, -122.596393 45.490307, -122.596042 45.490307)"
0,17,"LINESTRING (-122.596042 45.490307, -122.595917 45.490307, -122.59541 45.490305, -122.595337 45.490304, -122.5949 45.490303, -122.594827 45.490303, -122.594667 45.490301, -122.594547 45.490297, -122.594388 45.490288, -122.594314 45.490282, -122.594195 45.490272, -122.594078 45.490262, -122.593934 45.490255, -122.593906 45.490255)"
0,17,"LINESTRING (-122.593906 45.490255, -122.592613 45.490252, -122.591397 45.49025)"
0,17,"LINESTRING (-122.591397 45.49025, -122.59123 45.49025, -122.59025 45.490246, -122.589388 45.490244)"
0,17,"LINESTRING (-122.589388 45.490244, -122.588046 45.490244, -122.587006 45.490246, -122.586201 45.490246)"
0,17,"LINESTRING (-122.586201 45.490246, -122.586074 45.490246, -122.585857 45.490247, -122.584463 45.490247, -122.584229 45.490249)"
0,17,"LINESTRING (-122.584229 45.490249, -122.583786 45.490252, -122.583333 45.490251, -122.582572 45.490252, -122.582246 45.490252)"
0,17,"LINESTRING (-122.582246 45.490252, -122.582011 45.490252, -122.581003 45.490254, -122.580193 45.490254, -122.579831 45.490255, -122.579677 45.490258, -122.579371 45.490263, -122.578969 45.490264, -122.578806 45.490261, -122.578656 45.490259, -122.577965 45.490243)"
0,17,"LINESTRING (-122.577965 45.490243, -122.577753 45.490238, -122.577672 45.490236, -122.576768 45.490234, -122.575818 45.490233, -122.575125 45.490235, -122.574906 45.490235, -122.574788 45.490233, -122.574685 45.490226, -122.574586 45.490216, -122.574492 45.490201, -122.574374 45.490181, -122.574287 45.490171, -122.574212 45.490163, -122.574077 45.490156, -122.573299 45.490137, -122.57234 45.490115, -122.572246 45.490114, -122.572005 45.490103, -122.571692 45.490091)"
0,17,"LINESTRING (-122.571692 45.490091, -122.571688 45.490091, -122.57142 45.490084, -122.570499 45.490069, -122.569562 45.490043, -122.568713 45.490026, -122.568593 45.490025, -122.56848 45.490024, -122.567892 45.490015, -122.56786 45.490015, -122.567121 45.490017, -122.566949 45.49001, -122.566851 45.490006)"
0,17,"LINESTRING (-122.566851 45.490006, -122.566624 45.489996, -122.566166 45.489978, -122.565326 45.489959, -122.565181 45.489956, -122.563544 45.489918, -122.563474 45.489915, -122.563152 45.489905, -122.563107 45.489904)"
0,17,"LINESTRING (-122.563107 45.489904, -122.562885 45.489899, -122.562228 45.489886, -122.560908 45.489854, -122.560593 45.489847)"
0,17,"LINESTRING (-122.560593 45.489847, -122.559834 45.489828, -122.559599 45.489822, -122.558906 45.489804, -122.558352 45.489795, -122.558195 45.489792, -122.557166 45.489786, -122.556832 45.489784, -122.555959 45.489778)"
0,17,"LINESTRING (-122.555959 45.489778, -122.555777 45.489777, -122.555671 45.489777, -122.555377 45.489778, -122.555052 45.489779, -122.554509 45.48978, -122.554064 45.489779, -122.553913 45.489779, -122.553207 45.489776, -122.553182 45.489776)"
0,17,"LINESTRING (-122.553182 45.489776, -122.552916 45.489775, -122.55268 45.489774, -122.552376 45.489774, -122.552221 45.489773, -122.551446 45.489772, -122.551199 45.489772, -122.549815 45.489766, -122.549372 45.489765, -122.549036 45.489763, -122.548891 45.489762, -122.54847 45.489759, -122.548133 45.489756)"
0,17,"LINESTRING (-122.548133 45.489756, -122.548132 45.489756, -122.548021 45.489757, -122.547906 45.489759, -122.547432 45.489751, -122.546853 45.489743, -122.546542 45.48974, -122.545724 45.489727, -122.545289 45.489722, -122.544545 45.489713, -122.544077 45.489706)"
0,17,"LINESTRING (-122.544077 45.489706, -122.543468 45.489698, -122.542893 45.489691, -122.542479 45.489685, -122.542173 45.489682)"
0,17,"LINESTRING (-122.542173 45.489682, -122.542037 45.48968, -122.541165 45.489666, -122.540817 45.489661, -122.540649 45.489658, -122.540413 45.489655, -122.540157 45.489652, -122.540006 45.48965, -122.539714 45.489645, -122.539431 45.489641, -122.539319 45.48964, -122.53908 45.489637, -122.538937 45.489635, -122.538543 45.489629, -122.538217 45.489625, -122.537896 45.489624, -122.537722 45.489622, -122.537553 45.489619, -122.537303 45.489616, -122.537141 45.489619)"
0,17,"LINESTRING (-122.537141 45.489619, -122.537116 45.48962, -122.536946 45.489624, -122.53686 45.489625, -122.536281 45.489627, -122.535937 45.489627, -122.534774 45.489633, -122.534311 45.489634)"
0,17,"LINESTRING (-122.534311 45.489634, -122.533094 45.489636, -122.532756 45.489639, -122.532412 45.48964)"
0,17,"LINESTRING (-122.532412 45.48964, -122.532267 45.48964, -122.531511 45.489643, -122.531045 45.489645, -122.530026 45.489651, -122.529691 45.489652)"
0,17,"LINESTRING (-122.529691 45.489652, -122.529375 45.489652, -122.529262 45.489653, -122.528896 45.489655, -122.528475 45.489658, -122.528262 45.489658, -122.527219 45.489661, -122.526749 45.489662)"
1,17,"LINESTRING (-122.526749 45.489662, -122.526744 45.489662, -122.526299 45.489663, -122.525688 45.489664, -122.525596 45.48966, -122.525489 45.489649, -122.52541 45.489633, -122.525307 45.489606, -122.525211 45.489573, -122.525121 45.489531, -122.525009 45.489466, -122.52493 45.489415, -122.52486 45.489357, -122.524797 45.489299, -122.524613 45.489109, -122.524582 45.489077, -122.524515 45.489009, -122.524444 45.488949, -122.524382 45.488905, -122.524325 45.488868, -122.524262 45.488835)"
1,17,"LINESTRING (-122.524262 45.488835, -122.524209 45.488809, -122.524137 45.48878, -122.524061 45.488754, -122.523984 45.488733, -122.523915 45.488717, -122.52385 45.488704, -122.523726 45.48869, -122.523564 45.488687, -122.523565 45.489464, -122.523565 45.490469)"
1,17,"LINESTRING (-122.523565 45.490469, -122.523564 45.490552, -122.523565 45.490753, -122.523563 45.491176, -122.523561 45.491483, -122.523561 45.49161, -122.52356 45.49194, -122.523555 45.493297, -122.523553 45.49357, -122.523552 45.493821, -122.523551 45.493924)"
1,17,"LINESTRING (-122.523551 45.493924, -122.523551 45.494017, -122.52355 45.494248, -122.52355 45.49485, -122.523551 45.495112, -122.523549 45.495412, -122.523549 45.496164)"
1,17,"LINESTRING (-122.523549 45.496164, -122.523549 45.496614, -122.523545 45.497385, -122.52354 45.497763, -122.523544 45.497854, -122.523669 45.497831, -122.524481 45.497691, -122.524879 45.497623, -122.525026 45.497601, -122.525216 45.497579, -122.525361 45.497564, -122.525499 45.497552, -122.525708 45.497541, -122.526141 45.497521, -122.526576 45.497503)"
1,17,"LINESTRING (-122.526576 45.497503, -122.526999 45.497485, -122.527495 45.497465, -122.527929 45.497448, -122.528425 45.497429, -122.528487 45.497427, -122.528544 45.497425, -122.529004 45.497406, -122.529336 45.497393, -122.529479 45.497387, -122.529984 45.497368, -122.530308 45.497355)"
1,17,"LINESTRING (-122.530308 45.497355, -122.530617 45.497343, -122.530948 45.497329, -122.531157 45.497323, -122.531875 45.497296, -122.532168 45.497283, -122.532239 45.497281, -122.53266 45.497262, -122.532939 45.49725, -122.533169 45.497241, -122.533391 45.497232, -122.534167 45.497203, -122.534671 45.497182)"
1,17,"LINESTRING (-122.534671 45.497182, -122.535337 45.497155, -122.535945 45.497128, -122.536456 45.497107, -122.53688 45.49709, -122.537481 45.497068, -122.537665 45.497062, -122.537667 45.496981, -122.537668 45.49669, -122.537669 45.496308, -122.537671 45.49598)"
1,17,"LINESTRING (-122.537671 45.49598, -122.537672 45.495847, -122.537674 45.4955, -122.53768 45.494453, -122.537683 45.494106)"
1,17,"LINESTRING (-122.537683 45.494106, -122.537684 45.493995, -122.537685 45.493851, -122.537687 45.493665, -122.537688 45.493564, -122.537692 45.493135, -122.537694 45.49293, -122.537696 45.492726, -122.537698 45.492456, -122.537701 45.492116)"
1,17,"LINESTRING (-122.537701 45.492116, -122.537701 45.49204, -122.537706 45.49157, -122.537707 45.491138, -122.537707 45.491095, -122.537709 45.490923, -122.53771 45.490751, -122.537715 45.490257, -122.537719 45.489715, -122.537722 45.489622, -122.537896 45.489624, -122.538171 45.489625)"
1,17,"LINESTRING (-122.538171 45.489625, -122.538217 45.489625, -122.538543 45.489629, -122.538937 45.489635, -122.53908 45.489637, -122.539319 45.48964, -122.539431 45.489641, -122.539714 45.489645, -122.540006 45.48965, -122.540157 45.489652, -122.540413 45.489655, -122.540649 45.489658, -122.540817 45.489661, -122.541165 45.489666, -122.542037 45.48968, -122.542367 45.489684)"
1,17,"LINESTRING (-122.542367 45.489684, -122.542479 45.489685, -122.542893 45.489691, -122.543468 45.489698, -122.544413 45.489711)"
1,17,"LINESTRING (-122.544413 45.489711, -122.544545 45.489713, -122.545289 45.489722, -122.545724 45.489727, -122.546542 45.48974, -122.546853 45.489743, -122.547432 45.489751, -122.547871 45.489758)"
1,17,"LINESTRING (-122.547871 45.489758, -122.547906 45.489759, -122.548021 45.489757, -122.548132 45.489756, -122.54847 45.489759, -122.548891 45.489762, -122.549036 45.489763, -122.549372 45.489765, -122.549815 45.489766, -122.551199 45.489772, -122.551415 45.489772)"
1,17,"LINESTRING (-122.551415 45.489772, -122.551446 45.489772, -122.552221 45.489773, -122.552376 45.489774, -122.55268 45.489774, -122.552916 45.489775, -122.553207 45.489776, -122.553913 45.489779, -122.554064 45.489779, -122.554509 45.48978, -122.555052 45.489779, -122.555377 45.489778, -122.555671 45.489777, -122.555777 45.489777, -122.556514 45.489782)"
1,17,"LINESTRING (-122.556514 45.489782, -122.556832 45.489784, -122.557166 45.489786, -122.558195 45.489792, -122.558352 45.489795, -122.558906 45.489804, -122.559599 45.489822, -122.559834 45.489828, -122.560394 45.489842)"
1,17,"LINESTRING (-122.560394 45.489842, -122.560908 45.489854, -122.562228 45.489886, -122.562885 45.489899, -122.563152 45.489905, -122.563345 45.489911)"
1,17,"LINESTRING (-122.563345 45.489911, -122.563474 45.489915, -122.563544 45.489918, -122.565181 45.489956, -122.565326 45.489959, -122.566166 45.489978, -122.566624 45.489996, -122.566949 45.49001, -122.567121 45.490017, -122.567278 45.490017)"
1,17,"LINESTRING (-122.567278 45.490017, -122.56786 45.490015, -122.567892 45.490015, -122.56848 45.490024, -122.568593 45.490025, -122.568713 45.490026, -122.569562 45.490043, -122.570499 45.490069, -122.57142 45.490084, -122.571692 45.490091, -122.572005 45.490103, -122.572205 45.490112)"
1,17,"LINESTRING (-122.572205 45.490112, -122.572246 45.490114, -122.57234 45.490115, -122.573299 45.490137, -122.574077 45.490156, -122.574212 45.490163, -122.574287 45.490171, -122.574374 45.490181, -122.574492 45.490201, -122.574586 45.490216, -122.574685 45.490226, -122.574788 45.490233, -122.574906 45.490235, -122.575125 45.490235, -122.575624 45.490233)"
1,17,"LINESTRING (-122.575624 45.490233, -122.575818 45.490233, -122.576768 45.490234, -122.577672 45.490236, -122.577753 45.490238, -122.578656 45.490259, -122.578806 45.490261, -122.578969 45.490264, -122.579371 45.490263, -122.579394 45.490263)"
1,17,"LINESTRING (-122.579394 45.490263, -122.579677 45.490258, -122.579831 45.490255, -122.580193 45.490254, -122.581003 45.490254, -122.582011 45.490252, -122.582315 45.490252)"
1,17,"LINESTRING (-122.582315 45.490252, -122.582572 45.490252, -122.583333 45.490251, -122.583786 45.490252, -122.584463 45.490247, -122.584485 45.490247)"
1,17,"LINESTRING (-122.584485 45.490247, -122.585857 45.490247, -122.586074 45.490246, -122.586814 45.490246)"
1,17,"LINESTRING (-122.586814 45.490246, -122.587006 45.490246, -122.588046 45.490244, -122.588866 45.490244)"
1,17,"LINESTRING (-122.588866 45.490244, -122.589296 45.490244, -122.59025 45.490246, -122.591094 45.490249)"
1,17,"LINESTRING (-122.591094 45.490249, -122.59123 45.49025, -122.592613 45.490252, -122.593934 45.490255, -122.594078 45.490262, -122.594141 45.490267)"
1,17,"LINESTRING (-122.594141 45.490267, -122.594195 45.490272, -122.594314 45.490282, -122.594388 45.490288, -122.594547 45.490297, -122.594667 45.490301, -122.594827 45.490303, -122.5949 45.490303, -122.595337 45.490304, -122.59541 45.490305, -122.595917 45.490307, -122.596393 45.490307, -122.596897 45.490308, -122.597282 45.490309)"
1,17,"LINESTRING (-122.597282 45.490309, -122.59741 45.490309, -122.597918 45.49031, -122.598056 45.49031, -122.598209 45.490313, -122.59838 45.490321, -122.598569 45.490276, -122.598622 45.490269, -122.598995 45.49027, -122.599262 45.49027)"
1,17,"LINESTRING (-122.599262 45.49027, -122.599749 45.490271, -122.599968 45.490271, -122.60085 45.490276, -122.601315 45.490275, -122.601354 45.490274, -122.602579 45.490278, -122.603569 45.490281)"
1,17,"LINESTRING (-122.603569 45.490281, -122.603665 45.490281, -122.603982 45.490282, -122.604721 45.490285, -122.605578 45.490285)"
1,17,"LINESTRING (-122.605578 45.490285, -122.605696 45.490285, -122.606781 45.490289, -122.607867 45.490293, -122.608329 45.490291, -122.609001 45.490294, -122.609449 45.490294)"
1,17,"LINESTRING (-122.609449 45.490294, -122.609992 45.490294, -122.610974 45.490295, -122.611823 45.490294)"
1,17,"LINESTRING (-122.611823 45.490294, -122.611947 45.490294, -122.612917 45.490293, -122.613774 45.490293)"
1,17,"LINESTRING (-122.613774 45.490293, -122.613897 45.490293, -122.614871 45.490294, -122.615724 45.490293)"
1,17,"LINESTRING (-122.615724 45.490293, -122.615845 45.490293, -122.61682 45.49029, -122.617794 45.490292, -122.619012 45.49029, -122.619382 45.49029)"
1,17,"LINESTRING (-122.619382 45.49029, -122.619557 45.490291, -122.621757 45.490293, -122.621915 45.490293, -122.622002 45.490294, -122.62228 45.490302, -122.622461 45.490301)"
1,17,"LINESTRING (-122.622461 45.490301, -122.62278 45.490301, -122.622933 45.490302, -122.623252 45.4903, -122.623931 45.490294, -122.624671 45.490298, -122.625676 45.490298, -122.626226 45.490299)"
1,17,"LINESTRING (-122.626226 45.490299, -122.626692 45.4903, -122.627293 45.490302, -122.627765 45.490303, -122.628772 45.490303, -122.629326 45.490304)"
1,17,"LINESTRING (-122.629326 45.490304, -122.629673 45.490304, -122.629778 45.49031, -122.629901 45.490322, -122.630008 45.490343, -122.630145 45.49038, -122.630244 45.490418, -122.630355 45.490473, -122.630454 45.490516, -122.630556 45.490548, -122.630671 45.490576, -122.63084 45.490593, -122.631058 45.490595, -122.631376 45.490592, -122.631828 45.490593, -122.632334 45.490593)"
1,17,"LINESTRING (-122.632334 45.490593, -122.632793 45.490593, -122.633572 45.490595, -122.633678 45.490593, -122.633786 45.490577, -122.633869 45.490559, -122.633961 45.490531, -122.634061 45.490491, -122.634168 45.490434, -122.634341 45.490362, -122.634446 45.490341, -122.634538 45.490323, -122.634645 45.49031, -122.634744 45.490307, -122.635322 45.490306, -122.635625 45.490307, -122.635705 45.490308, -122.637101 45.490308)"
1,17,"LINESTRING (-122.637101 45.490308, -122.63752 45.490308, -122.637611 45.490302, -122.6377 45.490296, -122.637966 45.490296, -122.638508 45.490295, -122.638588 45.490295, -122.639369 45.490296)"
1,17,"LINESTRING (-122.639369 45.490296, -122.639576 45.490296, -122.640022 45.490297, -122.640572 45.490297, -122.641451 45.490299, -122.642034 45.4903, -122.642347 45.490303, -122.642729 45.490312, -122.642883 45.490315, -122.644784 45.490323, -122.646458 45.490321, -122.646632 45.49032, -122.64701 45.490322, -122.647358 45.49032, -122.647467 45.490321, -122.647801 45.490322, -122.648198 45.490327, -122.648413 45.490325, -122.648415 45.490544, -122.648391 45.491174, -122.648387 45.491259, -122.648383 45.491404, -122.648382 45.491734)"
1,17,"LINESTRING (-122.648382 45.491734, -122.648382 45.491931, -122.648355 45.492151, -122.648345 45.492301, -122.648342 45.492413, -122.648342 45.492714, -122.648343 45.492824, -122.648341 45.493042, -122.648338 45.49385)"
1,17,"LINESTRING (-122.648338 45.49385, -122.648338 45.493915, -122.648337 45.493988, -122.648347 45.494271, -122.648359 45.494399, -122.648358 45.494573, -122.648349 45.495101, -122.648341 45.495305, -122.64833 45.495408, -122.648318 45.495497, -122.648295 45.495643, -122.648212 45.496046, -122.648136 45.496375, -122.648095 45.496565, -122.648071 45.496665, -122.648053 45.496748, -122.648046 45.4968, -122.648043 45.49688, -122.648004 45.497459, -122.647973 45.497778)"
1,17,"LINESTRING (-122.647973 45.497778, -122.647968 45.497837, -122.647955 45.497947, -122.647939 45.498104, -122.647931 45.498167, -122.647926 45.498243, -122.64793 45.498321, -122.647948 45.498403, -122.64798 45.498517, -122.648015 45.498595, -122.648044 45.498642, -122.648077 45.498684, -122.64815 45.498769, -122.648214 45.498845, -122.648354 45.499032, -122.648496 45.499198, -122.648977 45.499797, -122.649308 45.500188, -122.649335 45.500213, -122.649377 45.500246, -122.649446 45.500292, -122.649532 45.500342, -122.649602 45.500373, -122.649665 45.500393, -122.649796 45.500421, -122.649864 45.500429, -122.649931 45.500434, -122.65038 45.500441, -122.650461 45.500444, -122.650686 45.500467, -122.6516 45.500625, -122.651807 45.500631, -122.652544 45.500798, -122.652719 45.500794, -122.652905 45.500841, -122.653098 45.500891, -122.653282 45.500939, -122.653439 45.501035, -122.653851 45.501144, -122.654071 45.501192, -122.654225 45.501223, -122.654381 45.501255, -122.654715 45.501318)"
1,17,"LINESTRING (-122.654715 45.501318, -122.654808 45.501336, -122.655076 45.501386, -122.655442 45.501456, -122.655794 45.501535, -122.655903 45.501545, -122.656245 45.501567, -122.656407 45.501571, -122.656585 45.501607, -122.656701 45.501652, -122.656799 45.501736, -122.656794 45.501887, -122.656794 45.502099, -122.656786 45.504368, -122.65679 45.504433, -122.656794 45.504462, -122.656801 45.504494, -122.656813 45.504523, -122.656831 45.504563, -122.656853 45.504593, -122.656875 45.504627, -122.65691 45.504666, -122.656953 45.504704, -122.656997 45.504733, -122.657047 45.504759, -122.657138 45.504804, -122.657178 45.504817, -122.657244 45.504836, -122.657327 45.504855, -122.657409 45.504866, -122.657489 45.50487, -122.657583 45.504873, -122.657631 45.504872, -122.657781 45.50487, -122.658726 45.504872, -122.658716 45.505582)"
1,17,"LINESTRING (-122.658716 45.505582, -122.658715 45.505641, -122.658721 45.505756, -122.658727 45.505797, -122.65874 45.505843, -122.658764 45.505883, -122.65878 45.505904, -122.6588 45.505924, -122.658869 45.505972, -122.658988 45.506034, -122.659132 45.506102, -122.659327 45.50619, -122.659466 45.506244, -122.659623 45.506302, -122.659793 45.506355, -122.659952 45.5064, -122.660088 45.506436, -122.660229 45.506468, -122.660361 45.506494, -122.66052 45.506519, -122.660656 45.506536, -122.660778 45.506538, -122.660903 45.50655, -122.661016 45.506557, -122.66114 45.506555, -122.661603 45.506555, -122.661827 45.50655, -122.661931 45.506549, -122.662057 45.506548, -122.662144 45.506549, -122.663156 45.506559)"
1,17,"LINESTRING (-122.663156 45.506559, -122.663417 45.506561, -122.663783 45.506567, -122.663822 45.506576, -122.66391 45.506592, -122.663941 45.506595, -122.664129 45.506597, -122.664255 45.506591, -122.664311 45.506585, -122.664392 45.506571, -122.664507 45.506545, -122.66457 45.506525, -122.664646 45.506492, -122.664696 45.506469, -122.664733 45.506451, -122.664794 45.506413, -122.664885 45.506354, -122.665094 45.506219, -122.665358 45.506047, -122.665734 45.5058, -122.666168 45.505517, -122.66659 45.505244, -122.667076 45.504925, -122.667526 45.50463, -122.668444 45.504033, -122.668996 45.503675, -122.669294 45.503477, -122.669371 45.503427, -122.669432 45.503389, -122.669467 45.50337, -122.669515 45.503345, -122.669596 45.503307, -122.669684 45.503269, -122.669781 45.50323, -122.669876 45.503194, -122.669956 45.503165, -122.670005 45.503146, -122.670102 45.503114, -122.670157 45.503094, -122.670287 45.503045, -122.670428 45.502991, -122.670539 45.502956, -122.670754 45.502891, -122.671772 45.502587)"
1,17,"LINESTRING (-122.671772 45.502587, -122.671949 45.502534, -122.67203 45.502512, -122.672091 45.502524, -122.67215 45.502525, -122.6723 45.50253, -122.672329 45.502532, -122.672351 45.502533, -122.672403 45.502537, -122.67245 45.502543, -122.672499 45.50255, -122.672534 45.502557, -122.672572 45.502567, -122.672617 45.502584, -122.67266 45.502605, -122.672737 45.502652, -122.672776 45.50268, -122.672804 45.502704, -122.67282 45.502727, -122.672832 45.502745, -122.672843 45.502763, -122.672868 45.502811, -122.67312 45.503309, -122.673254 45.503599, -122.673428 45.50396, -122.673513 45.504122, -122.673578 45.504248, -122.673621 45.504322, -122.673671 45.504408, -122.673821 45.504654, -122.673873 45.504736, -122.673928 45.504826, -122.674038 45.505003, -122.674108 45.505106, -122.674154 45.505168, -122.67422 45.505243, -122.67425 45.505279, -122.674281 45.505314, -122.67432 45.505353, -122.674577 45.505595, -122.674613 45.505626, -122.67469 45.505699, -122.674772 45.505789, -122.674806 45.505829, -122.674872 45.505913, -122.674921 45.505984, -122.674941 45.506017, -122.674963 45.506055, -122.674995 45.506115, -122.675041 45.506208, -122.675066 45.506258, -122.675249 45.50666, -122.675263 45.506689, -122.675287 45.506744, -122.675322 45.506839, -122.675335 45.506875, -122.675367 45.506978, -122.675379 45.507023, -122.675456 45.507286, -122.675482 45.507365, -122.675494 45.507396, -122.675529 45.507468, -122.675551 45.507509, -122.675572 45.507541, -122.675601 45.507579, -122.675631 45.507615, -122.675662 45.507649, -122.675689 45.507674, -122.675727 45.507709, -122.675778 45.507749, -122.675821 45.507779, -122.675858 45.507802, -122.67591 45.507832, -122.675952 45.507854, -122.675987 45.507871, -122.676091 45.507916, -122.676237 45.50796, -122.676285 45.507971, -122.676335 45.507981, -122.676399 45.507991, -122.676444 45.507997, -122.676507 45.508003, -122.676563 45.508007, -122.676597 45.508009, -122.676665 45.508012, -122.676719 45.508013, -122.676814 45.508013, -122.677379 45.508015, -122.677398 45.508016, -122.677501 45.508031, -122.677615 45.508048, -122.678372 45.508054, -122.678506 45.508052, -122.678589 45.508046, -122.678743 45.508036, -122.678889 45.508023, -122.679112 45.508008, -122.679473 45.507997, -122.679532 45.507995, -122.679704 45.507993)"
1,17,"LINESTRING (-122.679704 45.507993, -122.679784 45.507993, -122.679949 45.507994, -122.680282 45.507993, -122.680433 45.50799, -122.680972 45.508006, -122.681107 45.508009, -122.681251 45.508016, -122.681387 45.508028, -122.681545 45.508045, -122.681721 45.508074, -122.68178 45.508087, -122.681855 45.508101, -122.681926 45.508114, -122.681926 45.50817, -122.681922 45.508305, -122.681895 45.508533, -122.681881 45.508625, -122.681846 45.50873, -122.681806 45.508839, -122.681734 45.508985, -122.681714 45.509022, -122.68165 45.509141, -122.681615 45.509202, -122.681447 45.509511, -122.681296 45.5098, -122.681258 45.509868, -122.68159 45.509956, -122.681865 45.510029, -122.682109 45.510094)"
1,17,"LINESTRING (-122.682109 45.510094, -122.682253 45.510133, -122.682289 45.510142, -122.683237 45.510394, -122.683313 45.510415, -122.683134 45.510743, -122.683097 45.510813, -122.682953 45.511078, -122.682625 45.511684, -122.682585 45.511759, -122.682312 45.512262)"
1,17,"LINESTRING (-122.682312 45.512262, -122.682249 45.512378, -122.682229 45.512415, -122.68195 45.51293, -122.681932 45.512963, -122.68187 45.513078, -122.681852 45.513111, -122.681689 45.513413, -122.681571 45.513631)"
1,17,"LINESTRING (-122.681571 45.513631, -122.681507 45.513748, -122.681213 45.514291, -122.681146 45.514415, -122.68079 45.515072, -122.680426 45.515744, -122.680391 45.515808, -122.680153 45.5163)"
1,17,"LINESTRING (-122.680153 45.5163, -122.680124 45.516359, -122.680091 45.516423, -122.680049 45.516492, -122.679756 45.517036, -122.67973 45.517087, -122.679685 45.517171, -122.679401 45.517691, -122.679367 45.51775, -122.679321 45.517829, -122.679025 45.518361, -122.679004 45.518406, -122.678987 45.518432, -122.67897 45.518466, -122.67868 45.519024, -122.678655 45.51907, -122.678641 45.519096, -122.678611 45.519151, -122.678355 45.519637, -122.678345 45.519656)"
1,17,"LINESTRING (-122.678345 45.519656, -122.678297 45.519751, -122.678266 45.519811, -122.677963 45.520361, -122.677932 45.520421, -122.677904 45.520477, -122.677604 45.521016, -122.677569 45.521084, -122.677242 45.521685, -122.677205 45.521751, -122.677162 45.521828, -122.676848 45.522399, -122.676775 45.522446, -122.676527 45.52291, -122.676511 45.522939)"
1,17,"LINESTRING (-122.676511 45.522939, -122.676486 45.523003, -122.676468 45.523068, -122.676459 45.523122, -122.676451 45.52319, -122.676473 45.523722, -122.676474 45.523777, -122.676474 45.523839, -122.676497 45.524491, -122.676527 45.525135, -122.676534 45.525203, -122.676541 45.525274, -122.676556 45.525723)"
1,17,"LINESTRING (-122.676556 45.525723, -122.67656 45.525858, -122.676558 45.525911, -122.676556 45.525976, -122.676573 45.526561, -122.676576 45.526631, -122.677372 45.526616, -122.677555 45.526612, -122.677579 45.52726, -122.677587 45.527324, -122.677595 45.527403, -122.677602 45.527524, -122.677618 45.527804)"
1,17,"LINESTRING (-122.677618 45.527804, -122.677619 45.527821, -122.677634 45.528042, -122.677641 45.528252, -122.677646 45.528615, -122.677647 45.528661, -122.677656 45.528948, -122.677678 45.529627, -122.677669 45.52971, -122.677665 45.529736, -122.677653 45.529777, -122.677631 45.529828, -122.67761 45.529875, -122.6776 45.5299, -122.677564 45.529911, -122.677534 45.529924, -122.677496 45.529943, -122.677466 45.529962, -122.677429 45.529988, -122.677316 45.530072, -122.677269 45.530106, -122.677227 45.530132, -122.676938 45.530298, -122.676307 45.530649, -122.674537 45.531637, -122.67413 45.531864, -122.673719 45.532094, -122.672074 45.533013, -122.671866 45.533132, -122.671822 45.533132, -122.671726 45.533143, -122.671302 45.533362, -122.671153 45.533433, -122.671021 45.533496, -122.670604 45.533732, -122.6704 45.533846, -122.670332 45.533887, -122.669976 45.534092)"
1,17,"LINESTRING (-122.669976 45.534092, -122.669737 45.534231, -122.669667 45.53427, -122.669619 45.534293, -122.669573 45.534311, -122.669511 45.534328, -122.669432 45.534344, -122.669307 45.534362, -122.66925 45.534367, -122.669186 45.534371, -122.669044 45.534377, -122.668749 45.534378, -122.668497 45.534378, -122.668378 45.534372, -122.668205 45.534363, -122.667863 45.534364, -122.667751 45.534373, -122.667631 45.534382, -122.66719 45.534384, -122.666899 45.534383)"
1,17,"LINESTRING (-122.666899 45.534383, -122.666741 45.534382, -122.666554 45.534381, -122.665972 45.534379, -122.6657 45.534377, -122.665467 45.534377, -122.665346 45.534359, -122.664696 45.534359, -122.664533 45.534358, -122.663829 45.534357)"
1,17,"LINESTRING (-122.663829 45.534357, -122.663807 45.534357, -122.663683 45.534356, -122.663572 45.534355, -122.662906 45.534353, -122.662847 45.534353, -122.662672 45.534361, -122.662519 45.534369, -122.66244 45.534368, -122.662017 45.534363, -122.661795 45.53436, -122.661653 45.534363, -122.661521 45.534365, -122.661132 45.534365)"
1,17,"LINESTRING (-122.661132 45.534365, -122.660896 45.534364, -122.660752 45.534364, -122.66064 45.53436, -122.660578 45.534358, -122.660533 45.534356, -122.660143 45.534356, -122.659622 45.534357, -122.659453 45.534356, -122.659138 45.534355, -122.658783 45.534354)"
1,17,"LINESTRING (-122.658783 45.534354, -122.658712 45.534354, -122.6586 45.534359, -122.658496 45.534363, -122.658458 45.534363, -122.65821 45.53436, -122.658056 45.534359, -122.657601 45.534355, -122.65708 45.534353, -122.656751 45.534352)"
1,17,"LINESTRING (-122.656751 45.534352, -122.65658 45.534351, -122.656302 45.534351, -122.656155 45.53435, -122.656044 45.53435, -122.655651 45.534348, -122.655569 45.534348, -122.655484 45.534347, -122.654952 45.534345, -122.654641 45.534344, -122.654302 45.534343, -122.653685 45.534341)"
1,17,"LINESTRING (-122.653685 45.534341, -122.653348 45.534341, -122.652839 45.534339, -122.652521 45.534338, -122.651594 45.534333, -122.651505 45.534334, -122.650682 45.534334)"
1,17,"LINESTRING (-122.650682 45.534334, -122.650629 45.534334, -122.650506 45.534333, -122.65036 45.534332, -122.649581 45.53433, -122.649472 45.534322, -122.649362 45.534315, -122.649172 45.534313, -122.648681 45.53431)"
1,17,"LINESTRING (-122.648681 45.53431, -122.648453 45.534308, -122.646672 45.534304, -122.645619 45.534315, -122.644975 45.534314)"
1,17,"LINESTRING (-122.644975 45.534314, -122.644939 45.534314, -122.644837 45.534311, -122.644712 45.534308, -122.643098 45.534301)"
1,17,"LINESTRING (-122.643098 45.534301, -122.643005 45.534301, -122.641179 45.534297, -122.641177 45.534481, -122.641177 45.534863, -122.641195 45.534968, -122.641198 45.535007, -122.641201 45.535058, -122.6412 45.535119, -122.641191 45.535208, -122.641166 45.535347, -122.641166 45.535415)"
1,17,"LINESTRING (-122.641166 45.535415, -122.641167 45.535735, -122.641167 45.53578, -122.641161 45.536431, -122.64115 45.537337, -122.64115 45.537356, -122.641123 45.537361, -122.641099 45.537371)"
1,17,"LINESTRING (-122.641099 45.537371, -122.64108 45.537385, -122.641069 45.537403, -122.641067 45.537422, -122.641072 45.53744, -122.641084 45.537456, -122.641102 45.537469, -122.641125 45.537478, -122.64115 45.537482, -122.641147 45.538071, -122.641146 45.538323, -122.641159 45.538881, -122.641158 45.538892, -122.641142 45.538893, -122.641118 45.538899, -122.641099 45.538907, -122.641077 45.538922)"
1,17,"LINESTRING (-122.641077 45.538922, -122.641064 45.538939, -122.641059 45.538954, -122.641058 45.538966, -122.641065 45.538989, -122.641077 45.539005, -122.641099 45.53902, -122.641118 45.539028, -122.64114 45.539033, -122.641163 45.539034, -122.641154 45.540436, -122.641123 45.54044, -122.6411 45.540449, -122.64108 45.540463, -122.641066 45.540479, -122.641059 45.540497, -122.641059 45.540505, -122.64106 45.540516, -122.641068 45.540534, -122.641083 45.54055, -122.641103 45.540563, -122.641127 45.540571, -122.641154 45.540574, -122.641138 45.541894)"
1,17,"LINESTRING (-122.641138 45.541894, -122.641138 45.541974, -122.641137 45.542061, -122.64113 45.543622, -122.64113 45.544207, -122.641124 45.545062)"
1,17,"LINESTRING (-122.641124 45.545062, -122.641124 45.545101, -122.641125 45.545158, -122.641126 45.545228, -122.641126 45.545692, -122.641124 45.545786, -122.641124 45.545942, -122.64112 45.546602)"
1,17,"LINESTRING (-122.64112 45.546602, -122.64112 45.546697, -122.641117 45.547531, -122.641114 45.548165, -122.641113 45.548228, -122.641113 45.54841)"
1,17,"LINESTRING (-122.641113 45.54841, -122.641106 45.549439, -122.640754 45.549442, -122.640665 45.549444, -122.640575 45.549448, -122.640427 45.549463, -122.64027 45.549484, -122.640104 45.549521, -122.639891 45.549579, -122.639703 45.549644, -122.639541 45.549707, -122.639351 45.549765, -122.63924 45.549786)"
1,17,"LINESTRING (-122.63924 45.549786, -122.639091 45.549815, -122.63889 45.549842, -122.638779 45.549852, -122.638692 45.549857, -122.6386 45.549856, -122.638494 45.549849, -122.638322 45.549831, -122.638084 45.549787, -122.637954 45.549753, -122.637701 45.549677, -122.63762 45.549658, -122.637525 45.549641, -122.637417 45.549634, -122.637362 45.549632, -122.637296 45.549634, -122.637188 45.54964, -122.637067 45.549654, -122.636869 45.549692, -122.636631 45.549745, -122.636377 45.549818, -122.636123 45.5499, -122.635917 45.549971, -122.635917 45.55015)"
1,17,"LINESTRING (-122.635917 45.55015, -122.635916 45.550283, -122.635914 45.55109, -122.635911 45.551783)"
1,17,"LINESTRING (-122.635911 45.551783, -122.635911 45.55189, -122.635904 45.55306, -122.635902 45.554222)"
1,17,"LINESTRING (-122.635902 45.554222, -122.635902 45.554322, -122.636911 45.554328, -122.637926 45.55433, -122.637927 45.555314)"
1,17,"LINESTRING (-122.637927 45.555314, -122.637927 45.555397, -122.637919 45.556321, -122.637909 45.557614)"
1,17,"LINESTRING (-122.637909 45.557614, -122.637908 45.557667, -122.637897 45.558956)"
1,17,"LINESTRING (-122.637897 45.558956, -122.637896 45.559048, -122.637889 45.560205)"
1,17,"LINESTRING (-122.637889 45.560205, -122.637889 45.560294, -122.637875 45.561531, -122.637867 45.562615)"
1,17,"LINESTRING (-122.637867 45.562615, -122.637866 45.562702, -122.638155 45.562701, -122.638154 45.564365)"
1,17,"LINESTRING (-122.638154 45.564365, -122.638154 45.566201)"
1,17,"LINESTRING (-122.638154 45.566201, -122.638154 45.566391, -122.638152 45.566762, -122.638148 45.568143)"
1,17,"LINESTRING (-122.638148 45.568143, -122.638147 45.568228, -122.638148 45.568486, -122.638148 45.569138, -122.638147 45.569486, -122.638147 45.56966)"
1,17,"LINESTRING (-122.638147 45.56966, -122.638146 45.570506, -122.638141 45.571794)"
1,17,"LINESTRING (-122.638141 45.571794, -122.638141 45.571878, -122.638148 45.572485, -122.638146 45.572577, -122.638482 45.572575, -122.638713 45.572585, -122.638936 45.57261, -122.639119 45.572637, -122.639293 45.572669, -122.639481 45.57271, -122.639669 45.572754, -122.639815 45.572792, -122.639905 45.572817)"
0,18,"LINESTRING (-122.690204 45.521959, -122.690145 45.522071, -122.690155 45.522163, -122.690125 45.522226, -122.690073 45.522339, -122.689985 45.522382, -122.689851 45.522609, -122.689819 45.522654, -122.689782 45.522699, -122.689738 45.522744, -122.689668 45.522795, -122.689597 45.522847, -122.689567 45.522865, -122.689458 45.522918, -122.689399 45.522941, -122.689334 45.522972, -122.689756 45.522994, -122.689968 45.523004)"
0,18,"LINESTRING (-122.689968 45.523004, -122.690247 45.523017, -122.690564 45.523032, -122.690694 45.523039, -122.69089 45.523049, -122.691262 45.523069, -122.691813 45.523096, -122.69218 45.523114, -122.692298 45.52312, -122.692847 45.523146)"
0,18,"LINESTRING (-122.692847 45.523146, -122.693324 45.523169, -122.693762 45.523191, -122.693861 45.523196, -122.694142 45.523211, -122.69431 45.523221, -122.694413 45.523227, -122.694766 45.523243, -122.69496 45.523252)"
0,18,"LINESTRING (-122.69496 45.523252, -122.695014 45.523254, -122.695032 45.523255, -122.695409 45.523271, -122.695921 45.523298, -122.695966 45.5233, -122.696349 45.52332, -122.696578 45.523331, -122.69682 45.523342, -122.697135 45.523358, -122.697388 45.52337, -122.697479 45.523374, -122.697683 45.523384, -122.697805 45.523399, -122.697868 45.523408, -122.698011 45.523425)"
0,18,"LINESTRING (-122.698011 45.523425, -122.698119 45.523438, -122.698287 45.523458, -122.698462 45.523476, -122.698854 45.523532, -122.698993 45.523553, -122.699527 45.523632, -122.699835 45.523674, -122.699984 45.523695, -122.699952 45.52379, -122.699929 45.523855, -122.699886 45.523906, -122.699816 45.523981, -122.699466 45.524351)"
0,18,"LINESTRING (-122.699466 45.524351, -122.699419 45.524402, -122.699364 45.524446, -122.699507 45.52458, -122.699573 45.524642, -122.699737 45.524793, -122.700336 45.525358, -122.70038 45.525402, -122.700444 45.525472, -122.700547 45.52561, -122.700804 45.526044, -122.700963 45.526304, -122.701109 45.526535, -122.701175 45.526626, -122.701306 45.526795, -122.701445 45.526981, -122.701685 45.52729, -122.701728 45.527337, -122.701764 45.527374, -122.701799 45.527407, -122.701869 45.527473)"
0,18,"LINESTRING (-122.701869 45.527473, -122.701884 45.527487, -122.701956 45.527558, -122.702021 45.527623, -122.70255 45.528209, -122.702595 45.528268, -122.702613 45.528297, -122.702619 45.528345, -122.702624 45.528418, -122.702646 45.529013, -122.702665 45.529634)"
0,18,"LINESTRING (-122.702665 45.529634, -122.702666 45.529643, -122.702657 45.529724, -122.703689 45.529713, -122.704317 45.529696, -122.704382 45.529699, -122.704424 45.529708, -122.704775 45.529982, -122.705295 45.530366)"
0,18,"LINESTRING (-122.705295 45.530366, -122.705302 45.530371, -122.70549 45.530507, -122.706215 45.531045, -122.706643 45.531361, -122.70679 45.531463, -122.707069 45.53167, -122.707198 45.531771, -122.707423 45.531904)"
0,18,"LINESTRING (-122.707423 45.531904, -122.707428 45.531906, -122.707722 45.532077, -122.708258 45.532384, -122.708375 45.532452, -122.708644 45.532616, -122.708889 45.53276, -122.70901 45.532828, -122.709326 45.533001, -122.70941 45.533037, -122.709469 45.533056, -122.709533 45.533068, -122.709621 45.533073, -122.709979 45.533072, -122.710374 45.533071, -122.710456 45.53306, -122.710508 45.533043, -122.71055 45.533017, -122.710583 45.532975, -122.710591 45.532928, -122.7106 45.532558, -122.710604 45.532541, -122.710608 45.532527)"
0,18,"LINESTRING (-122.710608 45.532527, -122.710645 45.532478, -122.710515 45.532415, -122.71047 45.532394, -122.710446 45.532384, -122.710415 45.532372, -122.710379 45.532363, -122.710313 45.53236, -122.710185 45.532363, -122.710103 45.532361, -122.710045 45.532357, -122.709975 45.532342, -122.709875 45.532315, -122.709766 45.532274, -122.708875 45.531755, -122.708686 45.531629, -122.708569 45.531524, -122.708496 45.531448, -122.708421 45.531348, -122.708357 45.531249, -122.708306 45.531156, -122.708265 45.531025, -122.708239 45.530918, -122.708195 45.530666, -122.708176 45.530546, -122.708168 45.530501)"
0,18,"LINESTRING (-122.708168 45.530501, -122.708157 45.530438, -122.708115 45.530344, -122.707707 45.529934, -122.707657 45.529861, -122.707613 45.529742, -122.707612 45.529712, -122.70762 45.52962, -122.707664 45.529559, -122.707769 45.529475, -122.707838 45.529439, -122.707997 45.529382, -122.708088 45.529372, -122.70817 45.529375)"
0,18,"LINESTRING (-122.70817 45.529375, -122.708317 45.529381, -122.708473 45.529466, -122.708558 45.529525, -122.709077 45.530053, -122.709176 45.530154, -122.709262 45.530206)"
0,18,"LINESTRING (-122.709262 45.530206, -122.709284 45.530219, -122.709333 45.530237, -122.709394 45.530251, -122.709497 45.530264, -122.709565 45.530269, -122.709663 45.53026, -122.709832 45.530211, -122.709964 45.530139, -122.710036 45.530063, -122.710078 45.529982, -122.710082 45.529916, -122.710069 45.529838, -122.710035 45.529787, -122.709589 45.529206, -122.709567 45.529157, -122.709537 45.529084, -122.709552 45.528963, -122.709574 45.528911, -122.709654 45.528823, -122.709721 45.528775, -122.709818 45.528733, -122.709919 45.528708, -122.710018 45.528695, -122.710198 45.528713, -122.710267 45.528734, -122.710333 45.528757, -122.710469 45.528832, -122.710914 45.529208, -122.711141 45.529339, -122.711219 45.529365)"
0,18,"LINESTRING (-122.711219 45.529365, -122.711253 45.529377, -122.711397 45.52941, -122.711648 45.529433, -122.712321 45.529434, -122.712319 45.529105, -122.712312 45.528993, -122.712312 45.528864)"
0,18,"LINESTRING (-122.712312 45.528864, -122.712312 45.528863, -122.712314 45.528417, -122.712346 45.528366, -122.712375 45.528345, -122.712433 45.528321, -122.712505 45.528314, -122.712702 45.528314, -122.713649 45.528313, -122.713672 45.527978, -122.713672 45.527912, -122.713646 45.527845, -122.713582 45.527762, -122.713527 45.527709, -122.71346 45.527654, -122.713358 45.527615, -122.713258 45.527597, -122.71316 45.527585, -122.713037 45.527584, -122.712439 45.527574, -122.71235 45.52756, -122.712275 45.527538, -122.712206 45.527507, -122.711692 45.527206, -122.711629 45.527136, -122.7116 45.527061, -122.711564 45.526997, -122.711521 45.526946, -122.711441 45.526884, -122.711326 45.526822, -122.711189 45.526768, -122.711096 45.52674)"
0,18,"LINESTRING (-122.711096 45.52674, -122.710918 45.526687, -122.710773 45.526666, -122.710694 45.526641, -122.710505 45.52652, -122.710401 45.526462, -122.710335 45.526439, -122.710261 45.526429, -122.710115 45.526418, -122.710045 45.526406, -122.709946 45.526377, -122.709801 45.526322, -122.709757 45.526298, -122.70971 45.526271, -122.709665 45.526231, -122.709631 45.526194, -122.709591 45.52613, -122.709563 45.526113, -122.709512 45.526092, -122.709466 45.526083, -122.70942 45.52608, -122.709371 45.526082, -122.709306 45.526092, -122.709033 45.526188, -122.708808 45.526292, -122.708604 45.526394, -122.708495 45.52642, -122.708413 45.526421, -122.708198 45.52641, -122.708052 45.526381, -122.707585 45.526316, -122.707425 45.526305, -122.707266 45.526314, -122.707129 45.526337, -122.706991 45.52634)"
0,18,"LINESTRING (-122.706991 45.52634, -122.706936 45.526341, -122.706796 45.526344, -122.706706 45.526345, -122.706634 45.526338, -122.706541 45.526323, -122.706334 45.526283, -122.706252 45.526271, -122.706079 45.526267, -122.705819 45.526263, -122.705732 45.52625, -122.705644 45.526229, -122.705559 45.526186, -122.705468 45.526097, -122.705387 45.526001, -122.705303 45.525942, -122.705223 45.52591, -122.705162 45.525901, -122.705115 45.5259, -122.705024 45.525917, -122.704972 45.525939, -122.704915 45.525988, -122.704723 45.52596, -122.704647 45.525939, -122.704605 45.525918, -122.704564 45.525886, -122.704446 45.52573, -122.704425 45.525681, -122.704414 45.525629, -122.704408 45.525584)"
0,18,"LINESTRING (-122.704408 45.525584, -122.704406 45.525575, -122.70441 45.525545, -122.704418 45.52552, -122.704429 45.525497, -122.704451 45.525473, -122.704493 45.525435, -122.704535 45.525409, -122.705291 45.525069, -122.705428 45.525005, -122.705532 45.524967, -122.705606 45.524947, -122.705679 45.524933, -122.706246 45.524841, -122.706832 45.524738, -122.706927 45.524718, -122.707005 45.524696, -122.707046 45.524679, -122.70714 45.52462, -122.707238 45.524571, -122.707292 45.52455, -122.707358 45.524534, -122.707529 45.52451, -122.707671 45.524505, -122.707724 45.524503, -122.707763 45.524498, -122.707809 45.524486, -122.707868 45.524465, -122.70814 45.524343, -122.708324 45.524249, -122.708508 45.524169, -122.708922 45.524001, -122.708984 45.523971, -122.709028 45.523943, -122.709236 45.523785, -122.709292 45.523755, -122.709364 45.523729, -122.709618 45.52365, -122.709722 45.523615, -122.709743 45.523601, -122.709755 45.523584, -122.709761 45.523562)"
0,18,"LINESTRING (-122.709761 45.523562, -122.709755 45.523525, -122.709738 45.523484, -122.709702 45.523426, -122.709487 45.523485, -122.709362 45.523518, -122.708631 45.523708, -122.708451 45.523756, -122.708272 45.523802, -122.708137 45.523832, -122.708024 45.523849, -122.707499 45.523902, -122.707381 45.523915)"
0,18,"LINESTRING (-122.707381 45.523915, -122.70613 45.524052, -122.705991 45.524066, -122.705816 45.524082, -122.705711 45.52409, -122.705577 45.524097, -122.705457 45.524102, -122.704328 45.524142, -122.703259 45.524175, -122.70271 45.524196, -122.702571 45.524196, -122.702458 45.524189, -122.702352 45.524178, -122.702215 45.524162, -122.702136 45.524146, -122.702032 45.524125, -122.701869 45.524087, -122.701453 45.52399, -122.701384 45.523973, -122.701299 45.523954, -122.700944 45.523869)"
0,18,"LINESTRING (-122.700944 45.523869, -122.700643 45.523797, -122.700576 45.523783, -122.700485 45.523768, -122.699984 45.523695, -122.699835 45.523674, -122.699527 45.523632, -122.698993 45.523553, -122.698854 45.523532, -122.698462 45.523476, -122.698287 45.523458, -122.698119 45.523438, -122.697868 45.523408, -122.697805 45.523399, -122.697683 45.523384, -122.697479 45.523374, -122.697388 45.52337, -122.697135 45.523358, -122.696987 45.52335)"
0,18,"LINESTRING (-122.696987 45.52335, -122.69682 45.523342, -122.696578 45.523331, -122.696349 45.52332, -122.695966 45.5233, -122.695921 45.523298, -122.695409 45.523271, -122.695032 45.523255, -122.695014 45.523254, -122.694766 45.523243, -122.694481 45.52323)"
0,18,"LINESTRING (-122.694481 45.52323, -122.694413 45.523227, -122.69431 45.523221, -122.694142 45.523211, -122.693861 45.523196, -122.693762 45.523191, -122.693324 45.523169, -122.692561 45.523132)"
0,18,"LINESTRING (-122.692561 45.523132, -122.692298 45.52312, -122.69218 45.523114, -122.691813 45.523096, -122.691262 45.523069, -122.69089 45.523049, -122.690694 45.523039, -122.690564 45.523032, -122.690247 45.523017, -122.690215 45.522867, -122.690132 45.522503, -122.69012 45.522446, -122.690118 45.522399, -122.690073 45.522339, -122.690125 45.522226, -122.690155 45.522163, -122.690252 45.522095, -122.690367 45.521882)"
0,18,"LINESTRING (-122.690367 45.521882, -122.690418 45.521789, -122.690559 45.521579, -122.690635 45.521445, -122.69092 45.520913, -122.690954 45.520851, -122.690992 45.520791, -122.691057 45.520694, -122.691086 45.520655, -122.691127 45.52061, -122.691174 45.520574, -122.691187 45.520563, -122.691314 45.520395, -122.691344 45.520359)"
0,19,"LINESTRING (-122.563858 45.530556, -122.563903 45.530678, -122.564005 45.531008, -122.564003 45.531055, -122.563969 45.531106, -122.563897 45.531154, -122.563873 45.531162, -122.563846 45.531172, -122.563794 45.531186, -122.563739 45.531199, -122.563555 45.531234, -122.563535 45.531163, -122.563504 45.531062, -122.563198 45.530303, -122.563158 45.530197, -122.563116 45.529906, -122.563118 45.529894)"
0,19,"LINESTRING (-122.563118 45.529894, -122.563141 45.529758, -122.563131 45.529692, -122.56313 45.529684, -122.56312 45.529636, -122.563066 45.529533, -122.563 45.529466, -122.562594 45.529468, -122.562054 45.52947, -122.561942 45.529477, -122.561944 45.528923, -122.561948 45.528501, -122.56195 45.528369, -122.561952 45.528199, -122.561958 45.52772, -122.561961 45.527497, -122.561982 45.526545)"
0,19,"LINESTRING (-122.561982 45.526545, -122.561985 45.52641, -122.561981 45.526284, -122.562097 45.526286, -122.562907 45.526288, -122.563531 45.526296, -122.56391 45.526304, -122.564199 45.526311, -122.564316 45.526315, -122.564463 45.526318, -122.56462 45.526319, -122.56585 45.526329, -122.566043 45.526327, -122.566568 45.526332, -122.566786 45.526334, -122.566924 45.526335, -122.567445 45.52634, -122.567708 45.526342, -122.568346 45.526347, -122.568526 45.526349)"
0,19,"LINESTRING (-122.568526 45.526349, -122.568652 45.52635, -122.569331 45.526354, -122.56992 45.526358, -122.570308 45.526361, -122.571166 45.526366)"
0,19,"LINESTRING (-122.571166 45.526366, -122.571264 45.526367, -122.572877 45.526377, -122.573624 45.526381, -122.573889 45.526384, -122.574993 45.526393, -122.575291 45.526396, -122.575976 45.526401, -122.57601 45.526401, -122.576224 45.526402)"
0,19,"LINESTRING (-122.576224 45.526402, -122.576486 45.526404, -122.57662 45.526405, -122.577031 45.526408, -122.578042 45.526415, -122.578445 45.526418, -122.578521 45.526419, -122.57886 45.526421)"
0,19,"LINESTRING (-122.57886 45.526421, -122.578928 45.526421, -122.579056 45.52642, -122.579197 45.52642, -122.580015 45.526425, -122.58025 45.526425, -122.581338 45.526428)"
0,19,"LINESTRING (-122.581338 45.526428, -122.581466 45.526428, -122.582427 45.526429, -122.583368 45.526434)"
0,19,"LINESTRING (-122.583368 45.526434, -122.583539 45.526434, -122.58471 45.526437, -122.585835 45.526438, -122.586647 45.526443)"
0,19,"LINESTRING (-122.586647 45.526443, -122.58673 45.526444, -122.586815 45.526444, -122.587229 45.526445, -122.587569 45.526446, -122.587791 45.526446, -122.587895 45.526447, -122.588927 45.526447, -122.589727 45.52645)"
0,19,"LINESTRING (-122.589727 45.52645, -122.58986 45.52645, -122.591431 45.526454, -122.592444 45.526458, -122.593465 45.526459, -122.593732 45.52646, -122.594348 45.526462)"
0,19,"LINESTRING (-122.594348 45.526462, -122.594375 45.526462, -122.594483 45.526464, -122.594563 45.526465, -122.595077 45.526468, -122.595395 45.526478, -122.595682 45.526478, -122.596387 45.52648, -122.596949 45.526481)"
0,19,"LINESTRING (-122.596949 45.526481, -122.597097 45.526481, -122.597701 45.52648, -122.598415 45.526474, -122.598696 45.526474, -122.599479 45.526477)"
0,19,"LINESTRING (-122.599479 45.526477, -122.599698 45.526477, -122.600846 45.526476, -122.601883 45.52648)"
0,19,"LINESTRING (-122.601883 45.52648, -122.602265 45.526481, -122.603834 45.526486, -122.603947 45.526487, -122.604286 45.526488, -122.604681 45.526489)"
0,19,"LINESTRING (-122.604681 45.526489, -122.6048 45.52649, -122.605413 45.526492, -122.606362 45.526492, -122.607387 45.526495)"
0,19,"LINESTRING (-122.607387 45.526495, -122.607529 45.526496, -122.608885 45.526499, -122.609936 45.526502)"
0,19,"LINESTRING (-122.609936 45.526502, -122.610112 45.526503, -122.610246 45.526503, -122.61282 45.526508, -122.613746 45.526511)"
0,19,"LINESTRING (-122.613746 45.526511, -122.614602 45.526514, -122.614761 45.5265, -122.614912 45.526478, -122.614999 45.526456, -122.615098 45.526432, -122.615256 45.526417, -122.615389 45.52641, -122.615613 45.526408, -122.616064 45.526411)"
0,19,"LINESTRING (-122.616064 45.526411, -122.616167 45.526412, -122.617306 45.526413, -122.618653 45.526417)"
0,19,"LINESTRING (-122.618653 45.526417, -122.618835 45.526418, -122.62114 45.526425, -122.621375 45.526426, -122.621989 45.526427, -122.6222 45.526464, -122.622273 45.526474, -122.622352 45.52649, -122.622434 45.526513, -122.62268 45.526602, -122.622747 45.526652, -122.622816 45.526685, -122.62286 45.526699, -122.622929 45.526714, -122.623 45.526719, -122.623042 45.526716)"
0,19,"LINESTRING (-122.623042 45.526716, -122.623091 45.526713, -122.623177 45.526693, -122.623283 45.526643, -122.62333 45.526608, -122.623529 45.526531, -122.623601 45.52651, -122.623679 45.526489, -122.623755 45.526474, -122.623832 45.526466, -122.624029 45.526431, -122.624859 45.526433)"
0,19,"LINESTRING (-122.624859 45.526433, -122.624973 45.526434, -122.625075 45.526434, -122.625173 45.526435, -122.626092 45.526438, -122.627111 45.526443, -122.628126 45.52644, -122.629131 45.526444, -122.629255 45.526444)"
0,19,"LINESTRING (-122.629255 45.526444, -122.630142 45.526447, -122.631465 45.526453)"
0,19,"LINESTRING (-122.631465 45.526453, -122.631606 45.526454, -122.631687 45.526453, -122.631764 45.526453, -122.633089 45.526458, -122.634373 45.52646)"
0,19,"LINESTRING (-122.634373 45.52646, -122.634499 45.526461, -122.635898 45.526465, -122.637113 45.526469, -122.637203 45.526468, -122.637296 45.526467, -122.63766 45.526467)"
0,19,"LINESTRING (-122.63766 45.526467, -122.638068 45.526466, -122.63927 45.526466, -122.641286 45.526474)"
0,19,"LINESTRING (-122.641286 45.526474, -122.641409 45.526475, -122.643153 45.526482, -122.643224 45.526487, -122.643275 45.526497, -122.643333 45.526518, -122.643386 45.526553, -122.643419 45.526588, -122.643437 45.526652, -122.643438 45.526715, -122.643517 45.526684, -122.643861 45.526543, -122.644397 45.526316, -122.64458 45.52625, -122.645032 45.526082)"
0,19,"LINESTRING (-122.645032 45.526082, -122.645366 45.525959, -122.645474 45.52592, -122.645565 45.525887, -122.646034 45.525711, -122.646495 45.525546, -122.647516 45.525168, -122.647613 45.525132, -122.647872 45.525037)"
0,19,"LINESTRING (-122.647872 45.525037, -122.647998 45.524991, -122.648536 45.524793, -122.64931 45.524506)"
0,19,"LINESTRING (-122.64931 45.524506, -122.649439 45.524459, -122.649568 45.524409, -122.649684 45.524364, -122.650158 45.524175, -122.650563 45.524013, -122.650743 45.523941, -122.650887 45.523924, -122.651392 45.523725)"
0,19,"LINESTRING (-122.651392 45.523725, -122.651393 45.523724, -122.65153 45.523671, -122.651585 45.523649, -122.651629 45.523636, -122.651671 45.523625, -122.651711 45.52362, -122.651738 45.523617, -122.651794 45.523613, -122.651824 45.523612, -122.65198 45.523614, -122.652597 45.523615, -122.653125 45.523617, -122.653392 45.523617)"
0,19,"LINESTRING (-122.653392 45.523617, -122.653461 45.523617, -122.653618 45.523618, -122.654623 45.523622, -122.655638 45.523625, -122.656651 45.523628, -122.657665 45.523632, -122.658544 45.523634)"
0,19,"LINESTRING (-122.658544 45.523634, -122.658679 45.523635, -122.659241 45.523636, -122.659695 45.523638, -122.659793 45.523639, -122.660653 45.523641, -122.660853 45.523641, -122.66153 45.523644)"
0,19,"LINESTRING (-122.66153 45.523644, -122.661622 45.523644, -122.661758 45.523649, -122.661819 45.523651, -122.661902 45.523654, -122.662001 45.523652, -122.662056 45.523644, -122.662096 45.523632, -122.662137 45.523618, -122.662177 45.523596, -122.662208 45.523574, -122.66224 45.523548, -122.662259 45.523522, -122.662275 45.523491, -122.662287 45.523453, -122.66229 45.523419, -122.6623 45.523224, -122.662306 45.523178, -122.662314 45.523142, -122.662332 45.523102, -122.662356 45.523073, -122.662362 45.523066, -122.662382 45.523052, -122.66242 45.523032, -122.662453 45.52302, -122.662512 45.523005, -122.662582 45.522994, -122.662697 45.522958, -122.663399 45.522972, -122.664882 45.523001, -122.66711 45.523046, -122.667564 45.523055, -122.668014 45.523063, -122.670109 45.523105, -122.670436 45.523112, -122.671121 45.523125)"
0,19,"LINESTRING (-122.671121 45.523125, -122.671198 45.523127, -122.671597 45.523135, -122.671693 45.523173, -122.672247 45.523183, -122.67238 45.523196, -122.673389 45.523178, -122.674404 45.523159, -122.675403 45.523141, -122.675386 45.523025, -122.67538 45.522962, -122.675383 45.522922, -122.675394 45.52288, -122.675478 45.522703, -122.675527 45.522612, -122.675542 45.52258, -122.675556 45.522549, -122.675715 45.522215, -122.67573 45.522184)"
0,19,"LINESTRING (-122.67573 45.522184, -122.67575 45.522128, -122.675774 45.52206, -122.676064 45.521534, -122.67611 45.521457, -122.67616 45.52137, -122.676395 45.520922)"
0,19,"LINESTRING (-122.676395 45.520922, -122.676429 45.520857, -122.676466 45.52079, -122.676796 45.520181, -122.676825 45.520125, -122.676865 45.520048, -122.677133 45.519566, -122.677166 45.519507, -122.67719 45.519457, -122.677239 45.519358, -122.677521 45.518833, -122.677543 45.518798, -122.67756 45.51877, -122.677579 45.51874, -122.677878 45.518179, -122.677899 45.518142, -122.677916 45.518112, -122.677953 45.518045, -122.6782 45.517579)"
0,19,"LINESTRING (-122.6782 45.517579, -122.678221 45.517539, -122.678283 45.517462, -122.678644 45.516795, -122.679004 45.51613, -122.679366 45.515462, -122.67973 45.51479, -122.680012 45.514269)"
0,19,"LINESTRING (-122.680012 45.514269, -122.680086 45.514133, -122.680448 45.513466, -122.680565 45.513249, -122.68069 45.513019, -122.68081 45.512796, -122.680848 45.512727, -122.68104 45.512371, -122.68117 45.512133, -122.681241 45.512001, -122.681401 45.511705, -122.681461 45.511595, -122.68153 45.511468, -122.68154 45.511448, -122.681664 45.511222, -122.68183 45.510914, -122.681849 45.510879)"
0,19,"LINESTRING (-122.681849 45.510879, -122.681893 45.510797, -122.682043 45.510523, -122.682095 45.510426, -122.682195 45.510239, -122.682253 45.510133, -122.682522 45.509636, -122.682613 45.509467, -122.682839 45.50905, -122.682943 45.508858, -122.682973 45.508787, -122.682988 45.508748, -122.683002 45.50871, -122.683042 45.5086, -122.683023 45.508493, -122.683022 45.508434, -122.68303 45.508247, -122.683032 45.50823, -122.683033 45.508214, -122.683036 45.508152, -122.683049 45.508045, -122.68296 45.508029, -122.682834 45.50802, -122.682648 45.50802, -122.682456 45.508019, -122.682177 45.508015, -122.682114 45.508012, -122.682073 45.50801, -122.682014 45.508003, -122.681962 45.507993, -122.681877 45.507971, -122.681752 45.507943, -122.681647 45.507921, -122.681558 45.507904, -122.681459 45.507889, -122.68135 45.50788, -122.681267 45.507877, -122.681109 45.507872, -122.680977 45.50787, -122.680573 45.507848, -122.68043 45.507844, -122.680182 45.507836, -122.680132 45.507836)"
0,19,"LINESTRING (-122.680132 45.507836, -122.680036 45.507837, -122.679927 45.507839, -122.679801 45.507846, -122.679603 45.507858, -122.679419 45.50787, -122.67922 45.507876, -122.678891 45.507895, -122.678744 45.507909, -122.67875 45.507156, -122.678756 45.506552, -122.67876 45.50639)"
0,19,"LINESTRING (-122.67876 45.50639, -122.678769 45.506037, -122.678778 45.505879, -122.678789 45.505285, -122.678793 45.505056, -122.678801 45.504748, -122.678804 45.504522, -122.678787 45.50433, -122.678787 45.504211, -122.678796 45.504046, -122.678793 45.504006, -122.678704 45.503977, -122.678701 45.503928)"
0,19,"LINESTRING (-122.678701 45.503928, -122.678695 45.503845, -122.678736 45.503777, -122.678681 45.503667, -122.67824 45.503666, -122.678176 45.503666, -122.678107 45.503651, -122.678046 45.503627, -122.677993 45.503592, -122.677963 45.50355, -122.677941 45.503482, -122.677942 45.503234, -122.677949 45.503038, -122.677962 45.502323, -122.677963 45.502192)"
0,19,"LINESTRING (-122.677963 45.502192, -122.677963 45.502179, -122.677964 45.502135, -122.677944 45.502079, -122.677944 45.501974, -122.677939 45.501884, -122.677926 45.501772, -122.677921 45.501698, -122.677918 45.501612, -122.677915 45.501289, -122.677918 45.501171, -122.67793 45.50108, -122.677962 45.500992, -122.677988 45.500949, -122.678039 45.500891, -122.678075 45.500855, -122.678111 45.500826, -122.678177 45.500786, -122.678286 45.500714, -122.678355 45.500661, -122.678417 45.500598, -122.678454 45.500535, -122.678472 45.500463, -122.678472 45.5004, -122.678464 45.50034, -122.678431 45.500267, -122.678395 45.500216, -122.678312 45.500146, -122.678224 45.500099, -122.678129 45.500063, -122.678067 45.500047, -122.677945 45.500031, -122.677871 45.500032, -122.677777 45.500044, -122.677635 45.50008, -122.677527 45.500113, -122.677329 45.500162, -122.677182 45.500196, -122.676934 45.500239, -122.676764 45.500258, -122.676489 45.500276, -122.675649 45.50034, -122.675251 45.500372)"
0,19,"LINESTRING (-122.675251 45.500372, -122.675016 45.500391, -122.674677 45.500423, -122.674516 45.500438, -122.674402 45.500472, -122.674288 45.500481, -122.673512 45.50054, -122.667766 45.500977, -122.662283 45.501397, -122.660358 45.501552, -122.660143 45.501564, -122.659945 45.501569, -122.659375 45.501563, -122.659014 45.501558, -122.658827 45.501556, -122.658705 45.501554, -122.658548 45.501552, -122.658395 45.501509, -122.657815 45.501496, -122.657323 45.501485, -122.657193 45.501485)"
0,19,"LINESTRING (-122.657193 45.501485, -122.656797 45.501483, -122.656688 45.501484, -122.656654 45.501484, -122.656352 45.501479, -122.656151 45.501469, -122.655994 45.501451, -122.655887 45.501431, -122.65577 45.501408, -122.655585 45.501375, -122.654794 45.501218, -122.654446 45.501152)"
0,19,"LINESTRING (-122.654446 45.501152, -122.654385 45.50114, -122.654223 45.501108, -122.654221 45.501018, -122.654223 45.500696, -122.654223 45.500204, -122.65422 45.499681, -122.654219 45.499614, -122.654219 45.498862, -122.654203 45.49877, -122.654049 45.498206)"
0,19,"LINESTRING (-122.654049 45.498206, -122.654043 45.498183, -122.653846 45.497507, -122.653752 45.497177, -122.653641 45.496789, -122.653526 45.496378, -122.653434 45.496068, -122.653243 45.495399, -122.653224 45.495335, -122.653112 45.494973, -122.65284 45.494122)"
0,19,"LINESTRING (-122.65284 45.494122, -122.6528 45.493999, -122.652383 45.493059, -122.652219 45.492702, -122.65204 45.492297, -122.65197 45.492144, -122.651902 45.491999, -122.651686 45.491514)"
0,19,"LINESTRING (-122.651686 45.491514, -122.651652 45.491437, -122.651593 45.491307, -122.651394 45.490851, -122.651309 45.490668, -122.651188 45.490407, -122.651157 45.49033, -122.651126 45.490251, -122.651072 45.490021, -122.650976 45.489612, -122.650944 45.489483, -122.650866 45.489168, -122.65079 45.488864, -122.650758 45.488735, -122.650667 45.488372)"
0,19,"LINESTRING (-122.650667 45.488372, -122.650623 45.488198, -122.650419 45.487557, -122.65026 45.487048, -122.650125 45.486612, -122.650034 45.486355, -122.649895 45.48603)"
0,19,"LINESTRING (-122.649895 45.48603, -122.649874 45.485981, -122.649756 45.485712, -122.649733 45.485655, -122.649595 45.485321, -122.649587 45.485226, -122.649609 45.483915, -122.649611 45.483855)"
0,19,"LINESTRING (-122.649611 45.483855, -122.649616 45.48355, -122.649624 45.483304, -122.649629 45.483122, -122.64963 45.483082, -122.649639 45.482672, -122.649647 45.482363, -122.649656 45.482001, -122.649661 45.481787, -122.64966 45.481667, -122.649649 45.481527, -122.649583 45.480927)"
0,19,"LINESTRING (-122.649583 45.480927, -122.649574 45.480845, -122.649483 45.48003, -122.649409 45.479326, -122.64938 45.479055, -122.649334 45.47862, -122.649307 45.478389, -122.649302 45.478347, -122.649288 45.478227, -122.649257 45.477959, -122.649249 45.477892, -122.649213 45.477594, -122.649201 45.4775, -122.649181 45.47733, -122.649174 45.477273)"
0,19,"LINESTRING (-122.649174 45.477273, -122.649164 45.477183, -122.649152 45.477084, -122.649142 45.476992, -122.649134 45.47693, -122.649112 45.476756, -122.649086 45.47654, -122.649076 45.476465, -122.649071 45.476418, -122.649039 45.476152, -122.649008 45.475902, -122.648963 45.475526, -122.64894 45.475331, -122.648927 45.475229)"
0,19,"LINESTRING (-122.648927 45.475229, -122.648917 45.475144, -122.648895 45.474968, -122.648867 45.47473, -122.64883 45.474431, -122.648787 45.474071, -122.648756 45.473795, -122.648745 45.47372, -122.648642 45.473725, -122.648186 45.473751, -122.647865 45.47377)"
0,19,"LINESTRING (-122.647865 45.47377, -122.647839 45.473772, -122.647734 45.473778, -122.646742 45.473845, -122.645755 45.473906, -122.644761 45.473965, -122.643799 45.474022, -122.64281 45.474084, -122.642383 45.474111)"
0,19,"LINESTRING (-122.642383 45.474111, -122.641696 45.474155, -122.64154 45.474159, -122.641358 45.474165, -122.641066 45.474178, -122.640701 45.474202, -122.639854 45.474251, -122.639788 45.474255)"
0,19,"LINESTRING (-122.639788 45.474255, -122.639236 45.474287, -122.638406 45.474337, -122.638077 45.474356, -122.637684 45.474369, -122.637434 45.474371, -122.637071 45.474368, -122.636464 45.474367, -122.635972 45.47437)"
0,19,"LINESTRING (-122.635972 45.47437, -122.635951 45.47437, -122.635873 45.474374, -122.635804 45.474378, -122.635685 45.474389, -122.635492 45.474413, -122.635282 45.474456, -122.635153 45.474487, -122.634987 45.474537, -122.634837 45.474593, -122.634763 45.474627, -122.634668 45.474679, -122.634591 45.474733, -122.634528 45.474789, -122.634478 45.474847, -122.634433 45.474928, -122.634427 45.474945)"
0,19,"LINESTRING (-122.634427 45.474945, -122.63441 45.474999, -122.634401 45.475059, -122.634396 45.475134, -122.634415 45.475226, -122.63444 45.475295, -122.634469 45.475353, -122.634522 45.475423, -122.634609 45.475541, -122.634668 45.475635, -122.634718 45.475732, -122.634769 45.475876, -122.634789 45.475957, -122.634798 45.476021, -122.634803 45.476108, -122.634803 45.476513, -122.634796 45.4766, -122.634787 45.476665, -122.63477 45.47675, -122.634746 45.476827, -122.634709 45.476917, -122.634673 45.476986, -122.634625 45.477068, -122.634567 45.477145, -122.634461 45.477265, -122.634399 45.477329, -122.634339 45.47738, -122.634196 45.477481, -122.634122 45.477547, -122.634084 45.477594, -122.634065 45.477624, -122.634051 45.477648)"
0,19,"LINESTRING (-122.634051 45.477648, -122.634039 45.477696, -122.634034 45.477735, -122.634032 45.477776, -122.634042 45.477825, -122.634058 45.477866, -122.634085 45.477915, -122.634122 45.477958, -122.634163 45.477995, -122.634216 45.478034, -122.634269 45.478063, -122.63439 45.478113, -122.634459 45.478147, -122.634515 45.478183, -122.634575 45.478233, -122.634614 45.478287, -122.634642 45.478349, -122.634655 45.478412, -122.634654 45.478484, -122.634646 45.47852, -122.634599 45.478638, -122.63454 45.47869, -122.634486 45.478726, -122.634408 45.478763, -122.634344 45.478781, -122.63401 45.478846, -122.633878 45.478888, -122.633313 45.478992, -122.633214 45.479013, -122.633147 45.479031, -122.633031 45.47907, -122.632913 45.479114, -122.632806 45.479168, -122.632745 45.479193, -122.632646 45.479224, -122.632637 45.479226)"
0,19,"LINESTRING (-122.632637 45.479226, -122.63254 45.479249, -122.632441 45.479264, -122.632325 45.479267, -122.632241 45.479265, -122.632172 45.47926, -122.632076 45.479245, -122.632004 45.479229, -122.631904 45.479201, -122.631788 45.479174, -122.631646 45.479148, -122.631518 45.479131, -122.631354 45.479116, -122.631208 45.47911, -122.631102 45.479111, -122.630977 45.479114, -122.630795 45.47913, -122.630626 45.479155)"
0,19,"LINESTRING (-122.630626 45.479155, -122.630596 45.47916, -122.63043 45.479186, -122.630287 45.479206, -122.630137 45.479221, -122.629974 45.479227, -122.629877 45.479228, -122.629725 45.479223, -122.629557 45.479208, -122.629408 45.479193, -122.629307 45.479183, -122.629216 45.479174, -122.629045 45.479163, -122.628956 45.47916, -122.628879 45.479162, -122.628795 45.479175, -122.628482 45.479254, -122.628471 45.479257, -122.628463 45.479259)"
0,19,"LINESTRING (-122.628463 45.479259, -122.628354 45.479282, -122.628231 45.479306, -122.628081 45.479328, -122.62792 45.479345, -122.627771 45.479352, -122.627613 45.479355, -122.6275 45.479352, -122.627385 45.479345, -122.627292 45.479335, -122.627198 45.479319, -122.627101 45.479298, -122.626967 45.479262, -122.626885 45.479247, -122.626793 45.479233)"
0,19,"LINESTRING (-122.626793 45.479233, -122.626785 45.479232, -122.626695 45.479225, -122.626574 45.479219, -122.62597 45.479215, -122.625668 45.479212, -122.623696 45.479202)"
0,19,"LINESTRING (-122.623696 45.479202, -122.623626 45.479202, -122.622765 45.479196, -122.622669 45.479196, -122.622561 45.479197, -122.622268 45.479193, -122.621958 45.479195, -122.62165 45.479201, -122.621337 45.4792, -122.620708 45.4792)"
0,19,"LINESTRING (-122.620708 45.4792, -122.620592 45.4792, -122.620479 45.479154, -122.620008 45.47915, -122.619839 45.479149, -122.619649 45.479148, -122.619525 45.479187, -122.619117 45.479186, -122.618907 45.479185, -122.618621 45.479185)"
0,19,"LINESTRING (-122.618621 45.479185, -122.618495 45.479185, -122.61826 45.479184, -122.617925 45.479183, -122.617478 45.479183, -122.617207 45.479182, -122.616802 45.479182, -122.616465 45.47918, -122.615861 45.479179, -122.615658 45.479178)"
0,19,"LINESTRING (-122.615658 45.479178, -122.615562 45.479177, -122.615447 45.479177, -122.615349 45.479176, -122.615094 45.479176, -122.614651 45.479175, -122.614436 45.479175, -122.613851 45.479174, -122.612686 45.479174, -122.612413 45.479171, -122.612313 45.479139, -122.612108 45.479139)"
0,19,"LINESTRING (-122.612108 45.479139, -122.612039 45.479139, -122.611947 45.479169, -122.611641 45.479167, -122.611398 45.479167, -122.610054 45.479166, -122.609961 45.479127, -122.609669 45.479124, -122.609647 45.479133)"
0,19,"LINESTRING (-122.609647 45.479133, -122.609576 45.479161, -122.609388 45.479162, -122.609126 45.479162, -122.608842 45.479161, -122.608735 45.479161, -122.608733 45.479059, -122.608734 45.478774, -122.608734 45.478581, -122.608741 45.47842, -122.608743 45.478126, -122.608743 45.47782)"
0,19,"LINESTRING (-122.608743 45.47782, -122.608743 45.477711, -122.608741 45.477488, -122.60874 45.477006, -122.608742 45.476541, -122.608737 45.476281, -122.608727 45.476075, -122.608726 45.475904, -122.608735 45.47583, -122.60863 45.475828, -122.607502 45.475828)"
0,19,"LINESTRING (-122.607502 45.475828, -122.606512 45.475827, -122.606294 45.475826, -122.605921 45.475825, -122.605624 45.475825, -122.605139 45.475826, -122.604815 45.475823, -122.604529 45.475825)"
0,19,"LINESTRING (-122.604529 45.475825, -122.604155 45.475827, -122.603525 45.475822, -122.602881 45.475821, -122.602381 45.475821)"
0,19,"LINESTRING (-122.602381 45.475821, -122.600958 45.475821, -122.600307 45.475822, -122.599667 45.47582, -122.599012 45.475824, -122.598386 45.47583, -122.598138 45.475832, -122.597746 45.475834, -122.597255 45.475837)"
0,19,"LINESTRING (-122.597255 45.475837, -122.597128 45.475838, -122.596458 45.475842, -122.596175 45.475844, -122.595804 45.475846, -122.595184 45.475849, -122.594535 45.475852, -122.594347 45.475855)"
0,19,"LINESTRING (-122.594347 45.475855, -122.594226 45.475856, -122.593252 45.47586, -122.592564 45.475863, -122.592275 45.475865, -122.591324 45.475872, -122.590346 45.475878, -122.589496 45.475884)"
0,19,"LINESTRING (-122.589496 45.475884, -122.589349 45.475884, -122.588073 45.475881, -122.587435 45.475883, -122.586785 45.47588, -122.5865 45.475879, -122.586242 45.475879)"
0,19,"LINESTRING (-122.586242 45.475879, -122.585507 45.475878, -122.584155 45.475875, -122.583128 45.475875)"
0,19,"LINESTRING (-122.583128 45.475875, -122.582307 45.475875, -122.581666 45.475874, -122.581107 45.475873, -122.58011 45.475873, -122.579608 45.475867, -122.579441 45.475866)"
0,19,"LINESTRING (-122.579441 45.475866, -122.579081 45.475864, -122.579078 45.475796, -122.57908 45.475541, -122.579081 45.475171, -122.579079 45.474483, -122.579074 45.474071, -122.579074 45.473726)"
0,19,"LINESTRING (-122.579074 45.473726, -122.579074 45.473522, -122.579069 45.472426, -122.579069 45.472267, -122.579068 45.472043, -122.579061 45.471191, -122.57906 45.471085)"
0,19,"LINESTRING (-122.57906 45.471085, -122.57906 45.471005, -122.579059 45.47048, -122.579059 45.470028, -122.579057 45.469539, -122.579056 45.469359, -122.579056 45.46914, -122.579054 45.468752, -122.579053 45.46867, -122.578921 45.468668, -122.578464 45.468658)"
0,19,"LINESTRING (-122.578464 45.468658, -122.578003 45.468648, -122.577604 45.468639, -122.577166 45.468628, -122.576952 45.468623, -122.576586 45.468613, -122.576099 45.468601, -122.576016 45.468599)"
0,19,"LINESTRING (-122.576016 45.468599, -122.575901 45.468596, -122.574888 45.468571, -122.573909 45.468548, -122.573353 45.468534, -122.5729 45.468524, -122.572819 45.468503, -122.57266 45.468487, -122.572478 45.46848, -122.572188 45.468475, -122.572017 45.468481, -122.571955 45.468484, -122.571833 45.468497, -122.571335 45.468484, -122.571295 45.468483)"
0,19,"LINESTRING (-122.571295 45.468483, -122.570222 45.468458, -122.569748 45.468447, -122.568588 45.468415, -122.56844 45.468413, -122.568144 45.468404, -122.567946 45.468394)"
0,19,"LINESTRING (-122.567946 45.468394, -122.567209 45.468359, -122.566867 45.468348, -122.566776 45.468321, -122.566591 45.468318, -122.566495 45.468318, -122.566412 45.468317, -122.566293 45.468317, -122.566192 45.468322, -122.566146 45.468326, -122.566067 45.468354, -122.565857 45.46836, -122.565686 45.468364, -122.565587 45.468362, -122.565492 45.468354, -122.565379 45.468339, -122.565331 45.468331)"
0,19,"LINESTRING (-122.565331 45.468331, -122.565272 45.468321, -122.565119 45.468276, -122.565019 45.468236, -122.564912 45.468182, -122.564799 45.468113, -122.564698 45.468031, -122.564632 45.46797, -122.564576 45.467906, -122.564539 45.467853, -122.564504 45.467794, -122.564437 45.467681, -122.564107 45.467041, -122.564037 45.466937, -122.563957 45.466847)"
0,19,"LINESTRING (-122.563957 45.466847, -122.563925 45.466811, -122.563821 45.466733, -122.56373 45.466674, -122.563627 45.46662, -122.563508 45.466569, -122.563341 45.466519, -122.563172 45.466478, -122.562865 45.466405, -122.562197 45.466237, -122.561401 45.466036, -122.560769 45.46588, -122.560414 45.465797, -122.560343 45.465785, -122.560181 45.465756, -122.560018 45.465727)"
0,19,"LINESTRING (-122.560018 45.465727, -122.559861 45.465698, -122.559161 45.465618, -122.558952 45.465585, -122.558792 45.465553, -122.558616 45.465505, -122.558471 45.46546, -122.558307 45.465404, -122.55818 45.465349, -122.558024 45.465264, -122.557865 45.465168, -122.557737 45.465082, -122.557572 45.464955, -122.557371 45.464808, -122.557301 45.464765, -122.557219 45.464725, -122.557148 45.464693, -122.557051 45.464665, -122.556961 45.464646, -122.556881 45.464638, -122.556781 45.464632, -122.556553 45.464628, -122.556094 45.464632)"
0,19,"LINESTRING (-122.556094 45.464632, -122.555872 45.464635, -122.555749 45.464636, -122.555645 45.464637, -122.552633 45.464667, -122.550301 45.464689, -122.549103 45.464693, -122.548908 45.46469, -122.548752 45.464682, -122.54865 45.464668, -122.54858 45.464651, -122.548511 45.464626, -122.548376 45.464555, -122.548281 45.464488, -122.548207 45.464418, -122.548155 45.46436, -122.548102 45.464286, -122.548047 45.464222, -122.548047 45.464401, -122.54805 45.464527)"
0,19,"LINESTRING (-122.54805 45.464527, -122.548055 45.464715, -122.548601 45.464712, -122.548752 45.464682, -122.548908 45.46469, -122.549103 45.464693, -122.550301 45.464689, -122.552633 45.464667, -122.555645 45.464637, -122.555749 45.464636, -122.555854 45.464635)"
0,19,"LINESTRING (-122.555872 45.464635, -122.556553 45.464628, -122.556781 45.464632, -122.556881 45.464638, -122.556961 45.464646, -122.557051 45.464665, -122.557148 45.464693, -122.557219 45.464725, -122.557301 45.464765, -122.557371 45.464808, -122.557572 45.464955, -122.557737 45.465082)"
0,19,"LINESTRING (-122.557737 45.465082, -122.557572 45.464955, -122.557371 45.464808, -122.557301 45.464765, -122.557219 45.464725, -122.557148 45.464693, -122.557051 45.464665, -122.556961 45.464646, -122.556881 45.464638, -122.556781 45.464632, -122.556553 45.464628, -122.556094 45.464632, -122.555872 45.464635, -122.555749 45.464636, -122.555645 45.464637, -122.552633 45.464667, -122.550301 45.464689, -122.549103 45.464693, -122.548908 45.46469, -122.548752 45.464682, -122.54865 45.464668, -122.54858 45.464651, -122.548511 45.464626, -122.548376 45.464555, -122.548281 45.464488, -122.548207 45.464418, -122.548155 45.46436, -122.548102 45.464286, -122.548047 45.464222, -122.548047 45.464401, -122.54805 45.464527, -122.548055 45.464715, -122.548601 45.464712, -122.548752 45.464682, -122.548908 45.46469, -122.549103 45.464693, -122.550301 45.464689, -122.552633 45.464667, -122.555645 45.464637, -122.555749 45.464636, -122.555854 45.464635, -122.555872 45.464635, -122.556553 45.464628, -122.556781 45.464632, -122.556881 45.464638, -122.556961 45.464646, -122.557051 45.464665, -122.557148 45.464693, -122.557219 45.464725, -122.557301 45.464765, -122.557371 45.464808, -122.557572 45.464955, -122.557737 45.465082, -122.557758 45.465096, -122.557865 45.465168, -122.558024 45.465264, -122.55818 45.465349, -122.558307 45.465404, -122.558471 45.46546, -122.558616 45.465505, -122.558792 45.465553, -122.558952 45.465585, -122.559161 45.465618, -122.559861 45.465698, -122.560181 45.465756, -122.560228 45.465764)"
0,19,"LINESTRING (-122.560228 45.465764, -122.560343 45.465785, -122.560414 45.465797, -122.560769 45.46588, -122.561401 45.466036, -122.562197 45.466237, -122.56271 45.466366)"
0,19,"LINESTRING (-122.56271 45.466366, -122.562865 45.466405, -122.563172 45.466478, -122.563341 45.466519, -122.563508 45.466569, -122.563627 45.46662, -122.56373 45.466674, -122.563821 45.466733, -122.563925 45.466811, -122.564037 45.466937, -122.564107 45.467041, -122.564437 45.467681, -122.564504 45.467794, -122.564539 45.467853, -122.564576 45.467906, -122.564632 45.46797, -122.564698 45.468031, -122.564799 45.468113, -122.564912 45.468182, -122.565019 45.468236, -122.565119 45.468276, -122.565272 45.468321, -122.565379 45.468339, -122.565492 45.468354, -122.565587 45.468362, -122.565686 45.468364, -122.565857 45.46836, -122.566067 45.468354, -122.566162 45.468377, -122.5663 45.468374, -122.56647 45.468374, -122.56659 45.468377, -122.566773 45.46838, -122.566867 45.468348, -122.567209 45.468359, -122.567228 45.46836)"
1,19,"LINESTRING (-122.565331 45.468331, -122.565272 45.468321, -122.565119 45.468276, -122.565019 45.468236, -122.564912 45.468182, -122.564799 45.468113, -122.564698 45.468031, -122.564632 45.46797, -122.564576 45.467906, -122.564539 45.467853, -122.564504 45.467794, -122.564437 45.467681, -122.564107 45.467041, -122.564037 45.466937, -122.563957 45.466847)"
1,19,"LINESTRING (-122.563957 45.466847, -122.563925 45.466811, -122.563821 45.466733, -122.56373 45.466674, -122.563627 45.46662, -122.563508 45.466569, -122.563341 45.466519, -122.563172 45.466478, -122.562865 45.466405, -122.562197 45.466237, -122.561401 45.466036, -122.560769 45.46588, -122.560414 45.465797, -122.560343 45.465785, -122.560181 45.465756, -122.560018 45.465727)"
1,19,"LINESTRING (-122.560018 45.465727, -122.559861 45.465698, -122.559161 45.465618, -122.558952 45.465585, -122.558792 45.465553, -122.558616 45.465505, -122.558471 45.46546, -122.558307 45.465404, -122.55818 45.465349, -122.558024 45.465264, -122.557865 45.465168, -122.557737 45.465082, -122.557572 45.464955, -122.557371 45.464808, -122.557301 45.464765, -122.557219 45.464725, -122.557148 45.464693, -122.557051 45.464665, -122.556961 45.464646, -122.556881 45.464638, -122.556781 45.464632, -122.556553 45.464628, -122.556094 45.464632)"
1,19,"LINESTRING (-122.556094 45.464632, -122.555872 45.464635, -122.555749 45.464636, -122.555645 45.464637, -122.552633 45.464667, -122.550301 45.464689, -122.549103 45.464693, -122.548908 45.46469, -122.548752 45.464682, -122.54865 45.464668, -122.54858 45.464651, -122.548511 45.464626, -122.548376 45.464555, -122.548281 45.464488, -122.548207 45.464418, -122.548155 45.46436, -122.548102 45.464286, -122.548047 45.464222, -122.548047 45.464401, -122.54805 45.464527)"
1,19,"LINESTRING (-122.54805 45.464527, -122.548055 45.464715, -122.548601 45.464712, -122.548752 45.464682, -122.548908 45.46469, -122.549103 45.464693, -122.550301 45.464689, -122.552633 45.464667, -122.555645 45.464637, -122.555749 45.464636, -122.555854 45.464635)"
1,19,"LINESTRING (-122.555872 45.464635, -122.556553 45.464628, -122.556781 45.464632, -122.556881 45.464638, -122.556961 45.464646, -122.557051 45.464665, -122.557148 45.464693, -122.557219 45.464725, -122.557301 45.464765, -122.557371 45.464808, -122.557572 45.464955, -122.557737 45.465082)"
1,19,"LINESTRING (-122.557737 45.465082, -122.557572 45.464955, -122.557371 45.464808, -122.557301 45.464765, -122.557219 45.464725, -122.557148 45.464693, -122.557051 45.464665, -122.556961 45.464646, -122.556881 45.464638, -122.556781 45.464632, -122.556553 45.464628, -122.556094 45.464632, -122.555872 45.464635, -122.555749 45.464636, -122.555645 45.464637, -122.552633 45.464667, -122.550301 45.464689, -122.549103 45.464693, -122.548908 45.46469, -122.548752 45.464682, -122.54865 45.464668, -122.54858 45.464651, -122.548511 45.464626, -122.548376 45.464555, -122.548281 45.464488, -122.548207 45.464418, -122.548155 45.46436, -122.548102 45.464286, -122.548047 45.464222, -122.548047 45.464401, -122.54805 45.464527, -122.548055 45.464715, -122.548601 45.464712, -122.548752 45.464682, -122.548908 45.46469, -122.549103 45.464693, -122.550301 45.464689, -122.552633 45.464667, -122.555645 45.464637, -122.555749 45.464636, -122.555854 45.464635, -122.555872 45.464635, -122.556553 45.464628, -122.556781 45.464632, -122.556881 45.464638, -122.556961 45.464646, -122.557051 45.464665, -122.557148 45.464693, -122.557219 45.464725, -122.557301 45.464765, -122.557371 45.464808, -122.557572 45.464955, -122.557737 45.465082, -122.557758 45.465096, -122.557865 45.465168, -122.558024 45.465264, -122.55818 45.465349, -122.558307 45.465404, -122.558471 45.46546, -122.558616 45.465505, -122.558792 45.465553, -122.558952 45.465585, -122.559161 45.465618, -122.559861 45.465698, -122.560181 45.465756, -122.560228 45.465764)"
1,19,"LINESTRING (-122.560228 45.465764, -122.560343 45.465785, -122.560414 45.465797, -122.560769 45.46588, -122.561401 45.466036, -122.562197 45.466237, -122.56271 45.466366)"
1,19,"LINESTRING (-122.56271 45.466366, -122.562865 45.466405, -122.563172 45.466478, -122.563341 45.466519, -122.563508 45.466569, -122.563627 45.46662, -122.56373 45.466674, -122.563821 45.466733, -122.563925 45.466811, -122.564037 45.466937, -122.564107 45.467041, -122.564437 45.467681, -122.564504 45.467794, -122.564539 45.467853, -122.564576 45.467906, -122.564632 45.46797, -122.564698 45.468031, -122.564799 45.468113, -122.564912 45.468182, -122.565019 45.468236, -122.565119 45.468276, -122.565272 45.468321, -122.565379 45.468339, -122.565492 45.468354, -122.565587 45.468362, -122.565686 45.468364, -122.565857 45.46836, -122.566067 45.468354, -122.566162 45.468377, -122.5663 45.468374, -122.56647 45.468374, -122.56659 45.468377, -122.566773 45.46838, -122.566867 45.468348, -122.567209 45.468359, -122.567228 45.46836)"
1,19,"LINESTRING (-122.567228 45.46836, -122.568144 45.468404, -122.56844 45.468413, -122.568588 45.468415, -122.569014 45.468427)"
1,19,"LINESTRING (-122.569014 45.468427, -122.569748 45.468447, -122.570222 45.468458, -122.571335 45.468484, -122.571623 45.468491)"
1,19,"LINESTRING (-122.571623 45.468491, -122.571833 45.468497, -122.57196 45.46852, -122.572157 45.468538, -122.57237 45.468545, -122.572542 45.468547, -122.57282 45.46854, -122.5729 45.468524, -122.573353 45.468534, -122.573909 45.468548, -122.574888 45.468571, -122.575123 45.468577)"
1,19,"LINESTRING (-122.575123 45.468577, -122.575901 45.468596, -122.576099 45.468601, -122.576586 45.468613, -122.576952 45.468623, -122.577166 45.468628, -122.577604 45.468639, -122.577883 45.468645)"
1,19,"LINESTRING (-122.577883 45.468645, -122.578003 45.468648, -122.578921 45.468668, -122.579053 45.46867, -122.579054 45.468752, -122.579056 45.46914, -122.579056 45.469359, -122.579057 45.469539, -122.579059 45.470028, -122.579059 45.47048, -122.57906 45.471005, -122.57906 45.471094)"
1,19,"LINESTRING (-122.57906 45.471094, -122.579061 45.471191, -122.579068 45.472043, -122.579069 45.472267, -122.579069 45.472426, -122.579074 45.473522, -122.579074 45.473874)"
1,19,"LINESTRING (-122.579074 45.473874, -122.579074 45.474071, -122.579079 45.474483, -122.579081 45.475171, -122.57908 45.475541, -122.579078 45.475796, -122.579081 45.475864, -122.579608 45.475867, -122.57999 45.475871)"
1,19,"LINESTRING (-122.57999 45.475871, -122.58011 45.475873, -122.581107 45.475873, -122.581666 45.475874, -122.582307 45.475875, -122.582909 45.475876)"
1,19,"LINESTRING (-122.582909 45.475876, -122.583017 45.475875, -122.584155 45.475875, -122.585507 45.475878, -122.5865 45.475879, -122.586654 45.47588)"
1,19,"LINESTRING (-122.586654 45.47588, -122.586785 45.47588, -122.587435 45.475883, -122.588073 45.475881, -122.589349 45.475884, -122.58945 45.475884, -122.589772 45.475882)"
1,19,"LINESTRING (-122.589772 45.475882, -122.590346 45.475878, -122.591324 45.475872, -122.592275 45.475865, -122.592564 45.475863, -122.593252 45.47586, -122.594226 45.475856, -122.594403 45.475854)"
1,19,"LINESTRING (-122.594403 45.475854, -122.594535 45.475852, -122.595184 45.475849, -122.595804 45.475846, -122.596175 45.475844, -122.596458 45.475842, -122.596935 45.475839)"
1,19,"LINESTRING (-122.596935 45.475839, -122.597128 45.475838, -122.597746 45.475834, -122.598138 45.475832, -122.598386 45.47583, -122.599012 45.475824, -122.599667 45.47582, -122.600307 45.475822, -122.600958 45.475821, -122.602079 45.475821)"
1,19,"LINESTRING (-122.602079 45.475821, -122.602881 45.475821, -122.603525 45.475822, -122.604155 45.475827, -122.604815 45.475823, -122.605118 45.475825)"
1,19,"LINESTRING (-122.605118 45.475825, -122.605139 45.475826, -122.605624 45.475825, -122.605921 45.475825, -122.606294 45.475826, -122.606512 45.475827, -122.608127 45.475828)"
1,19,"LINESTRING (-122.608127 45.475828, -122.60863 45.475828, -122.608735 45.47583, -122.608726 45.475904, -122.608727 45.476075, -122.608737 45.476281, -122.608742 45.476541, -122.60874 45.477006, -122.608741 45.477425)"
1,19,"LINESTRING (-122.608741 45.477425, -122.608741 45.477488, -122.608743 45.477711, -122.608743 45.478126, -122.608741 45.47842, -122.608734 45.478581, -122.608734 45.478774, -122.608733 45.479059, -122.608735 45.479161, -122.608842 45.479161, -122.609126 45.479162, -122.609388 45.479162, -122.609576 45.479161, -122.609671 45.479194, -122.609913 45.479195)"
1,19,"LINESTRING (-122.609913 45.479195, -122.609956 45.479196, -122.610054 45.479166, -122.611398 45.479167, -122.611641 45.479167, -122.611947 45.479169, -122.612036 45.479208, -122.612192 45.479209)"
1,19,"LINESTRING (-122.612192 45.479209, -122.612315 45.47921, -122.612413 45.479171, -122.612686 45.479174, -122.613851 45.479174, -122.614436 45.479175, -122.614651 45.479175, -122.615094 45.479176, -122.615287 45.479176)"
1,19,"LINESTRING (-122.615287 45.479176, -122.615349 45.479176, -122.615447 45.479177, -122.615562 45.479177, -122.615861 45.479179, -122.616465 45.47918, -122.616802 45.479182, -122.617207 45.479182, -122.617478 45.479183, -122.617925 45.479183, -122.61826 45.479184, -122.618334 45.479184)"
1,19,"LINESTRING (-122.618334 45.479184, -122.618495 45.479185, -122.618907 45.479185, -122.619117 45.479186, -122.619525 45.479187, -122.619656 45.479219, -122.620159 45.479221, -122.620367 45.479222)"
1,19,"LINESTRING (-122.620367 45.479222, -122.620479 45.479222, -122.620592 45.4792, -122.621337 45.4792, -122.62165 45.479201, -122.621958 45.479195, -122.622268 45.479193, -122.622456 45.479195)"
1,19,"LINESTRING (-122.622456 45.479195, -122.622561 45.479197, -122.622669 45.479196, -122.622765 45.479196, -122.623626 45.479202, -122.625668 45.479212, -122.625865 45.479214)"
1,19,"LINESTRING (-122.625865 45.479214, -122.62597 45.479215, -122.626574 45.479219, -122.626695 45.479225, -122.626793 45.479233, -122.626885 45.479247, -122.626967 45.479262, -122.627101 45.479298, -122.627198 45.479319, -122.627292 45.479335, -122.627385 45.479345, -122.6275 45.479352, -122.627613 45.479355, -122.627771 45.479352, -122.62792 45.479345, -122.628081 45.479328, -122.628149 45.479318)"
1,19,"LINESTRING (-122.628149 45.479318, -122.628231 45.479306, -122.628354 45.479282, -122.628463 45.479259, -122.628482 45.479254, -122.628795 45.479175, -122.628879 45.479162, -122.628956 45.47916, -122.629045 45.479163, -122.629216 45.479174, -122.629307 45.479183, -122.629408 45.479193, -122.629557 45.479208, -122.629725 45.479223, -122.629877 45.479228, -122.629974 45.479227, -122.630137 45.479221, -122.630287 45.479206)"
1,19,"LINESTRING (-122.630287 45.479206, -122.63043 45.479186, -122.630422 45.479095, -122.630421 45.479017, -122.630442 45.47886, -122.630489 45.478731, -122.630855 45.478198, -122.630807 45.478112, -122.630738 45.477997, -122.630649 45.477846, -122.630597 45.477696, -122.630517 45.477606, -122.630468 45.477518, -122.630413 45.477344, -122.630391 45.477218, -122.630385 45.477186, -122.630377 45.47701, -122.630372 45.47679, -122.63037 45.476719)"
1,19,"LINESTRING (-122.63037 45.476719, -122.630368 45.476649, -122.630371 45.476362, -122.630388 45.474964, -122.630384 45.473529)"
1,19,"LINESTRING (-122.630384 45.473529, -122.630384 45.473395, -122.6304 45.471714, -122.630399 45.471696)"
1,19,"LINESTRING (-122.630399 45.471696, -122.630396 45.471646, -122.630388 45.471555, -122.630402 45.47134, -122.630408 45.470265, -122.630402 45.469373)"
1,19,"LINESTRING (-122.630402 45.469373, -122.6304 45.469216, -122.630643 45.469242, -122.630769 45.469286, -122.631006 45.46943, -122.631158 45.469485, -122.631407 45.469507, -122.631605 45.469502, -122.632231 45.469519, -122.632455 45.469539, -122.632668 45.469565, -122.632935 45.469613, -122.633196 45.469667, -122.63333 45.469704, -122.633435 45.469738, -122.633709 45.469818, -122.634053 45.469941, -122.634245 45.470005, -122.634306 45.470021)"
1,19,"LINESTRING (-122.634306 45.470021, -122.634455 45.470062, -122.634439 45.470186, -122.634437 45.471814, -122.634451 45.471873, -122.634491 45.471954, -122.634596 45.472173, -122.634661 45.472313, -122.634691 45.472395, -122.634715 45.472485, -122.634729 45.472565, -122.634733 45.472644, -122.634725 45.472733, -122.634703 45.472837, -122.63468 45.472916, -122.634649 45.472994, -122.63457 45.473154, -122.634541 45.473226, -122.634539 45.473232)"
1,19,"LINESTRING (-122.634539 45.473232, -122.634519 45.473293, -122.634499 45.473361, -122.634678 45.473484, -122.634792 45.473558, -122.634916 45.473641, -122.635048 45.473749, -122.635132 45.473834, -122.635249 45.47396, -122.635373 45.474081, -122.635638 45.474322, -122.635685 45.474389, -122.635804 45.474378, -122.635873 45.474374, -122.635951 45.47437, -122.636464 45.474367, -122.637071 45.474368, -122.637434 45.474371, -122.637516 45.474371)"
1,19,"LINESTRING (-122.637516 45.474371, -122.637684 45.474369, -122.638077 45.474356, -122.638406 45.474337, -122.639236 45.474287, -122.639854 45.474251, -122.640149 45.474234)"
1,19,"LINESTRING (-122.640149 45.474234, -122.640701 45.474202, -122.641066 45.474178, -122.641282 45.474168)"
1,19,"LINESTRING (-122.641282 45.474168, -122.641358 45.474165, -122.64154 45.474159, -122.641696 45.474155, -122.642686 45.474092)"
1,19,"LINESTRING (-122.642686 45.474092, -122.64281 45.474084, -122.643799 45.474022, -122.644761 45.473965, -122.645755 45.473906, -122.646742 45.473845, -122.647734 45.473778, -122.647839 45.473772, -122.648035 45.47376)"
1,19,"LINESTRING (-122.648035 45.47376, -122.648186 45.473751, -122.648642 45.473725, -122.648745 45.47372, -122.648756 45.473795, -122.648787 45.474071, -122.64883 45.474431, -122.648867 45.47473, -122.648895 45.474968, -122.648917 45.475144, -122.64894 45.475331, -122.648952 45.475434)"
1,19,"LINESTRING (-122.648952 45.475434, -122.648963 45.475526, -122.649008 45.475902, -122.649039 45.476152, -122.649071 45.476418, -122.649076 45.476465, -122.649086 45.47654, -122.649112 45.476756, -122.649134 45.47693, -122.649142 45.476992, -122.64915 45.47707)"
1,19,"LINESTRING (-122.64915 45.47707, -122.649152 45.477084, -122.649164 45.477183, -122.649181 45.47733, -122.649201 45.4775, -122.649213 45.477594, -122.649249 45.477892, -122.649257 45.477959, -122.649288 45.478227, -122.649302 45.478347, -122.649307 45.478389, -122.649334 45.47862, -122.64938 45.479055, -122.649409 45.479326, -122.649483 45.48003, -122.649565 45.480762)"
1,19,"LINESTRING (-122.649565 45.480762, -122.649574 45.480845, -122.649649 45.481527, -122.64966 45.481667, -122.649661 45.481787, -122.649656 45.482001, -122.649647 45.482363, -122.649639 45.482672, -122.64963 45.483082, -122.649629 45.483122, -122.649624 45.483304, -122.649616 45.48355, -122.649609 45.483915, -122.649605 45.484174)"
1,19,"LINESTRING (-122.649605 45.484174, -122.649587 45.485226, -122.649595 45.485321, -122.649733 45.485655, -122.649756 45.485712, -122.649874 45.485981, -122.649919 45.486087)"
1,19,"LINESTRING (-122.649919 45.486087, -122.650034 45.486355, -122.650125 45.486612, -122.65026 45.487048, -122.650419 45.487557, -122.650623 45.488198, -122.650758 45.488735, -122.650787 45.488849)"
1,19,"LINESTRING (-122.650787 45.488849, -122.65079 45.488864, -122.650866 45.489168, -122.650944 45.489483, -122.650976 45.489612, -122.651072 45.490021, -122.651126 45.490251, -122.651157 45.49033, -122.651188 45.490407, -122.651309 45.490668, -122.651394 45.490851, -122.651542 45.491192)"
1,19,"LINESTRING (-122.651542 45.491192, -122.651593 45.491307, -122.651652 45.491437, -122.651902 45.491999, -122.65197 45.492144, -122.65204 45.492297, -122.652219 45.492702, -122.652383 45.493059, -122.6528 45.493999, -122.652962 45.494503)"
1,19,"LINESTRING (-122.652962 45.494503, -122.653112 45.494973, -122.653224 45.495335, -122.653243 45.495399, -122.653434 45.496068, -122.653526 45.496378, -122.653641 45.496789, -122.653752 45.497177, -122.653846 45.497507, -122.654023 45.498117)"
1,19,"LINESTRING (-122.654023 45.498117, -122.654043 45.498183, -122.654203 45.49877, -122.654219 45.498862, -122.654219 45.499614, -122.65422 45.499681, -122.654223 45.500204, -122.654223 45.500696, -122.654221 45.501018, -122.654223 45.501108, -122.654225 45.501223, -122.654381 45.501255, -122.654715 45.501318)"
1,19,"LINESTRING (-122.654715 45.501318, -122.654808 45.501336, -122.655076 45.501386, -122.655442 45.501456, -122.655794 45.501535, -122.655903 45.501545, -122.656245 45.501567, -122.656407 45.501571, -122.656654 45.501576, -122.657057 45.501575, -122.657286 45.501577)"
1,19,"LINESTRING (-122.657286 45.501577, -122.657373 45.501579, -122.658413 45.50159, -122.658548 45.501552, -122.658705 45.501554, -122.658827 45.501556, -122.659014 45.501558, -122.659375 45.501563, -122.659945 45.501569, -122.660143 45.501564, -122.660358 45.501552, -122.662283 45.501397, -122.667766 45.500977, -122.673512 45.50054, -122.674288 45.500481, -122.674408 45.500516, -122.674503 45.500531, -122.674583 45.500545, -122.674644 45.500557, -122.674717 45.500576, -122.674778 45.500595, -122.674837 45.500619, -122.674936 45.500666, -122.675067 45.500744, -122.675146 45.500811, -122.675203 45.500863, -122.67524 45.500906, -122.675266 45.500944, -122.675298 45.500988, -122.675321 45.50103, -122.675343 45.501075, -122.675363 45.501126, -122.675381 45.501189, -122.675388 45.50124, -122.6754 45.501324, -122.675403 45.501429, -122.675396 45.501531, -122.675393 45.501654, -122.675397 45.501872, -122.675401 45.501915)"
1,19,"LINESTRING (-122.675401 45.501915, -122.675407 45.501966, -122.67542 45.502014, -122.67543 45.502059, -122.675474 45.502138, -122.675535 45.502217, -122.6756 45.502296, -122.675846 45.502482, -122.676272 45.502803, -122.676445 45.502921, -122.67652 45.502975, -122.676622 45.503052, -122.677138 45.503426, -122.677174 45.503452, -122.67722 45.50346, -122.677258 45.503483, -122.67739 45.50352, -122.677448 45.503559, -122.677498 45.503588, -122.677549 45.503615, -122.677609 45.503641, -122.677652 45.503656, -122.677705 45.503671, -122.67776 45.50368, -122.677891 45.503694, -122.677998 45.503737, -122.67829 45.503757, -122.678457 45.503767)"
1,19,"LINESTRING (-122.678457 45.503767, -122.678505 45.50377, -122.678623 45.503775, -122.678635 45.503998, -122.678642 45.504297, -122.678647 45.504522, -122.678642 45.50469, -122.678632 45.505055, -122.678628 45.505275, -122.678617 45.505868, -122.678617 45.506003, -122.678605 45.506512, -122.678605 45.506549, -122.678602 45.506688)"
1,19,"LINESTRING (-122.678602 45.506688, -122.678597 45.507015, -122.678594 45.507197, -122.678594 45.507708, -122.678593 45.507919, -122.678593 45.50796, -122.678592 45.508002, -122.678589 45.508046, -122.678743 45.508036, -122.678889 45.508023, -122.679112 45.508008, -122.679473 45.507997, -122.679532 45.507995, -122.679704 45.507993)"
1,19,"LINESTRING (-122.679704 45.507993, -122.679784 45.507993, -122.679949 45.507994, -122.680282 45.507993, -122.680433 45.50799, -122.680972 45.508006, -122.681107 45.508009, -122.681251 45.508016, -122.681387 45.508028, -122.681545 45.508045, -122.681721 45.508074, -122.68178 45.508087, -122.681855 45.508101, -122.681926 45.508114, -122.681926 45.50817, -122.681922 45.508305, -122.681895 45.508533, -122.681881 45.508625, -122.681846 45.50873, -122.681806 45.508839, -122.681734 45.508985, -122.681714 45.509022, -122.68165 45.509141, -122.681615 45.509202, -122.681447 45.509511, -122.681296 45.5098, -122.681258 45.509868, -122.68159 45.509956, -122.681865 45.510029, -122.682109 45.510094)"
1,19,"LINESTRING (-122.682109 45.510094, -122.682253 45.510133, -122.682289 45.510142, -122.683237 45.510394, -122.683313 45.510415, -122.683134 45.510743, -122.683097 45.510813, -122.682953 45.511078, -122.682625 45.511684, -122.682585 45.511759, -122.682249 45.512378, -122.682229 45.512415, -122.68195 45.51293, -122.681932 45.512963, -122.681924 45.512977)"
1,19,"LINESTRING (-122.681924 45.512977, -122.68187 45.513078, -122.681852 45.513111, -122.681689 45.513413, -122.681507 45.513748, -122.681213 45.514291, -122.681146 45.514415, -122.680881 45.514903)"
1,19,"LINESTRING (-122.680881 45.514903, -122.68079 45.515072, -122.680426 45.515744, -122.680391 45.515808, -122.680124 45.516359, -122.680091 45.516423, -122.680049 45.516492, -122.679756 45.517036, -122.67973 45.517087, -122.679685 45.517171, -122.679401 45.517691, -122.679367 45.51775, -122.679321 45.517829, -122.679096 45.518233)"
1,19,"LINESTRING (-122.679096 45.518233, -122.679025 45.518361, -122.679004 45.518406, -122.678987 45.518432, -122.67897 45.518466, -122.67868 45.519024, -122.678655 45.51907, -122.678641 45.519096, -122.678611 45.519151, -122.678345 45.519656, -122.678297 45.519751, -122.678266 45.519811, -122.677963 45.520361, -122.677932 45.520421, -122.677904 45.520477, -122.677604 45.521016, -122.677569 45.521084, -122.677309 45.521562)"
1,19,"LINESTRING (-122.677309 45.521562, -122.677242 45.521685, -122.677205 45.521751, -122.677162 45.521828, -122.676848 45.522399, -122.676924 45.522427, -122.676988 45.522461, -122.677042 45.522483, -122.677095 45.522496, -122.677198 45.522514, -122.677282 45.522535, -122.677451 45.522575, -122.677427 45.522618, -122.677373 45.52281, -122.677381 45.522852, -122.677396 45.522913, -122.677431 45.522988, -122.676637 45.523)"
1,19,"LINESTRING (-122.676637 45.523, -122.676486 45.523003, -122.676463 45.523002, -122.67625 45.523007, -122.675733 45.523018, -122.675425 45.523025, -122.675386 45.523025, -122.675082 45.523032, -122.674398 45.523046, -122.67427 45.523052, -122.674071 45.523056, -122.673386 45.523072, -122.672533 45.523092)"
1,19,"LINESTRING (-122.672533 45.523092, -122.672377 45.523096, -122.672236 45.523091, -122.671695 45.523082, -122.671597 45.523135, -122.671121 45.523125, -122.670436 45.523112, -122.670109 45.523105, -122.668014 45.523063, -122.667564 45.523055, -122.66711 45.523046, -122.664882 45.523001, -122.663399 45.522972, -122.662697 45.522958, -122.662581 45.522918, -122.662274 45.522921, -122.661902 45.522929, -122.661828 45.522931, -122.661766 45.522934, -122.660874 45.522932)"
1,19,"LINESTRING (-122.660874 45.522932, -122.660717 45.522931, -122.660654 45.522932, -122.660498 45.522931, -122.660113 45.52293, -122.659927 45.52293, -122.659699 45.522929, -122.65921 45.522928, -122.658685 45.522926, -122.658329 45.522925, -122.658313 45.522925, -122.657843 45.522924)"
1,19,"LINESTRING (-122.657843 45.522924, -122.657671 45.522923, -122.657028 45.522922, -122.656655 45.522921, -122.656007 45.522919, -122.655643 45.522918, -122.655539 45.522918, -122.654628 45.522916, -122.654513 45.522907, -122.653825 45.522907)"
1,19,"LINESTRING (-122.653825 45.522907, -122.653618 45.522907, -122.653464 45.522904, -122.653181 45.522906, -122.652705 45.522904, -122.652599 45.522902, -122.652516 45.5229, -122.652168 45.522895, -122.651787 45.522891, -122.651668 45.522863, -122.651514 45.522863, -122.651347 45.522898, -122.651047 45.522897, -122.650572 45.522898, -122.649671 45.522893, -122.649553 45.522891, -122.649551 45.523517, -122.64955 45.523607, -122.649548 45.52422)"
1,19,"LINESTRING (-122.649548 45.52422, -122.649548 45.524317, -122.649568 45.524409, -122.649439 45.524459, -122.648536 45.524793, -122.647998 45.524991, -122.647841 45.525048)"
1,19,"LINESTRING (-122.647841 45.525048, -122.647613 45.525132, -122.647516 45.525168, -122.646495 45.525546, -122.646222 45.525644)"
1,19,"LINESTRING (-122.646222 45.525644, -122.646034 45.525711, -122.645565 45.525887, -122.645474 45.52592, -122.645366 45.525959, -122.64458 45.52625, -122.644397 45.526316, -122.643861 45.526543, -122.643517 45.526684, -122.643438 45.526715, -122.643437 45.526652, -122.643419 45.526588, -122.643386 45.526553, -122.643333 45.526518, -122.643275 45.526497, -122.643224 45.526487, -122.643153 45.526482, -122.641409 45.526475, -122.641159 45.526474)"
1,19,"LINESTRING (-122.641159 45.526474, -122.63927 45.526466, -122.638068 45.526466, -122.637296 45.526467, -122.637203 45.526468, -122.637113 45.526469, -122.636896 45.526468)"
1,19,"LINESTRING (-122.636896 45.526468, -122.635898 45.526465, -122.634499 45.526461, -122.634198 45.52646)"
1,19,"LINESTRING (-122.634198 45.52646, -122.633089 45.526458, -122.631819 45.526454)"
1,19,"LINESTRING (-122.631819 45.526454, -122.631764 45.526453, -122.631687 45.526453, -122.631606 45.526454, -122.630142 45.526447, -122.629131 45.526444, -122.628126 45.52644, -122.627271 45.526442)"
1,19,"LINESTRING (-122.627271 45.526442, -122.627111 45.526443, -122.626092 45.526438, -122.625243 45.526435)"
1,19,"LINESTRING (-122.625243 45.526435, -122.625173 45.526435, -122.625075 45.526434, -122.624973 45.526434, -122.624029 45.526431, -122.623834 45.526397, -122.623698 45.526378, -122.62358 45.526344, -122.623331 45.526264, -122.623273 45.526221, -122.623182 45.526179, -122.623102 45.526159, -122.623007 45.526152, -122.622975 45.526154)"
1,19,"LINESTRING (-122.622975 45.526154, -122.622915 45.526159, -122.622835 45.526179, -122.622782 45.5262, -122.622738 45.526224, -122.622679 45.52627, -122.622432 45.526345, -122.622352 45.526367, -122.622276 45.526381, -122.622198 45.52639, -122.621989 45.526427, -122.621375 45.526426, -122.62114 45.526425, -122.61897 45.526419)"
1,19,"LINESTRING (-122.61897 45.526419, -122.618835 45.526418, -122.617306 45.526413, -122.616283 45.526412)"
1,19,"LINESTRING (-122.616283 45.526412, -122.616167 45.526412, -122.615613 45.526408, -122.615389 45.52641, -122.615256 45.526417, -122.615098 45.526432, -122.614999 45.526456, -122.614912 45.526478, -122.614761 45.5265, -122.614602 45.526514, -122.61282 45.526508, -122.612514 45.526507)"
1,19,"LINESTRING (-122.612514 45.526507, -122.610246 45.526503, -122.610112 45.526503, -122.609023 45.526499)"
1,19,"LINESTRING (-122.609023 45.526499, -122.608885 45.526499, -122.607529 45.526496, -122.606362 45.526492, -122.606054 45.526492)"
1,19,"LINESTRING (-122.606054 45.526492, -122.605413 45.526492, -122.6048 45.52649, -122.604286 45.526488, -122.603947 45.526487, -122.603834 45.526486, -122.602431 45.526481)"
1,19,"LINESTRING (-122.602431 45.526481, -122.602265 45.526481, -122.600846 45.526476, -122.599698 45.526477, -122.599686 45.526477)"
1,19,"LINESTRING (-122.599686 45.526477, -122.599574 45.526477, -122.598696 45.526474, -122.598415 45.526474, -122.597701 45.52648, -122.597216 45.526481)"
1,19,"LINESTRING (-122.597216 45.526481, -122.597097 45.526481, -122.596387 45.52648, -122.595682 45.526478, -122.595395 45.526478, -122.595077 45.526468, -122.594588 45.526465)"
1,19,"LINESTRING (-122.594588 45.526465, -122.594563 45.526465, -122.594483 45.526464, -122.594375 45.526462, -122.593732 45.52646, -122.593465 45.526459, -122.592444 45.526458, -122.591431 45.526454, -122.589993 45.52645)"
1,19,"LINESTRING (-122.589993 45.52645, -122.58986 45.52645, -122.588927 45.526447, -122.587895 45.526447, -122.587791 45.526446, -122.587569 45.526446, -122.587315 45.526445)"
1,19,"LINESTRING (-122.587315 45.526445, -122.587229 45.526445, -122.586815 45.526444, -122.58673 45.526444, -122.585835 45.526438, -122.58471 45.526437, -122.583732 45.526435)"
1,19,"LINESTRING (-122.583732 45.526435, -122.583539 45.526434, -122.582427 45.526429, -122.58164 45.526429)"
1,19,"LINESTRING (-122.58164 45.526429, -122.581466 45.526428, -122.58025 45.526425, -122.580015 45.526425, -122.579197 45.52642, -122.579056 45.52642, -122.578928 45.526421, -122.578555 45.526419)"
1,19,"LINESTRING (-122.578555 45.526419, -122.578521 45.526419, -122.578445 45.526418, -122.578042 45.526415, -122.577031 45.526408, -122.57662 45.526405, -122.576486 45.526404, -122.57601 45.526401, -122.575976 45.526401, -122.575291 45.526396, -122.575076 45.526394)"
1,19,"LINESTRING (-122.575076 45.526394, -122.574993 45.526393, -122.573889 45.526384, -122.573624 45.526381, -122.572877 45.526377, -122.571264 45.526367, -122.570308 45.526361, -122.56992 45.526358, -122.569428 45.526355)"
1,19,"LINESTRING (-122.569428 45.526355, -122.569331 45.526354, -122.568652 45.52635, -122.568346 45.526347, -122.567708 45.526342, -122.567445 45.52634, -122.567165 45.526337)"
1,19,"LINESTRING (-122.567165 45.526337, -122.566924 45.526335, -122.566786 45.526334, -122.566568 45.526332, -122.566043 45.526327, -122.56585 45.526329, -122.56462 45.526319, -122.564463 45.526318, -122.564316 45.526315, -122.564199 45.526311, -122.56391 45.526304, -122.563531 45.526296, -122.562907 45.526288, -122.562097 45.526286, -122.561981 45.526284, -122.561985 45.52641, -122.561976 45.526831)"
1,19,"LINESTRING (-122.561976 45.526831, -122.561961 45.527497, -122.561958 45.52772, -122.561952 45.528199, -122.56195 45.528369, -122.561948 45.528501, -122.561944 45.528923, -122.561942 45.529477, -122.562054 45.52947, -122.562594 45.529468, -122.562812 45.529467)"
1,19,"LINESTRING (-122.562812 45.529467, -122.563 45.529466, -122.563066 45.529533, -122.563312 45.529537, -122.563337 45.529537, -122.563394 45.529538, -122.563465 45.529547, -122.563479 45.529549, -122.563548 45.529567, -122.563598 45.529588, -122.563654 45.529653, -122.56368 45.529748, -122.563661 45.529938, -122.56369 45.530105, -122.563858 45.530556)"
0,20,"LINESTRING (-122.427093 45.502761, -122.426986 45.502741, -122.426641 45.502677, -122.426465 45.502644)"
0,20,"LINESTRING (-122.426465 45.502644, -122.426321 45.502617, -122.426237 45.502616, -122.426242 45.502676, -122.426243 45.50272, -122.426243 45.502837, -122.426245 45.502938, -122.426247 45.503025, -122.426243 45.503342, -122.426234 45.503427, -122.42621 45.503561, -122.426178 45.503657, -122.426151 45.503735, -122.426113 45.503823, -122.426079 45.503916, -122.426058 45.503978, -122.426041 45.504059, -122.426033 45.504114, -122.426025 45.504166, -122.426024 45.504315, -122.426021 45.504768, -122.426021 45.504922, -122.425839 45.504925, -122.425603 45.50493, -122.4255 45.504933)"
0,20,"LINESTRING (-122.4255 45.504933, -122.424737 45.504951, -122.423639 45.504977, -122.42319 45.504988, -122.422915 45.504992, -122.422756 45.504988, -122.422592 45.504978, -122.422478 45.504968, -122.42243 45.504963, -122.422238 45.504939, -122.421879 45.504892, -122.421251 45.504812)"
0,20,"LINESTRING (-122.421251 45.504812, -122.421203 45.504806, -122.421089 45.504792, -122.42095 45.504775, -122.420778 45.504761, -122.420611 45.504751, -122.420435 45.504747, -122.42015 45.504748, -122.420065 45.50475, -122.419287 45.50476, -122.418205 45.504774, -122.417389 45.504787, -122.416621 45.504797)"
0,20,"LINESTRING (-122.416621 45.504797, -122.415904 45.504808, -122.41551 45.504813, -122.415388 45.504814, -122.4147 45.504821, -122.41409 45.50483, -122.413934 45.504832, -122.413776 45.504833, -122.413482 45.504833)"
0,20,"LINESTRING (-122.413482 45.504833, -122.413244 45.504832, -122.41207 45.50483, -122.411918 45.504829, -122.411403 45.504828, -122.411224 45.504828, -122.410529 45.504826, -122.410073 45.504824, -122.409738 45.504823, -122.408955 45.504821, -122.40864 45.504821, -122.408417 45.50482)"
0,20,"LINESTRING (-122.408417 45.50482, -122.408313 45.504819, -122.406219 45.504814, -122.405668 45.504811, -122.405007 45.50481, -122.404648 45.504809)"
0,20,"LINESTRING (-122.404648 45.504809, -122.404492 45.504808, -122.404218 45.504808, -122.403113 45.504801, -122.40286 45.5048)"
0,20,"LINESTRING (-122.40286 45.5048, -122.402018 45.504795, -122.401556 45.504793, -122.401468 45.504792, -122.401396 45.504792, -122.400133 45.504782, -122.399974 45.504783, -122.399972 45.504901, -122.399974 45.505463)"
0,20,"LINESTRING (-122.399974 45.505463, -122.399976 45.505916, -122.399978 45.506635, -122.399978 45.506892, -122.39998 45.507819, -122.399981 45.508099)"
0,20,"LINESTRING (-122.399981 45.508099, -122.399981 45.508155, -122.399982 45.508858, -122.399984 45.509552, -122.399984 45.510156)"
0,20,"LINESTRING (-122.399984 45.510156, -122.399984 45.510205, -122.399987 45.511606, -122.399983 45.511781, -122.399976 45.511892, -122.399962 45.512007, -122.399942 45.512124, -122.399908 45.512278, -122.399879 45.512388, -122.399827 45.512553, -122.399779 45.512696, -122.399657 45.512958, -122.399616 45.513046, -122.39949 45.513262)"
0,20,"LINESTRING (-122.39949 45.513262, -122.399127 45.513888, -122.39907 45.514003, -122.39898 45.514187, -122.398899 45.514366, -122.398854 45.514468, -122.398808 45.514586, -122.398709 45.514856, -122.398663 45.514998, -122.398629 45.515115, -122.398592 45.515253, -122.398526 45.515543, -122.398489 45.51573, -122.398461 45.515925, -122.39845 45.516028)"
0,20,"LINESTRING (-122.39845 45.516028, -122.39843 45.516217, -122.398426 45.516302, -122.398421 45.516399, -122.398418 45.516586, -122.398423 45.517048, -122.398364 45.51711, -122.398368 45.51753, -122.398368 45.517727, -122.398369 45.517815, -122.39838 45.518512, -122.398379 45.518924, -122.398382 45.519043, -122.398528 45.519092, -122.398653 45.519092, -122.399111 45.519091)"
0,20,"LINESTRING (-122.399111 45.519091, -122.399861 45.519089, -122.401045 45.519095, -122.401157 45.519049, -122.401773 45.51905)"
0,20,"LINESTRING (-122.401773 45.51905, -122.403157 45.519051, -122.403825 45.519052, -122.40587 45.519054, -122.407046 45.519055, -122.407161 45.519054, -122.407262 45.519053, -122.407671 45.519054)"
0,20,"LINESTRING (-122.407671 45.519054, -122.408341 45.519056, -122.409138 45.519057, -122.40947 45.519057)"
0,20,"LINESTRING (-122.40947 45.519057, -122.410689 45.519059, -122.411729 45.519059, -122.41233 45.519058, -122.412481 45.519058, -122.412644 45.519057, -122.412974 45.519057)"
0,20,"LINESTRING (-122.412974 45.519057, -122.413162 45.519057, -122.413436 45.519058, -122.414433 45.519058, -122.415402 45.51906, -122.416863 45.519064, -122.417271 45.519066)"
0,20,"LINESTRING (-122.417271 45.519066, -122.4175 45.519067, -122.41824 45.519069, -122.421079 45.519067, -122.421197 45.519065, -122.421306 45.519064, -122.421595 45.519065)"
0,20,"LINESTRING (-122.421595 45.519065, -122.423036 45.519068, -122.423978 45.519068, -122.426286 45.51907)"
0,20,"LINESTRING (-122.426286 45.51907, -122.426364 45.51907, -122.428545 45.519074, -122.429709 45.519075, -122.430139 45.519075, -122.431395 45.519076, -122.433607 45.519079, -122.433801 45.519078, -122.433996 45.519077, -122.434748 45.519082)"
0,20,"LINESTRING (-122.434748 45.519082, -122.435009 45.519083, -122.435564 45.519085, -122.43584 45.519085, -122.436993 45.519086, -122.438092 45.519087, -122.438946 45.519087)"
0,20,"LINESTRING (-122.438946 45.519087, -122.439125 45.519088, -122.441999 45.519094, -122.442166 45.519094)"
0,20,"LINESTRING (-122.442166 45.519094, -122.443226 45.519096, -122.444881 45.519095, -122.444941 45.519095)"
0,20,"LINESTRING (-122.444941 45.519095, -122.44654 45.519101, -122.446672 45.519102, -122.447289 45.519103)"
0,20,"LINESTRING (-122.447289 45.519103, -122.449352 45.519108, -122.451328 45.519111, -122.451776 45.519113, -122.451861 45.519141, -122.451896 45.519149, -122.451937 45.519156, -122.451958 45.519159)"
0,20,"LINESTRING (-122.451958 45.519159, -122.451971 45.51916, -122.452014 45.519162, -122.452857 45.51916, -122.452914 45.519154, -122.452977 45.519136, -122.453026 45.519114, -122.453125 45.519117, -122.455054 45.519122, -122.455174 45.519121, -122.455283 45.51912, -122.456103 45.519123)"
0,20,"LINESTRING (-122.456103 45.519123, -122.456894 45.519126, -122.456994 45.51917, -122.457941 45.519171, -122.458058 45.519129, -122.458653 45.51913, -122.4589 45.519131, -122.459233 45.519131)"
0,20,"LINESTRING (-122.459233 45.519131, -122.459383 45.519131, -122.46035 45.519132, -122.461102 45.519135, -122.461824 45.519134, -122.462155 45.519134, -122.46224 45.519149)"
0,20,"LINESTRING (-122.46224 45.519149, -122.462421 45.519181, -122.463245 45.519184, -122.463453 45.519184, -122.464393 45.519186, -122.464974 45.519186)"
0,20,"LINESTRING (-122.464974 45.519186, -122.465068 45.519186, -122.465451 45.519193, -122.465948 45.519188, -122.466448 45.519178, -122.467149 45.519179, -122.467314 45.51918, -122.467486 45.519181, -122.467579 45.519181, -122.46779 45.519179, -122.468189 45.519179, -122.468668 45.519194, -122.469459 45.519194, -122.470097 45.519197, -122.470194 45.519197)"
0,20,"LINESTRING (-122.470194 45.519197, -122.47054 45.519198, -122.470666 45.519198, -122.470799 45.519197, -122.471439 45.5192, -122.472468 45.519201)"
0,20,"LINESTRING (-122.472468 45.519201, -122.472819 45.519201, -122.473723 45.519205, -122.473831 45.519207, -122.474378 45.519214, -122.474972 45.519212, -122.475336 45.519212)"
0,20,"LINESTRING (-122.475336 45.519212, -122.475545 45.519212, -122.475809 45.519207, -122.476433 45.519207, -122.476944 45.519208, -122.477161 45.519162, -122.477373 45.519161, -122.478081 45.519157, -122.478746 45.519154, -122.479151 45.519156)"
0,20,"LINESTRING (-122.479151 45.519156, -122.479577 45.519156, -122.481588 45.519154)"
0,20,"LINESTRING (-122.481588 45.519154, -122.481663 45.519154, -122.48276 45.519151, -122.484277 45.519149)"
0,20,"LINESTRING (-122.484277 45.519149, -122.488118 45.519149, -122.488744 45.51915)"
0,20,"LINESTRING (-122.488744 45.51915, -122.488931 45.51915, -122.490151 45.519148, -122.490966 45.519149)"
0,20,"LINESTRING (-122.490966 45.519149, -122.491186 45.519149, -122.491905 45.519146, -122.49328 45.519152, -122.493586 45.519148)"
0,20,"LINESTRING (-122.493586 45.519148, -122.493906 45.519145, -122.494158 45.519145, -122.495614 45.519144, -122.496227 45.519144)"
0,20,"LINESTRING (-122.496227 45.519144, -122.496329 45.519144, -122.496499 45.519145, -122.496669 45.519146, -122.4973 45.519147, -122.497914 45.519149, -122.499046 45.519151, -122.499681 45.519151)"
0,20,"LINESTRING (-122.499681 45.519151, -122.500036 45.519151, -122.500858 45.519152, -122.501646 45.519153, -122.502398 45.519157, -122.503096 45.519157, -122.503702 45.519158, -122.503961 45.519159)"
0,20,"LINESTRING (-122.503961 45.519159, -122.504233 45.519161, -122.5049 45.519159, -122.506179 45.519162, -122.506713 45.519165, -122.506869 45.519164, -122.507361 45.519161, -122.507673 45.51916)"
0,20,"LINESTRING (-122.507673 45.51916, -122.50812 45.519157, -122.509245 45.519153, -122.509276 45.519153, -122.509978 45.519149, -122.510455 45.519147)"
0,20,"LINESTRING (-122.510455 45.519147, -122.510572 45.519146, -122.510713 45.519145, -122.510872 45.519143, -122.51156 45.51914, -122.513284 45.519134, -122.5136 45.519132)"
0,20,"LINESTRING (-122.5136 45.519132, -122.515859 45.519121, -122.517124 45.519115, -122.517413 45.519114)"
0,20,"LINESTRING (-122.517413 45.519114, -122.518465 45.519112, -122.519413 45.519108, -122.520927 45.519103, -122.521027 45.519102, -122.521114 45.519101, -122.521405 45.5191)"
0,20,"LINESTRING (-122.521405 45.5191, -122.522813 45.519096, -122.523582 45.519094, -122.523871 45.519093, -122.524869 45.51909, -122.526164 45.519086, -122.526451 45.519085)"
0,20,"LINESTRING (-122.526451 45.519085, -122.527146 45.519082, -122.527718 45.519079, -122.528202 45.519077, -122.52878 45.519075, -122.529373 45.519072, -122.529821 45.51907)"
0,20,"LINESTRING (-122.529821 45.51907, -122.530033 45.51907, -122.530904 45.519063, -122.531733 45.519059, -122.531851 45.519058, -122.532619 45.519053, -122.532968 45.519051, -122.533551 45.519048)"
0,20,"LINESTRING (-122.533551 45.519048, -122.533704 45.519047, -122.533909 45.519045, -122.534527 45.519039, -122.534626 45.519039, -122.534821 45.519038, -122.534957 45.519037, -122.535338 45.519035, -122.535853 45.519032, -122.536038 45.519032, -122.536433 45.51903, -122.536989 45.519027, -122.537551 45.519024)"
0,20,"LINESTRING (-122.537551 45.519024, -122.537607 45.519024, -122.53779 45.519022, -122.537956 45.519021, -122.538755 45.519017, -122.539355 45.519015, -122.540025 45.519011, -122.540244 45.51901)"
0,20,"LINESTRING (-122.540244 45.51901, -122.54038 45.51901, -122.542172 45.519005, -122.542841 45.519, -122.542935 45.518998, -122.543029 45.518996, -122.543443 45.518996, -122.543486 45.518995)"
0,20,"LINESTRING (-122.543486 45.518995, -122.545194 45.518987, -122.546398 45.51898)"
0,20,"LINESTRING (-122.546398 45.51898, -122.54695 45.518977, -122.547994 45.518975, -122.549224 45.518981)"
0,20,"LINESTRING (-122.549224 45.518981, -122.549357 45.518982, -122.550105 45.518987, -122.550611 45.518991, -122.55085 45.518993, -122.551262 45.518997, -122.551394 45.518999, -122.551608 45.519001, -122.551841 45.519003, -122.551979 45.519045, -122.552253 45.519046)"
0,20,"LINESTRING (-122.552253 45.519046, -122.552302 45.519046, -122.552681 45.519038, -122.552953 45.519026, -122.55327 45.519021, -122.553867 45.519025, -122.553962 45.519018, -122.554056 45.519011, -122.554512 45.519014, -122.55457 45.519015, -122.554758 45.519016, -122.554935 45.519018, -122.554968 45.519018, -122.555372 45.519021, -122.55562 45.519022, -122.555873 45.519025, -122.55596 45.519025)"
0,20,"LINESTRING (-122.55596 45.519025, -122.556424 45.519029, -122.556617 45.519031, -122.556861 45.519033, -122.557087 45.519035, -122.557362 45.519037, -122.557528 45.519038, -122.557645 45.51904, -122.557652 45.519159, -122.557697 45.519295, -122.557756 45.51943, -122.557797 45.519498)"
0,20,"LINESTRING (-122.557797 45.519498, -122.557822 45.519536, -122.55789 45.519637, -122.558054 45.519835, -122.558123 45.519942, -122.558174 45.520027, -122.558217 45.52012, -122.558237 45.52017, -122.558256 45.520233, -122.558278 45.520317, -122.558369 45.52039, -122.558342 45.520915, -122.558309 45.521709, -122.558302 45.522142, -122.558297 45.522497, -122.558296 45.522548, -122.558294 45.522623, -122.558293 45.522639, -122.558293 45.522662, -122.558291 45.52273, -122.558516 45.522736, -122.55919 45.522739, -122.55929 45.522738)"
0,20,"LINESTRING (-122.55929 45.522738, -122.559828 45.522733, -122.560909 45.522738, -122.561625 45.522744, -122.562272 45.52275, -122.562383 45.522752, -122.562916 45.522756)"
0,20,"LINESTRING (-122.562916 45.522756, -122.563085 45.522758, -122.563641 45.522738, -122.563759 45.522739, -122.563818 45.522739, -122.56396 45.522728, -122.564074 45.522719, -122.564226 45.522714, -122.564334 45.522679, -122.566055 45.522689, -122.566268 45.52269, -122.566709 45.522693)"
0,20,"LINESTRING (-122.566709 45.522693, -122.566843 45.522694, -122.567526 45.522697, -122.568409 45.522705, -122.568999 45.522707, -122.569505 45.522712, -122.569652 45.522716, -122.569862 45.522729, -122.570004 45.522737, -122.570111 45.52274, -122.570227 45.522742, -122.570325 45.522742, -122.57064 45.522741)"
0,20,"LINESTRING (-122.57064 45.522741, -122.570811 45.52274, -122.571032 45.522738, -122.571392 45.522738, -122.571985 45.522741, -122.572305 45.522744, -122.572949 45.522749, -122.573547 45.522751, -122.573755 45.52275, -122.573766 45.52275)"
0,20,"LINESTRING (-122.573766 45.52275, -122.573914 45.522745, -122.57402 45.522741, -122.574183 45.522739, -122.575006 45.522741, -122.576021 45.522748, -122.577038 45.522756, -122.577936 45.522761, -122.578052 45.522764, -122.578566 45.522778, -122.578853 45.52278)"
0,20,"LINESTRING (-122.578853 45.52278, -122.579067 45.522782, -122.579201 45.522783, -122.579559 45.522784, -122.57978 45.52278, -122.579951 45.522777, -122.580012 45.522776, -122.580061 45.522775, -122.580284 45.522778, -122.580519 45.522782, -122.581475 45.522789, -122.582309 45.522795)"
0,20,"LINESTRING (-122.582309 45.522795, -122.58244 45.522796, -122.583424 45.522804, -122.583548 45.522809, -122.583655 45.522814, -122.584072 45.522821, -122.584767 45.522824, -122.585855 45.522833, -122.586725 45.522838)"
0,20,"LINESTRING (-122.586725 45.522838, -122.586842 45.522839, -122.586948 45.522844, -122.587134 45.522845, -122.587207 45.522847, -122.58728 45.522854, -122.587348 45.522868, -122.587414 45.52289, -122.5877 45.522992, -122.587774 45.523018, -122.58786 45.523045, -122.587928 45.523062, -122.587946 45.523067, -122.588036 45.523085, -122.588125 45.523095, -122.588213 45.523099, -122.588825 45.5231)"
0,20,"LINESTRING (-122.588825 45.5231, -122.588946 45.5231, -122.589873 45.523101, -122.590903 45.523105, -122.591818 45.523107)"
0,20,"LINESTRING (-122.591818 45.523107, -122.591833 45.523107, -122.59194 45.523109, -122.592052 45.523117, -122.592156 45.523128, -122.592282 45.523145, -122.59236 45.523153, -122.592427 45.523156, -122.59256 45.523154, -122.593053 45.523144, -122.593735 45.52313, -122.593986 45.523125, -122.594784 45.52312, -122.594957 45.523118)"
0,20,"LINESTRING (-122.594957 45.523118, -122.595109 45.523117, -122.596123 45.523111, -122.596591 45.523109, -122.597141 45.523106, -122.597234 45.523101, -122.59731 45.523092, -122.597601 45.523036, -122.598235 45.522909, -122.598352 45.522887, -122.598435 45.522877, -122.598513 45.52287, -122.598595 45.522868, -122.599464 45.52287)"
0,20,"LINESTRING (-122.599464 45.52287, -122.599601 45.52287, -122.600883 45.522872, -122.601065 45.522872, -122.601893 45.522867, -122.602154 45.522867)"
0,20,"LINESTRING (-122.602154 45.522867, -122.602233 45.522866, -122.602334 45.522868, -122.602445 45.522869, -122.602796 45.522873, -122.603217 45.522875, -122.603327 45.522877, -122.603422 45.522879, -122.604215 45.522878)"
0,20,"LINESTRING (-122.604215 45.522878, -122.604331 45.522878, -122.604976 45.52288, -122.605435 45.52288, -122.605941 45.522881, -122.606382 45.522882, -122.607369 45.522885)"
0,20,"LINESTRING (-122.607369 45.522885, -122.607534 45.522885, -122.608862 45.522889, -122.610059 45.52289)"
0,20,"LINESTRING (-122.610059 45.52289, -122.610259 45.52289, -122.612041 45.522893, -122.613685 45.522897, -122.614593 45.522915, -122.614699 45.52292, -122.614791 45.522931, -122.614835 45.522939)"
0,20,"LINESTRING (-122.614835 45.522939, -122.614902 45.522952, -122.614991 45.522972, -122.615091 45.522995, -122.615231 45.523033, -122.615387 45.523073, -122.615437 45.523084, -122.615483 45.523095, -122.615572 45.523108, -122.615692 45.523116, -122.616169 45.523117, -122.616719 45.523115, -122.616844 45.523113, -122.616988 45.523103, -122.617158 45.523084, -122.617166 45.523083)"
0,20,"LINESTRING (-122.617166 45.523083, -122.617315 45.523068, -122.617454 45.523054, -122.61755 45.523038, -122.617671 45.523013, -122.617803 45.52298, -122.617956 45.522925, -122.618132 45.522865, -122.618239 45.522833, -122.618355 45.522806, -122.618476 45.522785, -122.618597 45.522768, -122.618711 45.522759, -122.618846 45.522755, -122.619006 45.522759, -122.619076 45.522765, -122.619139 45.522772, -122.619231 45.522784, -122.619361 45.522809, -122.619465 45.522835, -122.619585 45.522872, -122.619687 45.52291, -122.61984 45.522975, -122.619892 45.522996)"
0,20,"LINESTRING (-122.619892 45.522996, -122.619929 45.52301, -122.620029 45.523043, -122.620117 45.52307, -122.620283 45.523118, -122.62039 45.523144, -122.620518 45.523168, -122.620685 45.523194, -122.620838 45.523219, -122.620984 45.523248, -122.621288 45.52332, -122.621489 45.523363, -122.621683 45.523401, -122.621881 45.523437, -122.622045 45.523463, -122.622214 45.523482, -122.622387 45.523498, -122.622427 45.523501, -122.622599 45.523512, -122.622784 45.523519, -122.622869 45.523524)"
0,20,"LINESTRING (-122.622869 45.523524, -122.622904 45.523526, -122.622965 45.523525, -122.623081 45.523522, -122.62315 45.523521, -122.623487 45.523509, -122.623728 45.523501, -122.623952 45.523482, -122.624103 45.523463, -122.624341 45.523429, -122.62459 45.52339, -122.624824 45.523344, -122.625066 45.523292, -122.625163 45.523268)"
0,20,"LINESTRING (-122.625163 45.523268, -122.625319 45.523229, -122.625517 45.52318, -122.625697 45.52314, -122.625946 45.523087, -122.626229 45.523034, -122.626551 45.522985, -122.626825 45.522948, -122.627063 45.522922, -122.627336 45.522897, -122.627649 45.522878, -122.627946 45.522863, -122.628124 45.522858, -122.628321 45.522858, -122.628577 45.522856)"
0,20,"LINESTRING (-122.628577 45.522856, -122.628742 45.522856, -122.631697 45.522862, -122.631982 45.522862)"
0,20,"LINESTRING (-122.631982 45.522862, -122.63311 45.522865, -122.633994 45.522868, -122.634519 45.522869, -122.634974 45.52287, -122.635534 45.522872, -122.635917 45.522874, -122.63612 45.522875, -122.637173 45.522875, -122.637271 45.522874, -122.637607 45.522872, -122.637715 45.522871, -122.638027 45.522869)"
0,20,"LINESTRING (-122.638027 45.522869, -122.638158 45.522869, -122.639285 45.522861, -122.640711 45.522865, -122.641137 45.522866, -122.641218 45.522903, -122.641357 45.522905, -122.641443 45.522864, -122.641749 45.522865)"
0,20,"LINESTRING (-122.641749 45.522865, -122.643469 45.522872, -122.644627 45.522876, -122.645097 45.522879, -122.645395 45.522881, -122.645501 45.522882, -122.645601 45.522884, -122.6458 45.522883)"
0,20,"LINESTRING (-122.6458 45.522883, -122.645938 45.522883, -122.646427 45.522882, -122.647365 45.522887)"
0,20,"LINESTRING (-122.647365 45.522887, -122.647528 45.522887, -122.648541 45.522891, -122.649451 45.522892, -122.649553 45.522891, -122.649551 45.523517, -122.64955 45.523607, -122.649548 45.52422)"
0,20,"LINESTRING (-122.649548 45.52422, -122.649548 45.524317, -122.649568 45.524409, -122.649684 45.524364, -122.650158 45.524175, -122.650563 45.524013, -122.650743 45.523941, -122.650887 45.523924, -122.651392 45.523725)"
0,20,"LINESTRING (-122.651392 45.523725, -122.651393 45.523724, -122.65153 45.523671, -122.651585 45.523649, -122.651629 45.523636, -122.651671 45.523625, -122.651711 45.52362, -122.651738 45.523617, -122.651794 45.523613, -122.651824 45.523612, -122.65198 45.523614, -122.652597 45.523615, -122.653125 45.523617, -122.653392 45.523617)"
0,20,"LINESTRING (-122.653392 45.523617, -122.653461 45.523617, -122.653618 45.523618, -122.654623 45.523622, -122.655638 45.523625, -122.656651 45.523628, -122.657665 45.523632, -122.658544 45.523634)"
0,20,"LINESTRING (-122.658544 45.523634, -122.658679 45.523635, -122.659241 45.523636, -122.659695 45.523638, -122.659793 45.523639, -122.660653 45.523641, -122.660853 45.523641, -122.66153 45.523644)"
0,20,"LINESTRING (-122.66153 45.523644, -122.661622 45.523644, -122.661758 45.523649, -122.661819 45.523651, -122.661902 45.523654, -122.662001 45.523652, -122.662056 45.523644, -122.662096 45.523632, -122.662137 45.523618, -122.662177 45.523596, -122.662208 45.523574, -122.66224 45.523548, -122.662259 45.523522, -122.662275 45.523491, -122.662287 45.523453, -122.66229 45.523419, -122.6623 45.523224, -122.662306 45.523178, -122.662314 45.523142, -122.662332 45.523102, -122.662356 45.523073, -122.662362 45.523066, -122.662382 45.523052, -122.66242 45.523032, -122.662453 45.52302, -122.662512 45.523005, -122.662582 45.522994, -122.662697 45.522958, -122.663399 45.522972, -122.664882 45.523001, -122.66711 45.523046, -122.667564 45.523055, -122.668014 45.523063, -122.670109 45.523105, -122.670436 45.523112, -122.671121 45.523125)"
0,20,"LINESTRING (-122.671121 45.523125, -122.671198 45.523127, -122.671597 45.523135, -122.671693 45.523173, -122.672247 45.523183, -122.67238 45.523196, -122.673389 45.523178, -122.674404 45.523159, -122.675403 45.523141, -122.675437 45.523141, -122.675891 45.523132)"
0,20,"LINESTRING (-122.675891 45.523132, -122.676433 45.523123, -122.676459 45.523122, -122.677425 45.523105, -122.677605 45.523092, -122.678466 45.523083, -122.679002 45.523073, -122.679093 45.523071, -122.679156 45.523071, -122.679245 45.523017, -122.679919 45.523001, -122.68 45.52303, -122.680098 45.52303, -122.680211 45.523028, -122.680287 45.522993, -122.681094 45.52298, -122.681117 45.522979, -122.681433 45.522974)"
0,20,"LINESTRING (-122.681433 45.522974, -122.681849 45.522966, -122.682123 45.522961, -122.682149 45.52296, -122.683034 45.522944, -122.683137 45.522943, -122.683228 45.52294, -122.683627 45.522933)"
0,20,"LINESTRING (-122.683627 45.522933, -122.683998 45.522926, -122.684157 45.522925, -122.685251 45.522903, -122.685624 45.522896, -122.686269 45.522888, -122.686549 45.522883, -122.686653 45.52288, -122.686859 45.522875, -122.687065 45.522872, -122.687217 45.52287, -122.687355 45.522874, -122.687485 45.522881, -122.68765 45.52289, -122.688098 45.522914)"
0,20,"LINESTRING (-122.688098 45.522914, -122.688213 45.52292, -122.688608 45.522938, -122.688821 45.522948, -122.689129 45.522963, -122.689334 45.522972, -122.689756 45.522994, -122.689968 45.523004)"
0,20,"LINESTRING (-122.689968 45.523004, -122.690247 45.523017, -122.690564 45.523032, -122.690694 45.523039, -122.69089 45.523049, -122.691262 45.523069, -122.691813 45.523096, -122.69218 45.523114, -122.692298 45.52312, -122.692847 45.523146)"
0,20,"LINESTRING (-122.692847 45.523146, -122.693324 45.523169, -122.693762 45.523191, -122.693861 45.523196, -122.694142 45.523211, -122.69431 45.523221, -122.694413 45.523227, -122.694766 45.523243, -122.69496 45.523252)"
0,20,"LINESTRING (-122.69496 45.523252, -122.695014 45.523254, -122.695032 45.523255, -122.695409 45.523271, -122.695921 45.523298, -122.695966 45.5233, -122.696349 45.52332, -122.696578 45.523331, -122.69682 45.523342, -122.697135 45.523358, -122.697388 45.52337, -122.697479 45.523374, -122.697683 45.523384, -122.697805 45.523399, -122.697868 45.523408, -122.698011 45.523425)"
0,20,"LINESTRING (-122.698011 45.523425, -122.698119 45.523438, -122.698287 45.523458, -122.698462 45.523476, -122.698854 45.523532, -122.698993 45.523553, -122.699527 45.523632, -122.699835 45.523674, -122.699984 45.523695, -122.700485 45.523768, -122.700576 45.523783, -122.700643 45.523797, -122.701299 45.523954, -122.701384 45.523973, -122.701453 45.52399, -122.701694 45.524046)"
0,20,"LINESTRING (-122.701694 45.524046, -122.701869 45.524087, -122.702032 45.524125, -122.702136 45.524146, -122.702215 45.524162, -122.702352 45.524178, -122.702458 45.524189, -122.702571 45.524196, -122.70271 45.524196, -122.703259 45.524175, -122.704328 45.524142, -122.705457 45.524102, -122.705577 45.524097, -122.705711 45.52409, -122.705816 45.524082, -122.705991 45.524066, -122.70613 45.524052, -122.707376 45.523916)"
0,20,"LINESTRING (-122.707376 45.523916, -122.707499 45.523902, -122.708024 45.523849, -122.708137 45.523832, -122.708272 45.523802, -122.708451 45.523756, -122.708631 45.523708, -122.709362 45.523518, -122.709487 45.523485, -122.709702 45.523426, -122.709863 45.52338, -122.710064 45.523322)"
0,20,"LINESTRING (-122.710064 45.523322, -122.710154 45.523295, -122.71062 45.523152, -122.710849 45.523081, -122.711124 45.522994, -122.711211 45.522968, -122.711347 45.522928, -122.711672 45.522842, -122.71199 45.522775, -122.712255 45.522726, -122.712544 45.522691, -122.712854 45.522668, -122.713288 45.522645, -122.714559 45.522612, -122.71486 45.522595, -122.714944 45.522587, -122.71499 45.522581, -122.714997 45.522581)"
0,20,"LINESTRING (-122.714997 45.522581, -122.715078 45.522569, -122.715233 45.522544, -122.715371 45.522507, -122.715514 45.52246, -122.715633 45.522416, -122.715768 45.522358, -122.715871 45.522303, -122.71601 45.522222, -122.716107 45.522162, -122.716648 45.521814, -122.716734 45.521771, -122.716841 45.521724, -122.716938 45.521687, -122.717075 45.521646, -122.717221 45.521612, -122.717342 45.521592, -122.717449 45.521584, -122.717573 45.521578, -122.717727 45.521579, -122.71792 45.521594, -122.71813 45.521613, -122.71868 45.521676, -122.718797 45.521681, -122.718902 45.521682, -122.719033 45.521677, -122.719179 45.521658, -122.719299 45.521634, -122.719453 45.52159, -122.719505 45.52157, -122.719642 45.521505, -122.719728 45.521457, -122.719791 45.521415, -122.719877 45.52135, -122.720605 45.520699, -122.720892 45.520439, -122.72117 45.52019)"
0,20,"LINESTRING (-122.72117 45.52019, -122.722046 45.519404, -122.722163 45.519316, -122.722296 45.519226, -122.722417 45.519162, -122.722565 45.519091, -122.722681 45.519046, -122.72281 45.519007, -122.722934 45.518974, -122.723108 45.518939, -122.723255 45.518922, -122.723441 45.518913, -122.72363 45.518914, -122.723765 45.518924, -122.723876 45.518938, -122.723997 45.518959, -122.724108 45.518986, -122.724225 45.519021, -122.724355 45.519068, -122.725092 45.519344)"
0,20,"LINESTRING (-122.725092 45.519344, -122.725554 45.519517, -122.725841 45.519617, -122.726015 45.519668, -122.726174 45.519706, -122.726322 45.519736, -122.726484 45.519759, -122.726655 45.51978, -122.726854 45.519793, -122.727013 45.519798, -122.727182 45.519792, -122.727283 45.519789)"
0,20,"LINESTRING (-122.727283 45.519789, -122.72734 45.519788, -122.727477 45.519782, -122.727564 45.519771, -122.727629 45.519761, -122.727723 45.519743, -122.72784 45.51972, -122.727957 45.519696, -122.728085 45.519662, -122.728199 45.519628, -122.728309 45.519587, -122.72846 45.519524, -122.728993 45.519259, -122.72936 45.519086, -122.729663 45.518956, -122.729839 45.518891, -122.73002 45.518834, -122.730275 45.518765, -122.730437 45.518728, -122.73058 45.518701, -122.730779 45.518679, -122.730951 45.518664, -122.731121 45.518661, -122.731281 45.518661, -122.731534 45.518671, -122.731675 45.518684, -122.731797 45.518701, -122.731914 45.518717, -122.732231 45.518784, -122.732654 45.518871, -122.733184 45.518973, -122.733463 45.519029, -122.733602 45.519059, -122.734117 45.519168, -122.734594 45.519275, -122.734903 45.519341, -122.735101 45.519385, -122.735194 45.519406)"
0,20,"LINESTRING (-122.735194 45.519406, -122.735589 45.519493, -122.735955 45.519568, -122.736279 45.519588, -122.736528 45.519594, -122.73671 45.51959, -122.736929 45.519573, -122.73706 45.519557, -122.737207 45.519535, -122.737251 45.519526, -122.737347 45.519506, -122.737601 45.519439, -122.737965 45.519327, -122.739016 45.519001, -122.739884 45.518734, -122.740718 45.518469, -122.741076 45.51835, -122.741292 45.518263, -122.741503 45.518168, -122.741731 45.518053, -122.74194 45.517936, -122.742115 45.517827, -122.7423 45.517703, -122.742523 45.517549, -122.742739 45.517395, -122.743179 45.517091, -122.743387 45.516953, -122.743556 45.516848, -122.743722 45.516754, -122.743896 45.516666, -122.744083 45.51658, -122.744366 45.51646, -122.744546 45.516386, -122.744732 45.516313, -122.745074 45.516187, -122.745323 45.516114, -122.7457 45.515999, -122.745835 45.515954, -122.745963 45.515931, -122.746294 45.51589, -122.746339 45.515885)"
0,20,"LINESTRING (-122.746339 45.515885, -122.746456 45.515873, -122.746678 45.51587, -122.746783 45.515868, -122.747003 45.515879, -122.74707 45.515887, -122.747329 45.515916, -122.747539 45.51595, -122.748227 45.516066, -122.748978 45.516208, -122.749421 45.516298)"
0,20,"LINESTRING (-122.749421 45.516298, -122.749499 45.516313, -122.749759 45.516369, -122.750123 45.51644, -122.750237 45.516458, -122.750342 45.516468, -122.750495 45.516478, -122.750708 45.516476, -122.750911 45.516463, -122.751139 45.516424, -122.751249 45.516397, -122.75136 45.516359, -122.751454 45.516326, -122.751539 45.516291, -122.751626 45.516252, -122.751732 45.516201, -122.751886 45.516121, -122.75201 45.516055, -122.752309 45.515911, -122.752458 45.515832, -122.752809 45.515645, -122.75297 45.515556, -122.753061 45.515512, -122.753346 45.515368, -122.753513 45.515284)"
0,20,"LINESTRING (-122.753513 45.515284, -122.753708 45.515187, -122.7538 45.515143, -122.753862 45.515107, -122.754012 45.515029, -122.754162 45.514952, -122.754334 45.514838, -122.754417 45.514782, -122.754563 45.514675, -122.754668 45.514589, -122.754748 45.514512, -122.754827 45.514426, -122.755 45.51424, -122.755155 45.514055, -122.755429 45.513741, -122.755756 45.513382, -122.75607 45.513057, -122.756119 45.513013)"
0,20,"LINESTRING (-122.756119 45.513013, -122.756334 45.512815, -122.75641 45.512743, -122.756499 45.512663, -122.756754 45.512497, -122.756829 45.512456, -122.756909 45.512428, -122.757006 45.512388, -122.757087 45.512354, -122.757199 45.512316, -122.757314 45.512278, -122.757425 45.512248, -122.757798 45.512142, -122.758168 45.51204, -122.758327 45.511995, -122.758519 45.511939, -122.758639 45.511903, -122.758706 45.511882, -122.758902 45.511819, -122.759006 45.511783, -122.759105 45.511749, -122.759204 45.511712, -122.7593 45.511672, -122.759484 45.511602, -122.759653 45.511538, -122.759922 45.511396)"
0,20,"LINESTRING (-122.759922 45.511396, -122.759944 45.511384, -122.760046 45.511309, -122.76011 45.511265, -122.760381 45.511067, -122.760461 45.510985, -122.760527 45.510925, -122.760662 45.5108, -122.760919 45.510569, -122.761052 45.510523, -122.761222 45.510373, -122.761225 45.51037)"
0,20,"LINESTRING (-122.761225 45.51037, -122.76128 45.510323, -122.761309 45.510292, -122.761338 45.51026, -122.761488 45.510155, -122.761497 45.510148, -122.761631 45.510006, -122.761694 45.509973, -122.761823 45.509916, -122.761979 45.509843, -122.762146 45.509765, -122.763138 45.509335, -122.763273 45.50928, -122.763641 45.509138, -122.763733 45.509107, -122.764112 45.508988, -122.764126 45.508984)"
0,20,"LINESTRING (-122.764126 45.508984, -122.764489 45.508882, -122.764686 45.508834, -122.765085 45.508752, -122.76529 45.508713, -122.765693 45.508661, -122.766226 45.508609, -122.766691 45.508589, -122.767056 45.508581, -122.767372 45.508593, -122.767936 45.508619)"
0,20,"LINESTRING (-122.767936 45.508619, -122.76802 45.508623, -122.768132 45.508631, -122.768256 45.50864, -122.768366 45.508647, -122.768772 45.508669, -122.768999 45.508689, -122.769154 45.508701, -122.769388 45.508716, -122.769693 45.508735, -122.770085 45.508767, -122.770328 45.508793)"
0,20,"LINESTRING (-122.770328 45.508793, -122.770438 45.508805, -122.770559 45.508813, -122.770519 45.508897, -122.770495 45.509, -122.770471 45.509042, -122.770432 45.509077, -122.77038 45.509103, -122.770308 45.509135, -122.770133 45.509201, -122.769968 45.509269, -122.769857 45.509322, -122.769789 45.509369, -122.769705 45.509455, -122.769635 45.509559, -122.769568 45.509658, -122.769557 45.509684, -122.769532 45.509769, -122.769525 45.509828, -122.769522 45.50989, -122.769522 45.509953, -122.769583 45.509997, -122.769637 45.510004, -122.76978 45.510003, -122.770069 45.510002, -122.770179 45.510001, -122.770385 45.509997)"
0,20,"LINESTRING (-122.770385 45.509997, -122.770837 45.509988, -122.771384 45.509978, -122.771707 45.509973)"
0,20,"LINESTRING (-122.771707 45.509973, -122.771735 45.509972, -122.771943 45.509969, -122.772255 45.509964, -122.772684 45.509962, -122.772684 45.509793, -122.772667 45.509259)"
0,20,"LINESTRING (-122.772667 45.509259, -122.772665 45.509182, -122.772665 45.509084, -122.772812 45.509099, -122.773518 45.509191, -122.773695 45.509224, -122.773823 45.509255, -122.77392 45.509279, -122.774141 45.509345, -122.774202 45.509363, -122.774347 45.509426, -122.774546 45.509514, -122.774664 45.509576, -122.774875 45.50968, -122.775319 45.509913, -122.775424 45.509971, -122.775568 45.51005, -122.776231 45.51039, -122.776348 45.510449, -122.776617 45.510591, -122.776868 45.510669, -122.77715 45.510731, -122.777438 45.510791, -122.777606 45.510803, -122.777905 45.510865, -122.778057 45.510857, -122.778231 45.510847, -122.778286 45.510841, -122.778397 45.510826, -122.778491 45.510811, -122.778586 45.510796, -122.778774 45.510752, -122.778944 45.510705, -122.779063 45.51067, -122.779299 45.51058, -122.779403 45.510532, -122.77955 45.510462, -122.779685 45.510384, -122.779928 45.510233, -122.780022 45.51019, -122.780122 45.510125, -122.780287 45.510036, -122.780457 45.509962, -122.7806 45.509912, -122.780747 45.509873, -122.78089 45.50985, -122.781032 45.509841, -122.78118 45.509845, -122.78131 45.509863, -122.781465 45.5099, -122.781586 45.509938)"
0,20,"LINESTRING (-122.781586 45.509938, -122.781623 45.509949, -122.781968 45.510075, -122.782197 45.510158, -122.782577 45.510296, -122.782701 45.510351, -122.783424 45.510611, -122.783508 45.510641, -122.783639 45.510688, -122.783848 45.510766, -122.784031 45.510849, -122.784261 45.510963, -122.784517 45.511089, -122.784754 45.511217, -122.784805 45.511253, -122.784847 45.511291, -122.784886 45.511332, -122.784918 45.511377, -122.784947 45.511425, -122.784971 45.51148, -122.784989 45.511531, -122.784998 45.511589, -122.784996 45.511683, -122.784987 45.511737, -122.784956 45.511812, -122.784927 45.511861, -122.784882 45.511904, -122.784851 45.511943, -122.784671 45.512116, -122.784628 45.512165, -122.784595 45.512218, -122.784573 45.512272, -122.784554 45.512338, -122.784551 45.512458, -122.784544 45.512572, -122.784787 45.51258, -122.785115 45.51259, -122.785616 45.512606, -122.785827 45.512618, -122.786016 45.512635, -122.786196 45.512664, -122.78639 45.512704, -122.786635 45.512765, -122.786804 45.512811, -122.786889 45.512842, -122.786932 45.512857, -122.787091 45.512922, -122.787241 45.512993, -122.787426 45.513089, -122.787595 45.51319, -122.787765 45.513299, -122.787922 45.513423, -122.788036 45.513525, -122.788115 45.513597, -122.788206 45.513696, -122.788273 45.513783, -122.788359 45.5139, -122.788445 45.514037, -122.788515 45.514145, -122.788591 45.514254, -122.788726 45.514463, -122.788838 45.514617, -122.788885 45.514673, -122.788952 45.514754, -122.789063 45.514883, -122.789294 45.515093, -122.78946 45.515226, -122.789649 45.515355, -122.789802 45.515456)"
0,20,"LINESTRING (-122.789802 45.515456, -122.789858 45.515492, -122.789976 45.515551, -122.790239 45.515685, -122.790371 45.51575, -122.790483 45.515803, -122.790617 45.515861, -122.790735 45.515908, -122.790839 45.515945, -122.790885 45.515962, -122.791004 45.516001, -122.791054 45.516017, -122.791193 45.516055, -122.791323 45.516092, -122.791987 45.51626, -122.792206 45.516319, -122.792295 45.516191, -122.792549 45.515847, -122.792805 45.515518, -122.792924 45.51535, -122.793137 45.515081, -122.793605 45.514469, -122.794066 45.513869, -122.794286 45.513583, -122.794343 45.5135, -122.794564 45.513225, -122.7947 45.513055, -122.794773 45.512958, -122.794823 45.512895, -122.795025 45.512614, -122.795065 45.512559)"
0,20,"LINESTRING (-122.795065 45.512559, -122.795113 45.512489, -122.795198 45.512343, -122.79524 45.512258, -122.795275 45.512174, -122.795298 45.512104, -122.795334 45.511999, -122.795346 45.511922, -122.795365 45.511782, -122.795377 45.511624, -122.795368 45.511387, -122.795341 45.511076, -122.795331 45.510967, -122.795312 45.510475, -122.795313 45.509982, -122.795345 45.509784, -122.795358 45.50973)"
0,20,"LINESTRING (-122.795358 45.50973, -122.795397 45.509573, -122.795425 45.509468, -122.795552 45.509132, -122.795705 45.508785, -122.795729 45.508736, -122.795781 45.508608, -122.795939 45.508239, -122.796115 45.507789, -122.796136 45.507724, -122.796162 45.507647, -122.796277 45.507354)"
0,20,"LINESTRING (-122.796277 45.507354, -122.796364 45.507135, -122.796391 45.507067, -122.796533 45.506662, -122.796612 45.506486, -122.796707 45.506309, -122.79685 45.506082, -122.797083 45.505786, -122.797259 45.505628, -122.797436 45.505483, -122.797629 45.505347, -122.797796 45.505234, -122.797997 45.505123, -122.798197 45.505023, -122.798497 45.504885, -122.798766 45.504773)"
0,20,"LINESTRING (-122.798766 45.504773, -122.79883 45.504747, -122.799602 45.504434, -122.800875 45.503918, -122.80179 45.50355, -122.802239 45.503369, -122.803205 45.502981, -122.803337 45.502927)"
0,20,"LINESTRING (-122.803337 45.502927, -122.803547 45.50284, -122.8039 45.5027, -122.804148 45.502601, -122.80493 45.502289, -122.805115 45.50219, -122.805243 45.502118, -122.805432 45.501973, -122.805562 45.501933, -122.805653 45.501832, -122.805725 45.501729, -122.805845 45.501548, -122.805838 45.501454, -122.805898 45.50136, -122.805945 45.50129, -122.806019 45.501183, -122.806148 45.500983, -122.806156 45.50097, -122.806181 45.500933)"
0,20,"LINESTRING (-122.806181 45.500933, -122.806264 45.500815, -122.806314 45.500736, -122.806381 45.500622, -122.806574 45.500308, -122.80667 45.500135, -122.806717 45.500054, -122.806763 45.499973, -122.806866 45.499799, -122.807106 45.499392, -122.807373 45.498945, -122.807533 45.498672, -122.80758 45.498594)"
0,20,"LINESTRING (-122.80758 45.498594, -122.807856 45.498129, -122.80805 45.497798, -122.808155 45.497622, -122.808375 45.497249, -122.808419 45.497166, -122.808522 45.496993)"
0,20,"LINESTRING (-122.808522 45.496993, -122.808835 45.496463, -122.808866 45.49641, -122.809059 45.496075, -122.809125 45.49596, -122.809279 45.495693, -122.809543 45.495235, -122.809668 45.495018, -122.80989 45.494633, -122.810027 45.494394, -122.810101 45.49426, -122.81016 45.494158, -122.810023 45.494128, -122.809869 45.494094, -122.809566 45.494026, -122.809484 45.494008, -122.809334 45.493975, -122.809314 45.49397, -122.808896 45.493877, -122.808798 45.493855)"
0,20,"LINESTRING (-122.808798 45.493855, -122.808313 45.493747, -122.807951 45.493666, -122.807863 45.493646, -122.807784 45.493623, -122.807667 45.493587, -122.807568 45.493551, -122.807512 45.493528, -122.80747 45.493509, -122.807402 45.493474, -122.807241 45.493388, -122.807158 45.49334, -122.807038 45.493422, -122.806885 45.493506, -122.80681 45.493541, -122.806728 45.493574, -122.806667 45.493596, -122.806615 45.493611, -122.806587 45.493619, -122.806481 45.493643, -122.806376 45.493661, -122.806278 45.493671, -122.806168 45.493678, -122.806005 45.49368, -122.805578 45.493666, -122.805216 45.493666)"
0,20,"LINESTRING (-122.805216 45.493666, -122.805173 45.493666, -122.80503 45.49367, -122.804988 45.493671, -122.804596 45.493684, -122.804492 45.493688, -122.803999 45.493692, -122.8038 45.493694, -122.80346 45.4937, -122.803375 45.4937)"
0,20,"LINESTRING (-122.803375 45.4937, -122.803049 45.493699, -122.802898 45.493701, -122.802895 45.493617, -122.80289 45.493329, -122.802884 45.492976, -122.802883 45.49285, -122.802877 45.49223, -122.802859 45.492114, -122.802834 45.491999, -122.802805 45.491888, -122.802635 45.491526, -122.802558 45.491358, -122.802417 45.491056, -122.802452 45.491004, -122.802419 45.490923, -122.802397 45.490872, -122.80236 45.490784, -122.802318 45.490712, -122.802275 45.49065, -122.802203 45.490632, -122.802121 45.490524, -122.801851 45.490257, -122.801631 45.49034, -122.801601 45.490357, -122.801571 45.490373, -122.801536 45.490406, -122.801506 45.490457, -122.801656 45.490733, -122.801678 45.490774, -122.801673 45.490841, -122.801643 45.490901, -122.801499 45.491041, -122.801376 45.491161, -122.801314 45.491226, -122.801182 45.491366, -122.801072 45.491483, -122.800932 45.491631, -122.800869 45.491653, -122.800811 45.491658, -122.800746 45.491649, -122.800689 45.491599, -122.800646 45.491548, -122.800617 45.491494, -122.800603 45.491436, -122.80061 45.491388, -122.800632 45.491342, -122.800746 45.491216)"
1,20,"LINESTRING (-122.800746 45.491216, -122.800829 45.491124, -122.800924 45.491068, -122.800981 45.491005, -122.801229 45.49074, -122.801342 45.490618)"
1,20,"LINESTRING (-122.801342 45.490618, -122.801393 45.490564, -122.801506 45.490457, -122.801536 45.490406, -122.801571 45.490373, -122.801631 45.49034, -122.801851 45.490257, -122.802121 45.490524, -122.802203 45.490632, -122.80218 45.490678, -122.802211 45.490742, -122.802244 45.490811, -122.802282 45.490894, -122.802309 45.490951, -122.802349 45.491022, -122.802417 45.491056, -122.802558 45.491358, -122.802635 45.491526, -122.802805 45.491888, -122.802834 45.491999, -122.802859 45.492114, -122.802877 45.49223, -122.802883 45.49285, -122.802884 45.492976, -122.802889 45.493233)"
1,20,"LINESTRING (-122.802889 45.493233, -122.80289 45.493329, -122.802895 45.493617, -122.802898 45.493701, -122.803049 45.493699, -122.80346 45.4937, -122.8038 45.493694, -122.803999 45.493692, -122.804492 45.493688, -122.804596 45.493684, -122.804988 45.493671, -122.80503 45.49367, -122.805173 45.493666, -122.805578 45.493666, -122.806005 45.49368, -122.806113 45.493679)"
1,20,"LINESTRING (-122.806113 45.493679, -122.806168 45.493678, -122.806278 45.493671, -122.806376 45.493661, -122.806481 45.493643, -122.806587 45.493619, -122.806615 45.493611, -122.806667 45.493596, -122.806728 45.493574, -122.80681 45.493541, -122.806885 45.493506, -122.807038 45.493422, -122.807158 45.49334, -122.807241 45.493388, -122.807402 45.493474, -122.80747 45.493509, -122.807512 45.493528, -122.807568 45.493551, -122.807667 45.493587)"
1,20,"LINESTRING (-122.807667 45.493587, -122.807674 45.493589, -122.807784 45.493623, -122.807863 45.493646, -122.807951 45.493666, -122.808313 45.493747, -122.808896 45.493877, -122.809314 45.49397, -122.809334 45.493975, -122.809484 45.494008, -122.809566 45.494026, -122.809786 45.494076)"
1,20,"LINESTRING (-122.809786 45.494076, -122.809869 45.494094, -122.810023 45.494128, -122.81016 45.494158, -122.810101 45.49426, -122.810027 45.494394, -122.80989 45.494633, -122.809668 45.495018, -122.809543 45.495235, -122.809387 45.495506)"
1,20,"LINESTRING (-122.809387 45.495506, -122.809279 45.495693, -122.809125 45.49596, -122.809059 45.496075, -122.808866 45.49641, -122.808835 45.496463, -122.808502 45.497026)"
1,20,"LINESTRING (-122.808502 45.497026, -122.808419 45.497166, -122.808375 45.497249, -122.808155 45.497622, -122.80805 45.497798, -122.807856 45.498129, -122.807533 45.498672, -122.807455 45.498806)"
1,20,"LINESTRING (-122.807455 45.498806, -122.807373 45.498945, -122.807106 45.499392, -122.806866 45.499799, -122.806763 45.499973, -122.806717 45.500054, -122.80667 45.500135, -122.806574 45.500308, -122.806381 45.500622, -122.806314 45.500736, -122.806264 45.500815, -122.806181 45.500933, -122.806156 45.50097, -122.806026 45.501172, -122.806019 45.501183)"
1,20,"LINESTRING (-122.806019 45.501183, -122.805945 45.50129, -122.805898 45.50136, -122.805838 45.501454, -122.805719 45.501502, -122.805603 45.501678, -122.805475 45.501839, -122.805429 45.501882, -122.805432 45.501973, -122.805243 45.502118, -122.805115 45.50219, -122.80493 45.502289, -122.804148 45.502601, -122.8039 45.5027, -122.803547 45.50284, -122.803205 45.502981, -122.802988 45.503069)"
1,20,"LINESTRING (-122.802988 45.503069, -122.802239 45.503369, -122.80179 45.50355, -122.800875 45.503918, -122.799602 45.504434, -122.79883 45.504747, -122.798497 45.504885, -122.798197 45.505023, -122.798161 45.505041)"
1,20,"LINESTRING (-122.798161 45.505041, -122.797997 45.505123, -122.797796 45.505234, -122.797629 45.505347, -122.797436 45.505483, -122.797259 45.505628, -122.797083 45.505786, -122.79685 45.506082, -122.796707 45.506309, -122.796612 45.506486, -122.796533 45.506662, -122.796391 45.507067, -122.796364 45.507135, -122.796194 45.507564)"
1,20,"LINESTRING (-122.796194 45.507564, -122.796162 45.507647, -122.796136 45.507724, -122.796115 45.507789, -122.795939 45.508239, -122.795781 45.508608, -122.795729 45.508736, -122.795705 45.508785, -122.795552 45.509132, -122.795427 45.509463, -122.795425 45.509468)"
1,20,"LINESTRING (-122.795425 45.509468, -122.795397 45.509573, -122.795345 45.509784, -122.795313 45.509982, -122.795312 45.510475, -122.795331 45.510967, -122.795341 45.511076, -122.795368 45.511387, -122.795377 45.511624, -122.795365 45.511782, -122.795346 45.511922, -122.795334 45.511999, -122.795298 45.512104, -122.795275 45.512174, -122.79524 45.512258, -122.795198 45.512343, -122.795113 45.512489, -122.795065 45.512559, -122.794889 45.512803, -122.794823 45.512895)"
1,20,"LINESTRING (-122.794823 45.512895, -122.794773 45.512958, -122.7947 45.513055, -122.794564 45.513225, -122.794343 45.5135, -122.794286 45.513583, -122.794066 45.513869, -122.793605 45.514469, -122.793137 45.515081, -122.792924 45.51535, -122.792805 45.515518, -122.792549 45.515847, -122.792295 45.516191, -122.792206 45.516319, -122.791987 45.51626, -122.791323 45.516092, -122.791193 45.516055, -122.791054 45.516017, -122.791004 45.516001, -122.790885 45.515962, -122.790839 45.515945, -122.790735 45.515908, -122.790617 45.515861, -122.790483 45.515803, -122.790371 45.51575, -122.790239 45.515685, -122.789976 45.515551, -122.789858 45.515492, -122.789649 45.515355)"
1,20,"LINESTRING (-122.789649 45.515355, -122.789592 45.515317, -122.78946 45.515226, -122.789294 45.515093, -122.789063 45.514883, -122.788952 45.514754, -122.788885 45.514673, -122.788838 45.514617, -122.788726 45.514463, -122.788591 45.514254, -122.788515 45.514145, -122.788445 45.514037, -122.788359 45.5139, -122.788273 45.513783, -122.788206 45.513696, -122.788115 45.513597, -122.788036 45.513525, -122.787922 45.513423, -122.787765 45.513299, -122.787595 45.51319, -122.787426 45.513089, -122.787241 45.512993, -122.787091 45.512922, -122.786932 45.512857, -122.786889 45.512842, -122.786804 45.512811, -122.786635 45.512765, -122.78639 45.512704, -122.786196 45.512664, -122.786016 45.512635, -122.785827 45.512618, -122.785616 45.512606, -122.785115 45.51259, -122.784787 45.51258, -122.784544 45.512572, -122.783615 45.512542, -122.78314 45.512527, -122.782883 45.512519, -122.781042 45.512462, -122.780664 45.512435, -122.780438 45.512406, -122.780204 45.512366, -122.780049 45.512334, -122.779635 45.512217, -122.779406 45.512135, -122.7791 45.512009, -122.779012 45.511972, -122.778855 45.511908, -122.778507 45.5117, -122.778426 45.511645, -122.778277 45.511524, -122.778143 45.511408, -122.778148 45.511204, -122.778145 45.511146, -122.778165 45.511013, -122.778195 45.510923, -122.778231 45.510847, -122.778286 45.510841, -122.778397 45.510826, -122.778586 45.510796, -122.778774 45.510752, -122.778944 45.510705, -122.779063 45.51067, -122.779299 45.51058, -122.779403 45.510532, -122.77955 45.510462, -122.779685 45.510384, -122.779928 45.510233, -122.780022 45.51019, -122.780122 45.510125, -122.780287 45.510036, -122.780457 45.509962, -122.7806 45.509912, -122.780747 45.509873, -122.78089 45.50985, -122.781032 45.509841, -122.78118 45.509845, -122.78131 45.509863, -122.781465 45.5099, -122.781623 45.509949, -122.781791 45.51001)"
1,20,"LINESTRING (-122.781791 45.51001, -122.781968 45.510075, -122.782197 45.510158, -122.782577 45.510296, -122.782701 45.510351, -122.783424 45.510611, -122.783508 45.510641, -122.783639 45.510688, -122.783848 45.510766, -122.784031 45.510849, -122.784261 45.510963, -122.784517 45.511089, -122.784754 45.511217, -122.784805 45.511253, -122.784847 45.511291, -122.784886 45.511332, -122.784918 45.511377, -122.784947 45.511425, -122.784971 45.51148, -122.784989 45.511531, -122.784998 45.511589, -122.784996 45.511683, -122.784987 45.511737, -122.784956 45.511812, -122.784927 45.511861, -122.784882 45.511904, -122.784851 45.511943, -122.784671 45.512116, -122.784628 45.512165, -122.784595 45.512218, -122.784573 45.512272, -122.784554 45.512338, -122.784551 45.512458, -122.784544 45.512572, -122.783615 45.512542, -122.78314 45.512527, -122.782883 45.512519, -122.781042 45.512462, -122.780664 45.512435, -122.780438 45.512406, -122.780204 45.512366, -122.780049 45.512334, -122.779635 45.512217, -122.779406 45.512135, -122.7791 45.512009, -122.779012 45.511972, -122.778855 45.511908, -122.778507 45.5117, -122.778426 45.511645, -122.778277 45.511524, -122.778143 45.511408, -122.778089 45.511352, -122.778008 45.511273, -122.777836 45.511077, -122.777718 45.51091, -122.777698 45.51089, -122.777606 45.510803, -122.777438 45.510791, -122.77715 45.510731, -122.776868 45.510669, -122.776617 45.510591, -122.776348 45.510449, -122.776231 45.51039, -122.775568 45.51005, -122.775424 45.509971, -122.775319 45.509913, -122.774875 45.50968, -122.774664 45.509576, -122.774546 45.509514, -122.774347 45.509426, -122.774202 45.509363, -122.774141 45.509345, -122.77392 45.509279, -122.773823 45.509255, -122.773695 45.509224, -122.773568 45.5092)"
1,20,"LINESTRING (-122.773568 45.5092, -122.773518 45.509191, -122.772812 45.509099, -122.772665 45.509084, -122.772509 45.509062, -122.772417 45.509049, -122.772195 45.509018, -122.771632 45.508942, -122.771101 45.508871, -122.77073 45.508829, -122.770559 45.508813, -122.770519 45.508897, -122.770495 45.509, -122.770471 45.509042, -122.770432 45.509077, -122.77038 45.509103, -122.770308 45.509135, -122.770133 45.509201, -122.769968 45.509269, -122.769857 45.509322, -122.769789 45.509369, -122.769705 45.509455, -122.769635 45.509559, -122.769568 45.509658, -122.769557 45.509684, -122.769532 45.509769, -122.769525 45.509828, -122.769522 45.50989, -122.769522 45.509953, -122.769583 45.509997, -122.769637 45.510004, -122.76978 45.510003, -122.770069 45.510002, -122.770179 45.510001, -122.770385 45.509997)"
1,20,"LINESTRING (-122.770385 45.509997, -122.770837 45.509988, -122.771384 45.509978, -122.771707 45.509973)"
1,20,"LINESTRING (-122.771707 45.509973, -122.771735 45.509972, -122.771943 45.509969, -122.772255 45.509964, -122.772684 45.509962, -122.772684 45.509793, -122.772665 45.509182, -122.772665 45.509084, -122.772509 45.509062, -122.772417 45.509049, -122.772195 45.509018, -122.771632 45.508942, -122.771101 45.508871, -122.770773 45.508834)"
1,20,"LINESTRING (-122.770773 45.508834, -122.77073 45.508829, -122.770559 45.508813, -122.770438 45.508805, -122.770085 45.508767, -122.769693 45.508735, -122.769388 45.508716, -122.769154 45.508701, -122.768999 45.508689, -122.768772 45.508669, -122.768366 45.508647, -122.768256 45.50864, -122.768132 45.508631, -122.76802 45.508623, -122.767542 45.508601)"
1,20,"LINESTRING (-122.767542 45.508601, -122.767372 45.508593, -122.767056 45.508581, -122.766691 45.508589, -122.766226 45.508609, -122.765693 45.508661, -122.76529 45.508713, -122.765085 45.508752, -122.764686 45.508834, -122.764489 45.508882, -122.764112 45.508988, -122.76391 45.509051)"
1,20,"LINESTRING (-122.76391 45.509051, -122.763733 45.509107, -122.763641 45.509138, -122.763273 45.50928, -122.763138 45.509335, -122.762146 45.509765, -122.761979 45.509843, -122.761823 45.509916, -122.761769 45.50994)"
1,20,"LINESTRING (-122.761769 45.50994, -122.761694 45.509973, -122.761631 45.510006, -122.761441 45.510089, -122.761345 45.510156, -122.761245 45.510231, -122.761175 45.510286, -122.761058 45.510389, -122.760958 45.510475, -122.760919 45.510569, -122.760662 45.5108, -122.760527 45.510925, -122.760461 45.510985, -122.760381 45.511067, -122.760201 45.511199)"
1,20,"LINESTRING (-122.760201 45.511199, -122.76011 45.511265, -122.760046 45.511309, -122.759944 45.511384, -122.759653 45.511538, -122.759484 45.511602, -122.7593 45.511672, -122.759204 45.511712, -122.759105 45.511749, -122.759006 45.511783, -122.758902 45.511819, -122.758706 45.511882, -122.758639 45.511903, -122.758519 45.511939, -122.758327 45.511995, -122.758168 45.51204, -122.757798 45.512142, -122.757425 45.512248, -122.757314 45.512278, -122.757199 45.512316, -122.757087 45.512354, -122.757006 45.512388, -122.756909 45.512428, -122.756829 45.512456, -122.756754 45.512497, -122.756604 45.512594)"
1,20,"LINESTRING (-122.756604 45.512594, -122.756499 45.512663, -122.75641 45.512743, -122.756334 45.512815, -122.75607 45.513057, -122.755756 45.513382, -122.755429 45.513741, -122.755155 45.514055, -122.755 45.51424, -122.754827 45.514426, -122.754748 45.514512, -122.754668 45.514589, -122.754563 45.514675, -122.754417 45.514782, -122.754334 45.514838, -122.754162 45.514952, -122.754012 45.515029, -122.753862 45.515107, -122.7538 45.515143, -122.753708 45.515187, -122.753346 45.515368, -122.753061 45.515512, -122.75297 45.515556, -122.752809 45.515645, -122.752458 45.515832, -122.752414 45.515855)"
1,20,"LINESTRING (-122.752414 45.515855, -122.752309 45.515911, -122.75201 45.516055, -122.751886 45.516121, -122.751732 45.516201, -122.751626 45.516252, -122.751539 45.516291, -122.751454 45.516326, -122.75136 45.516359, -122.751249 45.516397, -122.751139 45.516424, -122.750911 45.516463, -122.750708 45.516476, -122.750495 45.516478, -122.750342 45.516468, -122.750237 45.516458, -122.750123 45.51644, -122.749759 45.516369, -122.749499 45.516313, -122.748978 45.516208, -122.748943 45.516201)"
1,20,"LINESTRING (-122.748943 45.516201, -122.748227 45.516066, -122.747539 45.51595, -122.747329 45.515916, -122.74707 45.515887, -122.747003 45.515879, -122.746783 45.515868, -122.746678 45.51587, -122.746456 45.515873, -122.746294 45.51589, -122.746224 45.515899)"
1,20,"LINESTRING (-122.746224 45.515899, -122.745963 45.515931, -122.745835 45.515954, -122.7457 45.515999, -122.745323 45.516114, -122.745074 45.516187, -122.744732 45.516313, -122.744546 45.516386, -122.744366 45.51646, -122.744083 45.51658, -122.743896 45.516666, -122.743722 45.516754, -122.743556 45.516848, -122.743387 45.516953, -122.743179 45.517091, -122.742739 45.517395, -122.742523 45.517549, -122.7423 45.517703, -122.742115 45.517827, -122.74194 45.517936, -122.741731 45.518053, -122.741503 45.518168, -122.741292 45.518263, -122.741076 45.51835, -122.740718 45.518469, -122.739884 45.518734, -122.739016 45.519001, -122.737965 45.519327, -122.737601 45.519439, -122.737347 45.519506, -122.737251 45.519526, -122.737207 45.519535, -122.73706 45.519557, -122.736929 45.519573, -122.73671 45.51959, -122.736528 45.519594, -122.736279 45.519588, -122.735955 45.519568, -122.735589 45.519493, -122.735154 45.519397)"
1,20,"LINESTRING (-122.735154 45.519397, -122.735101 45.519385, -122.734903 45.519341, -122.734594 45.519275, -122.734117 45.519168, -122.733602 45.519059, -122.733463 45.519029, -122.733184 45.518973, -122.732654 45.518871, -122.732231 45.518784, -122.731914 45.518717, -122.731797 45.518701, -122.731675 45.518684, -122.731534 45.518671, -122.731281 45.518661, -122.731121 45.518661, -122.730951 45.518664, -122.730779 45.518679, -122.73058 45.518701, -122.730437 45.518728, -122.730275 45.518765, -122.73002 45.518834, -122.729839 45.518891, -122.729663 45.518956, -122.72936 45.519086, -122.728993 45.519259, -122.72846 45.519524, -122.728309 45.519587, -122.728199 45.519628, -122.728085 45.519662, -122.727957 45.519696, -122.72784 45.51972, -122.727723 45.519743, -122.727629 45.519761, -122.727564 45.519771, -122.727477 45.519782, -122.72734 45.519788, -122.727182 45.519792, -122.727013 45.519798, -122.726992 45.519797)"
1,20,"LINESTRING (-122.726992 45.519797, -122.726854 45.519793, -122.726655 45.51978, -122.726484 45.519759, -122.726322 45.519736, -122.726174 45.519706, -122.726015 45.519668, -122.725841 45.519617, -122.725554 45.519517, -122.724355 45.519068, -122.724225 45.519021, -122.724108 45.518986, -122.723997 45.518959, -122.723876 45.518938, -122.723765 45.518924, -122.72363 45.518914, -122.723441 45.518913, -122.723255 45.518922, -122.723108 45.518939, -122.722934 45.518974, -122.72281 45.519007, -122.722681 45.519046, -122.722565 45.519091, -122.722417 45.519162, -122.722296 45.519226, -122.722264 45.519248)"
1,20,"LINESTRING (-122.722264 45.519248, -122.722163 45.519316, -122.722046 45.519404, -122.720892 45.520439, -122.720768 45.520552)"
1,20,"LINESTRING (-122.720768 45.520552, -122.720605 45.520699, -122.719877 45.52135, -122.719791 45.521415, -122.719728 45.521457, -122.719642 45.521505, -122.719505 45.52157, -122.719453 45.52159, -122.719299 45.521634, -122.719179 45.521658, -122.719033 45.521677, -122.718902 45.521682, -122.718797 45.521681, -122.71868 45.521676, -122.71813 45.521613, -122.71792 45.521594, -122.717727 45.521579, -122.717573 45.521578, -122.717449 45.521584, -122.717342 45.521592, -122.717221 45.521612, -122.717075 45.521646, -122.716938 45.521687, -122.716841 45.521724, -122.716734 45.521771, -122.716648 45.521814, -122.716107 45.522162, -122.71601 45.522222, -122.715871 45.522303, -122.715768 45.522358, -122.715633 45.522416, -122.715514 45.52246, -122.715371 45.522507, -122.715233 45.522544, -122.715078 45.522569, -122.714997 45.522581, -122.714983 45.522582)"
1,20,"LINESTRING (-122.714983 45.522582, -122.714944 45.522587, -122.71486 45.522595, -122.714559 45.522612, -122.713288 45.522645, -122.712854 45.522668, -122.712544 45.522691, -122.712255 45.522726, -122.71199 45.522775, -122.711672 45.522842, -122.711347 45.522928, -122.711211 45.522968, -122.711124 45.522994, -122.710849 45.523081, -122.710774 45.523104)"
1,20,"LINESTRING (-122.710774 45.523104, -122.71062 45.523152, -122.710154 45.523295, -122.709863 45.52338, -122.709702 45.523426, -122.709487 45.523485, -122.709362 45.523518, -122.708631 45.523708, -122.708451 45.523756, -122.708272 45.523802, -122.708137 45.523832, -122.708024 45.523849, -122.707499 45.523902, -122.707381 45.523915)"
1,20,"LINESTRING (-122.707381 45.523915, -122.70613 45.524052, -122.705991 45.524066, -122.705816 45.524082, -122.705711 45.52409, -122.705577 45.524097, -122.705457 45.524102, -122.704328 45.524142, -122.703259 45.524175, -122.70271 45.524196, -122.702571 45.524196, -122.702458 45.524189, -122.702352 45.524178, -122.702215 45.524162, -122.702136 45.524146, -122.702032 45.524125, -122.701869 45.524087, -122.701453 45.52399, -122.701384 45.523973, -122.701299 45.523954, -122.700944 45.523869)"
1,20,"LINESTRING (-122.700944 45.523869, -122.700643 45.523797, -122.700576 45.523783, -122.700485 45.523768, -122.699984 45.523695, -122.699835 45.523674, -122.699527 45.523632, -122.698993 45.523553, -122.698854 45.523532, -122.698462 45.523476, -122.698287 45.523458, -122.698119 45.523438, -122.697868 45.523408, -122.697805 45.523399, -122.697683 45.523384, -122.697479 45.523374, -122.697388 45.52337, -122.697135 45.523358, -122.696987 45.52335)"
1,20,"LINESTRING (-122.696987 45.52335, -122.69682 45.523342, -122.696578 45.523331, -122.696349 45.52332, -122.695966 45.5233, -122.695921 45.523298, -122.695409 45.523271, -122.695032 45.523255, -122.695014 45.523254, -122.694766 45.523243, -122.694481 45.52323)"
1,20,"LINESTRING (-122.694481 45.52323, -122.694413 45.523227, -122.69431 45.523221, -122.694142 45.523211, -122.693861 45.523196, -122.693762 45.523191, -122.693324 45.523169, -122.692561 45.523132)"
1,20,"LINESTRING (-122.692561 45.523132, -122.692298 45.52312, -122.69218 45.523114, -122.691813 45.523096, -122.691262 45.523069, -122.69089 45.523049, -122.690694 45.523039, -122.690564 45.523032, -122.690247 45.523017, -122.689756 45.522994, -122.68971 45.522992)"
1,20,"LINESTRING (-122.68971 45.522992, -122.689334 45.522972, -122.689129 45.522963, -122.688821 45.522948, -122.688608 45.522938, -122.688213 45.52292, -122.68765 45.52289, -122.687485 45.522881, -122.687355 45.522874, -122.687217 45.52287, -122.687065 45.522872, -122.686859 45.522875, -122.686678 45.52288)"
1,20,"LINESTRING (-122.686678 45.52288, -122.686653 45.52288, -122.686549 45.522883, -122.686269 45.522888, -122.685624 45.522896, -122.685251 45.522903, -122.684299 45.522922)"
1,20,"LINESTRING (-122.684299 45.522922, -122.684157 45.522925, -122.683998 45.522926, -122.683228 45.52294, -122.683137 45.522943, -122.683034 45.522944, -122.682149 45.52296, -122.682123 45.522961, -122.681849 45.522966, -122.681295 45.522976)"
1,20,"LINESTRING (-122.681295 45.522976, -122.681117 45.522979, -122.681094 45.52298, -122.680287 45.522993, -122.680213 45.522968, -122.680097 45.52297, -122.679998 45.52297, -122.679919 45.523001, -122.679245 45.523017, -122.679149 45.522977, -122.679085 45.522977, -122.678454 45.522984, -122.678371 45.522985, -122.677431 45.522988, -122.676637 45.523)"
1,20,"LINESTRING (-122.676637 45.523, -122.676486 45.523003, -122.676463 45.523002, -122.67625 45.523007, -122.675733 45.523018, -122.675425 45.523025, -122.675386 45.523025, -122.675082 45.523032, -122.674398 45.523046, -122.67427 45.523052, -122.674071 45.523056, -122.673386 45.523072, -122.672533 45.523092)"
1,20,"LINESTRING (-122.672533 45.523092, -122.672377 45.523096, -122.672236 45.523091, -122.671695 45.523082, -122.671597 45.523135, -122.671121 45.523125, -122.670436 45.523112, -122.670109 45.523105, -122.668014 45.523063, -122.667564 45.523055, -122.66711 45.523046, -122.664882 45.523001, -122.663399 45.522972, -122.662697 45.522958, -122.662581 45.522918, -122.662274 45.522921, -122.661902 45.522929, -122.661828 45.522931, -122.661766 45.522934, -122.660874 45.522932)"
1,20,"LINESTRING (-122.660874 45.522932, -122.660717 45.522931, -122.660654 45.522932, -122.660498 45.522931, -122.660113 45.52293, -122.659927 45.52293, -122.659699 45.522929, -122.65921 45.522928, -122.658685 45.522926, -122.658329 45.522925, -122.658313 45.522925, -122.657843 45.522924)"
1,20,"LINESTRING (-122.657843 45.522924, -122.657671 45.522923, -122.657028 45.522922, -122.656655 45.522921, -122.656007 45.522919, -122.655643 45.522918, -122.655539 45.522918, -122.654628 45.522916, -122.654513 45.522907, -122.653825 45.522907)"
1,20,"LINESTRING (-122.653825 45.522907, -122.653618 45.522907, -122.653464 45.522904, -122.653181 45.522906, -122.652705 45.522904, -122.652599 45.522902, -122.652516 45.5229, -122.652168 45.522895, -122.651787 45.522891, -122.651668 45.522863, -122.651514 45.522863, -122.651347 45.522898, -122.651047 45.522897, -122.650572 45.522898, -122.649671 45.522893, -122.649553 45.522891, -122.649451 45.522892, -122.649193 45.522892)"
1,20,"LINESTRING (-122.649193 45.522892, -122.648541 45.522891, -122.647528 45.522887, -122.646427 45.522882, -122.645938 45.522883, -122.64566 45.522884)"
1,20,"LINESTRING (-122.64566 45.522884, -122.645601 45.522884, -122.645501 45.522882, -122.645395 45.522881, -122.645097 45.522879, -122.644627 45.522876, -122.643469 45.522872, -122.641443 45.522864, -122.641349 45.522822, -122.641222 45.522823, -122.641163 45.522853, -122.641137 45.522866)"
1,20,"LINESTRING (-122.641137 45.522866, -122.640711 45.522865, -122.639285 45.522861, -122.638158 45.522869, -122.637715 45.522871, -122.637607 45.522872, -122.637271 45.522874, -122.637173 45.522875, -122.636924 45.522875)"
1,20,"LINESTRING (-122.636924 45.522875, -122.63612 45.522875, -122.635917 45.522874, -122.635534 45.522872, -122.634974 45.52287, -122.634519 45.522869, -122.633994 45.522868, -122.63311 45.522865, -122.631811 45.522862)"
1,20,"LINESTRING (-122.631811 45.522862, -122.631697 45.522862, -122.628981 45.522856)"
1,20,"LINESTRING (-122.628981 45.522856, -122.628742 45.522856, -122.628321 45.522858, -122.628124 45.522858, -122.627946 45.522863, -122.627649 45.522878, -122.627336 45.522897, -122.627063 45.522922, -122.626825 45.522948, -122.626551 45.522985, -122.626229 45.523034, -122.625946 45.523087, -122.625697 45.52314, -122.625517 45.52318, -122.625516 45.52318)"
1,20,"LINESTRING (-122.625516 45.52318, -122.625319 45.523229, -122.625066 45.523292, -122.624824 45.523344, -122.62459 45.52339, -122.624341 45.523429, -122.624103 45.523463, -122.623952 45.523482, -122.623728 45.523501, -122.623487 45.523509, -122.623215 45.523519)"
1,20,"LINESTRING (-122.623215 45.523519, -122.62315 45.523521, -122.623081 45.523522, -122.622965 45.523525, -122.622904 45.523526, -122.622784 45.523519, -122.622599 45.523512, -122.622427 45.523501, -122.622387 45.523498, -122.622214 45.523482, -122.622045 45.523463, -122.621881 45.523437, -122.621683 45.523401, -122.621489 45.523363, -122.621288 45.52332, -122.620984 45.523248, -122.620838 45.523219, -122.620685 45.523194, -122.620518 45.523168, -122.62039 45.523144, -122.620283 45.523118, -122.620117 45.52307)"
1,20,"LINESTRING (-122.620117 45.52307, -122.620095 45.523063, -122.620029 45.523043, -122.619929 45.52301, -122.61984 45.522975, -122.619687 45.52291, -122.619585 45.522872, -122.619465 45.522835, -122.619361 45.522809, -122.619231 45.522784, -122.619139 45.522772, -122.619076 45.522765, -122.619006 45.522759, -122.618846 45.522755, -122.618711 45.522759, -122.618597 45.522768, -122.618476 45.522785, -122.618355 45.522806, -122.618239 45.522833, -122.618132 45.522865, -122.617956 45.522925, -122.617803 45.52298, -122.617671 45.523013, -122.61755 45.523038, -122.617493 45.523047)"
1,20,"LINESTRING (-122.617493 45.523047, -122.617454 45.523054, -122.617315 45.523068, -122.617166 45.523083, -122.616988 45.523103, -122.616844 45.523113, -122.616719 45.523115, -122.616169 45.523117, -122.615692 45.523116, -122.615572 45.523108, -122.615483 45.523095, -122.615437 45.523084, -122.615387 45.523073, -122.615231 45.523033, -122.615091 45.522995, -122.614991 45.522972, -122.614902 45.522952, -122.614791 45.522931, -122.614699 45.52292, -122.614593 45.522915, -122.614332 45.52291)"
1,20,"LINESTRING (-122.614332 45.52291, -122.613685 45.522897, -122.612041 45.522893, -122.610259 45.52289, -122.609979 45.52289)"
1,20,"LINESTRING (-122.609979 45.52289, -122.608862 45.522889, -122.607534 45.522885, -122.607141 45.522884)"
1,20,"LINESTRING (-122.607141 45.522884, -122.606382 45.522882, -122.605941 45.522881, -122.605435 45.52288, -122.604976 45.52288, -122.604655 45.522879)"
1,20,"LINESTRING (-122.604655 45.522879, -122.604331 45.522878, -122.603422 45.522879, -122.603327 45.522877, -122.603217 45.522875, -122.602796 45.522873, -122.60249 45.52287)"
1,20,"LINESTRING (-122.60249 45.52287, -122.602445 45.522869, -122.602334 45.522868, -122.602233 45.522866, -122.601893 45.522867, -122.601065 45.522872, -122.600883 45.522872, -122.599601 45.52287, -122.598595 45.522868, -122.598513 45.52287, -122.598435 45.522877, -122.598352 45.522887, -122.598235 45.522909, -122.598146 45.522927)"
1,20,"LINESTRING (-122.598146 45.522927, -122.597601 45.523036, -122.59731 45.523092, -122.597234 45.523101, -122.597141 45.523106, -122.596591 45.523109, -122.596123 45.523111, -122.595375 45.523116)"
1,20,"LINESTRING (-122.595375 45.523116, -122.595109 45.523117, -122.594784 45.52312, -122.593986 45.523125, -122.593735 45.52313, -122.593053 45.523144, -122.59256 45.523154, -122.592427 45.523156, -122.59236 45.523153, -122.592282 45.523145, -122.592156 45.523128, -122.592052 45.523117, -122.59194 45.523109, -122.591833 45.523107, -122.591436 45.523106)"
1,20,"LINESTRING (-122.591436 45.523106, -122.590903 45.523105, -122.589873 45.523101, -122.589044 45.5231)"
1,20,"LINESTRING (-122.589044 45.5231, -122.588946 45.5231, -122.588213 45.523099, -122.588125 45.523095, -122.588036 45.523085, -122.587946 45.523067, -122.587928 45.523062, -122.58786 45.523045, -122.587774 45.523018, -122.5877 45.522992, -122.587414 45.52289, -122.587348 45.522868, -122.58728 45.522854, -122.587207 45.522847, -122.587134 45.522845, -122.586948 45.522844, -122.586926 45.522843)"
1,20,"LINESTRING (-122.586926 45.522843, -122.586842 45.522839, -122.585855 45.522833, -122.584767 45.522824, -122.584072 45.522821, -122.583655 45.522814, -122.583548 45.522809, -122.583424 45.522804, -122.58253 45.522797)"
1,20,"LINESTRING (-122.58253 45.522797, -122.58244 45.522796, -122.581475 45.522789, -122.580519 45.522782, -122.580284 45.522778, -122.580061 45.522775, -122.580012 45.522776, -122.579951 45.522777, -122.57978 45.52278, -122.579559 45.522784, -122.579489 45.522784)"
1,20,"LINESTRING (-122.579489 45.522784, -122.579201 45.522783, -122.579067 45.522782, -122.578566 45.522778, -122.578052 45.522764, -122.577936 45.522761, -122.577038 45.522756, -122.576021 45.522748, -122.575006 45.522741, -122.574183 45.522739, -122.574029 45.522741)"
1,20,"LINESTRING (-122.574029 45.522741, -122.57402 45.522741, -122.573914 45.522745, -122.573755 45.52275, -122.573547 45.522751, -122.572949 45.522749, -122.572305 45.522744, -122.571985 45.522741, -122.571392 45.522738, -122.571032 45.522738, -122.570811 45.52274, -122.570565 45.522741)"
1,20,"LINESTRING (-122.570565 45.522741, -122.570325 45.522742, -122.570227 45.522742, -122.570111 45.52274, -122.570004 45.522737, -122.569862 45.522729, -122.569652 45.522716, -122.569505 45.522712, -122.568999 45.522707, -122.568409 45.522705, -122.567526 45.522697, -122.566843 45.522694, -122.566531 45.522692)"
1,20,"LINESTRING (-122.566531 45.522692, -122.566268 45.52269, -122.566055 45.522689, -122.564334 45.522679, -122.564187 45.522641, -122.563888 45.52262, -122.563756 45.522615, -122.563589 45.522607, -122.563138 45.522585, -122.562677 45.522583, -122.562477 45.522582)"
1,20,"LINESTRING (-122.562477 45.522582, -122.562391 45.522582, -122.562241 45.522581, -122.560792 45.522572, -122.559829 45.522558, -122.559315 45.522557, -122.558518 45.52255, -122.558296 45.522548, -122.558297 45.522497, -122.5583 45.522334)"
1,20,"LINESTRING (-122.5583 45.522334, -122.558302 45.522142, -122.558309 45.521709, -122.558342 45.520915, -122.558369 45.52039, -122.55844 45.520324, -122.558438 45.520219)"
1,20,"LINESTRING (-122.558438 45.520219, -122.558432 45.519906, -122.558431 45.519878, -122.55843 45.519648, -122.558433 45.519482, -122.55844 45.519157, -122.558433 45.519048, -122.558427 45.518952, -122.558429 45.518864, -122.558435 45.518529, -122.558437 45.518421, -122.558448 45.518348, -122.558356 45.518348, -122.557727 45.518344, -122.557645 45.518339, -122.55753 45.518331, -122.556958 45.518325, -122.556877 45.518324, -122.556622 45.518322, -122.556402 45.518319, -122.556352 45.518319, -122.555795 45.518313)"
1,20,"LINESTRING (-122.555795 45.518313, -122.555642 45.518311, -122.554937 45.518319, -122.554904 45.518319, -122.554767 45.518323, -122.554688 45.518327, -122.554576 45.518334, -122.554362 45.518356, -122.554049 45.518412, -122.553927 45.518444, -122.553788 45.518481, -122.553471 45.518561, -122.55303 45.518697)"
1,20,"LINESTRING (-122.55303 45.518697, -122.552862 45.518748, -122.552765 45.518779, -122.552676 45.518809, -122.552307 45.518918, -122.552202 45.51894, -122.552107 45.518952, -122.551982 45.518958, -122.551841 45.519003, -122.551608 45.519001, -122.551394 45.518999, -122.551262 45.518997, -122.55085 45.518993, -122.550611 45.518991, -122.550105 45.518987, -122.549453 45.518982)"
1,20,"LINESTRING (-122.549453 45.518982, -122.549357 45.518982, -122.547994 45.518975, -122.54695 45.518977, -122.546599 45.518979)"
1,20,"LINESTRING (-122.546599 45.518979, -122.545194 45.518987, -122.543443 45.518996, -122.543074 45.518996)"
1,20,"LINESTRING (-122.543074 45.518996, -122.543029 45.518996, -122.542935 45.518998, -122.542841 45.519, -122.542172 45.519005, -122.540495 45.519009)"
1,20,"LINESTRING (-122.540495 45.519009, -122.54038 45.51901, -122.540025 45.519011, -122.539355 45.519015, -122.538755 45.519017, -122.537956 45.519021, -122.53779 45.519022, -122.537607 45.519024, -122.537237 45.519026)"
1,20,"LINESTRING (-122.537237 45.519026, -122.536989 45.519027, -122.536433 45.51903, -122.536038 45.519032, -122.535853 45.519032, -122.535338 45.519035, -122.534957 45.519037, -122.534821 45.519038, -122.534626 45.519039, -122.534527 45.519039, -122.533909 45.519045, -122.533704 45.519047, -122.533234 45.519049)"
1,20,"LINESTRING (-122.533234 45.519049, -122.532968 45.519051, -122.532619 45.519053, -122.531851 45.519058, -122.531733 45.519059, -122.530904 45.519063, -122.530033 45.51907, -122.529969 45.51907, -122.529605 45.519071)"
1,20,"LINESTRING (-122.529605 45.519071, -122.529373 45.519072, -122.52878 45.519075, -122.528202 45.519077, -122.527718 45.519079, -122.527146 45.519082, -122.526303 45.519085)"
1,20,"LINESTRING (-122.526303 45.519085, -122.526164 45.519086, -122.524869 45.51909, -122.523871 45.519093, -122.523582 45.519094, -122.522813 45.519096, -122.521114 45.519101, -122.521027 45.519102, -122.520927 45.519103, -122.520598 45.519104)"
1,20,"LINESTRING (-122.520598 45.519104, -122.519413 45.519108, -122.518465 45.519112, -122.517124 45.519115, -122.516221 45.519119)"
1,20,"LINESTRING (-122.516221 45.519119, -122.515859 45.519121, -122.513284 45.519134, -122.51156 45.51914, -122.510872 45.519143, -122.510713 45.519145, -122.510572 45.519146, -122.510379 45.519147)"
1,20,"LINESTRING (-122.510379 45.519147, -122.509978 45.519149, -122.509276 45.519153, -122.509245 45.519153, -122.50812 45.519157, -122.507491 45.519161)"
1,20,"LINESTRING (-122.507491 45.519161, -122.507361 45.519161, -122.506869 45.519164, -122.506713 45.519165, -122.506179 45.519162, -122.5049 45.519159, -122.504233 45.519161, -122.50395 45.519159)"
1,20,"LINESTRING (-122.50395 45.519159, -122.503702 45.519158, -122.503096 45.519157, -122.502398 45.519157, -122.501646 45.519153, -122.500858 45.519152, -122.500036 45.519151, -122.499046 45.519151, -122.49873 45.51915)"
1,20,"LINESTRING (-122.49873 45.51915, -122.497914 45.519149, -122.4973 45.519147, -122.496669 45.519146, -122.496499 45.519145, -122.496329 45.519144, -122.496016 45.519144)"
1,20,"LINESTRING (-122.496016 45.519144, -122.495614 45.519144, -122.494158 45.519145, -122.493906 45.519145, -122.49328 45.519152, -122.492102 45.519147)"
1,20,"LINESTRING (-122.492102 45.519147, -122.491905 45.519146, -122.491186 45.519149, -122.490151 45.519148, -122.488931 45.51915, -122.488691 45.51915)"
1,20,"LINESTRING (-122.488691 45.51915, -122.488118 45.519149, -122.484938 45.519149)"
1,20,"LINESTRING (-122.484938 45.519149, -122.484605 45.519149, -122.48276 45.519151, -122.481781 45.519153)"
1,20,"LINESTRING (-122.481781 45.519153, -122.481663 45.519154, -122.479716 45.519156)"
1,20,"LINESTRING (-122.479716 45.519156, -122.479235 45.519156, -122.478746 45.519154, -122.478081 45.519157, -122.477373 45.519161, -122.477161 45.519162, -122.476939 45.519107, -122.476436 45.519107)"
1,20,"LINESTRING (-122.476436 45.519107, -122.475958 45.519107, -122.475807 45.519108, -122.475085 45.51911, -122.474967 45.519111, -122.474379 45.519108, -122.473715 45.519103, -122.473392 45.519103, -122.472817 45.519101, -122.472669 45.519101, -122.47214 45.5191)"
1,20,"LINESTRING (-122.47214 45.5191, -122.471908 45.5191, -122.471438 45.519099, -122.471128 45.519099, -122.470665 45.519097, -122.470542 45.519097, -122.47003 45.519098)"
1,20,"LINESTRING (-122.47003 45.519098, -122.469695 45.519098, -122.469256 45.519097, -122.469058 45.519097, -122.468765 45.519096, -122.468192 45.519101, -122.468087 45.519102, -122.467774 45.519106, -122.467621 45.519107, -122.467438 45.519108, -122.467335 45.519106, -122.467141 45.519104, -122.466985 45.519101, -122.466478 45.519096, -122.465949 45.519095, -122.46582 45.519096, -122.465156 45.519096, -122.465064 45.519093, -122.465055 45.519093)"
1,20,"LINESTRING (-122.465055 45.519093, -122.464667 45.519093, -122.464393 45.519092, -122.464068 45.519092, -122.46345 45.519091, -122.463245 45.51909, -122.462421 45.519088, -122.462155 45.519134, -122.461434 45.519134)"
1,20,"LINESTRING (-122.461434 45.519134, -122.461102 45.519135, -122.46035 45.519132, -122.459383 45.519131, -122.458793 45.519131)"
1,20,"LINESTRING (-122.458793 45.519131, -122.458653 45.51913, -122.458058 45.519129, -122.457937 45.519081, -122.457327 45.51908, -122.456989 45.51908, -122.456894 45.519126, -122.455283 45.51912, -122.455174 45.519121, -122.455054 45.519122, -122.454759 45.519121)"
1,20,"LINESTRING (-122.454759 45.519121, -122.453125 45.519117, -122.453026 45.519114, -122.452951 45.519082, -122.452912 45.519072, -122.452866 45.519067, -122.452397 45.519066, -122.452014 45.51907, -122.451969 45.519072, -122.451919 45.519077, -122.451863 45.519088, -122.451776 45.519113, -122.451328 45.519111, -122.450917 45.51911)"
1,20,"LINESTRING (-122.450917 45.51911, -122.449352 45.519108, -122.446857 45.519102)"
1,20,"LINESTRING (-122.446857 45.519102, -122.446672 45.519102, -122.44654 45.519101, -122.444881 45.519095, -122.443263 45.519096)"
1,20,"LINESTRING (-122.443263 45.519096, -122.443226 45.519096, -122.441999 45.519094, -122.439532 45.519089)"
1,20,"LINESTRING (-122.439532 45.519089, -122.439125 45.519088, -122.438092 45.519087, -122.436993 45.519086, -122.435848 45.519085)"
1,20,"LINESTRING (-122.435848 45.519085, -122.435564 45.519085, -122.435009 45.519083, -122.433996 45.519077, -122.433801 45.519078, -122.433607 45.519079, -122.433166 45.519078)"
1,20,"LINESTRING (-122.433166 45.519078, -122.431395 45.519076, -122.430139 45.519075, -122.429709 45.519075, -122.428545 45.519074, -122.42652 45.51907)"
1,20,"LINESTRING (-122.42652 45.51907, -122.426364 45.51907, -122.423978 45.519068, -122.423036 45.519068, -122.421404 45.519064)"
1,20,"LINESTRING (-122.421404 45.519064, -122.421306 45.519064, -122.421197 45.519065, -122.421079 45.519067, -122.41824 45.519069, -122.4175 45.519067, -122.41722 45.519066)"
1,20,"LINESTRING (-122.41722 45.519066, -122.416863 45.519064, -122.415402 45.51906, -122.414433 45.519058, -122.413436 45.519058, -122.413162 45.519057, -122.412644 45.519057, -122.412481 45.519058, -122.41233 45.519058, -122.411944 45.519059)"
1,20,"LINESTRING (-122.411944 45.519059, -122.410689 45.519059, -122.409138 45.519057, -122.408341 45.519056, -122.407568 45.519054)"
1,20,"LINESTRING (-122.407568 45.519054, -122.407262 45.519053, -122.407161 45.519054, -122.407046 45.519055, -122.40587 45.519054, -122.403825 45.519052, -122.403157 45.519051, -122.401337 45.519049)"
1,20,"LINESTRING (-122.401337 45.519049, -122.401157 45.519049, -122.401049 45.519001, -122.399929 45.519001, -122.398629 45.518998, -122.398527 45.518997, -122.398527 45.518936, -122.39852 45.518487)"
1,20,"LINESTRING (-122.39852 45.518487, -122.398518 45.518357, -122.398509 45.517794, -122.398502 45.517439, -122.398491 45.517117, -122.398423 45.517048, -122.398418 45.516586, -122.398421 45.516399, -122.398426 45.516302, -122.39843 45.516217, -122.39846 45.51593, -122.398461 45.515925)"
1,20,"LINESTRING (-122.398461 45.515925, -122.398489 45.51573, -122.398526 45.515543, -122.398592 45.515253, -122.398629 45.515115, -122.398663 45.514998, -122.398709 45.514856, -122.398808 45.514586, -122.398854 45.514468, -122.398899 45.514366, -122.39898 45.514187, -122.39907 45.514003, -122.399127 45.513888, -122.399616 45.513046, -122.399657 45.512958, -122.399778 45.512699, -122.399779 45.512696)"
1,20,"LINESTRING (-122.399779 45.512696, -122.399827 45.512553, -122.399879 45.512388, -122.399908 45.512278, -122.399942 45.512124, -122.399962 45.512007, -122.399976 45.511892, -122.399983 45.511781, -122.399987 45.511606, -122.399984 45.510343)"
1,20,"LINESTRING (-122.399984 45.510343, -122.399984 45.509552, -122.399982 45.508858, -122.399981 45.508155, -122.39998 45.507906)"
1,20,"LINESTRING (-122.39998 45.507906, -122.39998 45.507819, -122.399978 45.506892, -122.399978 45.506635, -122.399976 45.505916, -122.399972 45.50502)"
1,20,"LINESTRING (-122.399972 45.50502, -122.399972 45.504901, -122.399974 45.504783, -122.400133 45.504782, -122.401396 45.504792, -122.401468 45.504792, -122.401556 45.504793, -122.402018 45.504795, -122.403113 45.504801, -122.404218 45.504808, -122.40425 45.504808)"
1,20,"LINESTRING (-122.40425 45.504808, -122.404492 45.504808, -122.405007 45.50481, -122.405668 45.504811, -122.406219 45.504814, -122.408301 45.504819)"
1,20,"LINESTRING (-122.408301 45.504819, -122.408313 45.504819, -122.40864 45.504821, -122.408955 45.504821, -122.409738 45.504823, -122.410073 45.504824, -122.410529 45.504826, -122.411145 45.504828)"
1,20,"LINESTRING (-122.411145 45.504828, -122.411403 45.504828, -122.411918 45.504829, -122.41207 45.50483, -122.413244 45.504832, -122.413776 45.504833, -122.413934 45.504832, -122.41409 45.50483, -122.4147 45.504821, -122.415137 45.504816)"
1,20,"LINESTRING (-122.415137 45.504816, -122.415388 45.504814, -122.41551 45.504813, -122.415904 45.504808, -122.417389 45.504787, -122.418205 45.504774, -122.418369 45.504772)"
1,20,"LINESTRING (-122.418369 45.504772, -122.419287 45.50476, -122.420065 45.50475, -122.42015 45.504748, -122.420435 45.504747, -122.420611 45.504751, -122.420778 45.504761, -122.42095 45.504775, -122.421089 45.504792, -122.421203 45.504806, -122.421669 45.504865)"
1,20,"LINESTRING (-122.421669 45.504865, -122.421879 45.504892, -122.422238 45.504939, -122.42243 45.504963, -122.422478 45.504968, -122.422592 45.504978, -122.422756 45.504988, -122.422915 45.504992, -122.42319 45.504988, -122.423639 45.504977, -122.424737 45.504951, -122.425603 45.50493, -122.425786 45.504926)"
1,20,"LINESTRING (-122.425786 45.504926, -122.425839 45.504925, -122.426021 45.504922, -122.426187 45.50496, -122.426962 45.504941, -122.427537 45.504928, -122.428042 45.504913, -122.428036 45.504823, -122.428033 45.504748, -122.428037 45.504352, -122.428042 45.503866)"
1,20,"LINESTRING (-122.428042 45.503866, -122.428042 45.503839, -122.428043 45.503748, -122.428039 45.5037, -122.428027 45.503636, -122.427996 45.503529, -122.427989 45.503484, -122.427984 45.503427, -122.427985 45.503058, -122.427975 45.502948, -122.427821 45.502919, -122.427622 45.502919, -122.427323 45.502922, -122.427162 45.502924)"
0,21,"LINESTRING (-122.427093 45.502761, -122.426986 45.502741, -122.426641 45.502677, -122.426465 45.502644)"
0,21,"LINESTRING (-122.426465 45.502644, -122.426321 45.502617, -122.426237 45.502616, -122.426242 45.502676, -122.426243 45.50272, -122.426243 45.502837, -122.426245 45.502938, -122.426247 45.503025, -122.426243 45.503342, -122.426234 45.503427, -122.42621 45.503561, -122.426178 45.503657, -122.426151 45.503735, -122.426113 45.503823, -122.426079 45.503916, -122.426058 45.503978, -122.426041 45.504059, -122.426033 45.504114, -122.426025 45.504166, -122.426024 45.504315, -122.426021 45.504768, -122.426021 45.504922, -122.426187 45.50496, -122.426962 45.504941, -122.427537 45.504928, -122.428042 45.504913, -122.42819 45.504903, -122.428341 45.504885, -122.428397 45.504877)"
0,21,"LINESTRING (-122.428397 45.504877, -122.428501 45.504862, -122.428685 45.504831, -122.42925 45.504728, -122.429595 45.504666, -122.429756 45.504635, -122.43017 45.504561, -122.430332 45.504539, -122.430364 45.504534, -122.430536 45.50452, -122.430713 45.504509, -122.430859 45.504507, -122.430993 45.504513, -122.431138 45.504513, -122.432219 45.504514, -122.432359 45.504514, -122.432622 45.504516)"
0,21,"LINESTRING (-122.432622 45.504516, -122.432908 45.504517, -122.433016 45.504517, -122.433595 45.504513, -122.433902 45.504512, -122.433998 45.504513, -122.435396 45.504522, -122.435508 45.504523, -122.435467 45.504598, -122.435392 45.504768, -122.43533 45.504947, -122.435303 45.505039, -122.435291 45.5051)"
0,21,"LINESTRING (-122.435291 45.5051, -122.435281 45.505148, -122.435257 45.505297, -122.435239 45.505463, -122.435237 45.505507, -122.435234 45.505633, -122.435233 45.505694, -122.435235 45.505999, -122.435233 45.506626, -122.435236 45.507168, -122.435239 45.508285, -122.435237 45.508484, -122.435232 45.508635, -122.435217 45.50876, -122.435197 45.508857, -122.435177 45.508927, -122.435151 45.509006, -122.435114 45.509097, -122.435068 45.509192, -122.435019 45.509275, -122.434636 45.509826, -122.434383 45.51019, -122.434285 45.510329)"
0,21,"LINESTRING (-122.434285 45.510329, -122.43412 45.510564, -122.434019 45.510711, -122.433971 45.510799, -122.433902 45.510936, -122.433877 45.511003, -122.433853 45.511081, -122.433822 45.511203, -122.433796 45.511373, -122.433789 45.511571, -122.433787 45.511702, -122.433787 45.511795, -122.433784 45.512541, -122.433851 45.512673, -122.433849 45.513041, -122.433842 45.513535)"
0,21,"LINESTRING (-122.433842 45.513535, -122.433841 45.51369, -122.433834 45.514582, -122.433825 45.515763, -122.433824 45.515873)"
0,21,"LINESTRING (-122.433824 45.515873, -122.433816 45.516865, -122.433802 45.518968, -122.433801 45.519078, -122.433799 45.519217, -122.433792 45.519549)"
0,21,"LINESTRING (-122.433792 45.519549, -122.433783 45.520043, -122.433765 45.521003, -122.43375 45.521811)"
0,21,"LINESTRING (-122.43375 45.521811, -122.433747 45.521964, -122.433745 45.522105, -122.433666 45.522187, -122.43366 45.522434, -122.433618 45.524786, -122.43357 45.525892, -122.433538 45.526713, -122.433519 45.527632)"
0,21,"LINESTRING (-122.433519 45.527632, -122.433515 45.527779, -122.433637 45.527915, -122.433631 45.529202, -122.433641 45.529616, -122.433641 45.529694, -122.433642 45.530039)"
0,21,"LINESTRING (-122.433642 45.530039, -122.433642 45.53025, -122.433643 45.530865, -122.433643 45.531518, -122.433644 45.531784, -122.433645 45.532559, -122.433645 45.532958)"
0,21,"LINESTRING (-122.433645 45.532958, -122.433644 45.533052, -122.433646 45.53362, -122.433646 45.534432, -122.433648 45.535057, -122.4335 45.53508, -122.433203 45.535119)"
0,21,"LINESTRING (-122.433203 45.535119, -122.432787 45.535175, -122.43233 45.535243, -122.431913 45.535305, -122.431255 45.535402, -122.430216 45.535542, -122.429541 45.535633, -122.429081 45.535695, -122.428849 45.535726)"
0,21,"LINESTRING (-122.428849 45.535726, -122.427914 45.535853, -122.427786 45.535872, -122.427028 45.535973, -122.426433 45.536054)"
0,21,"LINESTRING (-122.426433 45.536054, -122.426153 45.536091, -122.424733 45.536282, -122.424375 45.53633, -122.424125 45.536363, -122.423422 45.536458, -122.423091 45.536503, -122.422411 45.536594)"
0,21,"LINESTRING (-122.422411 45.536594, -122.422332 45.536605, -122.421904 45.536663, -122.421359 45.536737, -122.421074 45.536774, -122.420729 45.536808, -122.420195 45.53687, -122.419508 45.536965, -122.418997 45.537033, -122.418587 45.537088, -122.418382 45.537116, -122.418379 45.537267, -122.418365 45.537712)"
0,21,"LINESTRING (-122.418365 45.537712, -122.418363 45.537786, -122.418293 45.537878, -122.418272 45.53834, -122.41827 45.538659, -122.418278 45.539076, -122.418277 45.539332, -122.41837 45.53943, -122.41837 45.539537, -122.418353 45.540241, -122.418346 45.540702, -122.418236 45.540856, -122.418243 45.541788, -122.418263 45.542076, -122.418283 45.542393, -122.418288 45.542508, -122.418291 45.542638, -122.418327 45.54274, -122.418777 45.542769, -122.419042 45.542786, -122.419705 45.54283, -122.419976 45.542848)"
0,21,"LINESTRING (-122.419976 45.542848, -122.420503 45.542884, -122.42147 45.542943, -122.42191 45.542972, -122.422567 45.543011, -122.42286 45.543031, -122.422933 45.543035, -122.423086 45.543042, -122.423235 45.543044, -122.423306 45.543043, -122.423353 45.543041)"
0,21,"LINESTRING (-122.423353 45.543041, -122.426347 45.542878, -122.427926 45.54279)"
0,21,"LINESTRING (-122.427926 45.54279, -122.4292 45.542719, -122.431576 45.542584, -122.432179 45.542548, -122.432556 45.54253, -122.432827 45.542517, -122.433209 45.542488, -122.433397 45.542471, -122.433559 45.542456, -122.434183 45.542444, -122.434294 45.542444)"
0,21,"LINESTRING (-122.434294 45.542444, -122.434605 45.542446, -122.435081 45.54245, -122.436176 45.542445, -122.438932 45.542422, -122.439054 45.542422, -122.439437 45.542419)"
0,21,"LINESTRING (-122.439437 45.542419, -122.440548 45.54241, -122.440728 45.542414, -122.4409 45.542424, -122.441173 45.542458, -122.442042 45.542602, -122.442646 45.542704, -122.44373 45.542884, -122.444361 45.542993, -122.445213 45.543138)"
0,21,"LINESTRING (-122.445213 45.543138, -122.445477 45.543183, -122.445772 45.543235, -122.446162 45.543303, -122.446422 45.543362, -122.44659 45.543403, -122.446989 45.543502, -122.447654 45.543672, -122.448091 45.543789, -122.448336 45.543851, -122.448802 45.543957, -122.448976 45.543993, -122.449113 45.544017, -122.449323 45.544048, -122.449482 45.544073, -122.450235 45.544171, -122.450575 45.544219, -122.450627 45.544226)"
0,21,"LINESTRING (-122.450627 45.544226, -122.451472 45.544341, -122.451837 45.544387, -122.452091 45.544409, -122.452376 45.544447, -122.452708 45.544491, -122.452952 45.54453, -122.453247 45.544572, -122.453713 45.544633, -122.453906 45.544659, -122.454351 45.544721, -122.454679 45.544768, -122.455273 45.544846)"
0,21,"LINESTRING (-122.455273 45.544846, -122.455412 45.544865, -122.455592 45.544908, -122.455811 45.544936, -122.456424 45.545018, -122.456585 45.545017, -122.456776 45.545034, -122.458334 45.545118, -122.459195 45.545176, -122.460663 45.545262, -122.46192 45.545316, -122.462019 45.545319, -122.464162 45.545394)"
0,21,"LINESTRING (-122.464162 45.545394, -122.4647 45.545413, -122.466338 45.545485, -122.467245 45.545526, -122.468331 45.545571, -122.468913 45.545596, -122.469168 45.545609, -122.469517 45.545623, -122.470148 45.54565)"
0,21,"LINESTRING (-122.470148 45.54565, -122.470366 45.545659, -122.470952 45.54568, -122.471682 45.545713, -122.472233 45.545737, -122.472641 45.545755)"
0,21,"LINESTRING (-122.472641 45.545755, -122.473818 45.545807, -122.475284 45.545874, -122.475311 45.545875, -122.47667 45.545936, -122.476978 45.545951, -122.477195 45.545961, -122.477459 45.545989, -122.47793 45.546076)"
0,21,"LINESTRING (-122.47793 45.546076, -122.478076 45.546103, -122.479135 45.5463, -122.479966 45.546459, -122.480661 45.54659, -122.481222 45.546699, -122.481366 45.546727, -122.481858 45.54682)"
0,21,"LINESTRING (-122.481858 45.54682, -122.483915 45.547207, -122.48536 45.547485, -122.485833 45.547574)"
0,21,"LINESTRING (-122.485833 45.547574, -122.487033 45.5478, -122.488696 45.548115, -122.490018 45.548369, -122.491126 45.548591, -122.492233 45.548805, -122.492771 45.548911)"
0,21,"LINESTRING (-122.492771 45.548911, -122.49279 45.548914, -122.493821 45.549118, -122.494181 45.549187, -122.494422 45.549233, -122.494805 45.549308, -122.495526 45.54944)"
0,21,"LINESTRING (-122.495526 45.54944, -122.495806 45.549491, -122.495916 45.549511, -122.496055 45.549536, -122.497135 45.549733, -122.497534 45.549794, -122.49793 45.549866, -122.498321 45.549949, -122.498708 45.550042, -122.499089 45.550145, -122.499908 45.550408, -122.499974 45.550427)"
0,21,"LINESTRING (-122.499974 45.550427, -122.500116 45.550468, -122.500236 45.550502, -122.500458 45.55055, -122.501017 45.550655, -122.501501 45.550749, -122.502362 45.55092, -122.503122 45.551069)"
0,21,"LINESTRING (-122.503122 45.551069, -122.503626 45.551168, -122.504353 45.551308, -122.504879 45.551414, -122.505867 45.551608)"
0,21,"LINESTRING (-122.505867 45.551608, -122.506105 45.551655, -122.50718 45.551854, -122.507529 45.551918, -122.507986 45.551997, -122.508499 45.552087, -122.509763 45.55231, -122.510072 45.552362)"
0,21,"LINESTRING (-122.510072 45.552362, -122.510301 45.552401, -122.51047 45.552429, -122.511197 45.552559, -122.512845 45.552857, -122.513181 45.552917, -122.514064 45.553072, -122.514163 45.553089)"
0,21,"LINESTRING (-122.514163 45.553089, -122.516196 45.553451, -122.517692 45.553719, -122.518882 45.55393, -122.519329 45.554009, -122.520323 45.554182, -122.520851 45.554273, -122.520964 45.554292)"
0,21,"LINESTRING (-122.520964 45.554292, -122.52106 45.554308, -122.521214 45.554335, -122.521388 45.554364, -122.522592 45.554587, -122.525569 45.555111, -122.525726 45.555138)"
0,21,"LINESTRING (-122.525726 45.555138, -122.526775 45.555322, -122.528533 45.555632, -122.529175 45.555745)"
0,21,"LINESTRING (-122.529175 45.555745, -122.52918 45.555746, -122.530237 45.555935, -122.53172 45.5562, -122.533222 45.556463, -122.53371 45.556549)"
0,21,"LINESTRING (-122.53371 45.556549, -122.534639 45.556714, -122.535501 45.556867, -122.536048 45.556966, -122.536184 45.556989, -122.536408 45.557028, -122.536704 45.557076, -122.537472 45.557177, -122.537991 45.557232, -122.538194 45.557258, -122.538304 45.557273, -122.538713 45.557322, -122.539073 45.557365, -122.539313 45.557394, -122.539537 45.557419, -122.539638 45.557431, -122.539897 45.557461, -122.540153 45.557492, -122.540442 45.557527, -122.54137 45.557631, -122.541711 45.557673)"
0,21,"LINESTRING (-122.541711 45.557673, -122.541944 45.557701, -122.542554 45.557766, -122.542661 45.557776, -122.543231 45.55783, -122.544163 45.55791, -122.544709 45.557956, -122.545093 45.557988, -122.545203 45.557997, -122.545442 45.558019, -122.545541 45.558028, -122.545761 45.558048, -122.546111 45.55808, -122.546218 45.55809, -122.546927 45.558152, -122.547174 45.558173)"
0,21,"LINESTRING (-122.547174 45.558173, -122.547319 45.558185, -122.547444 45.558192, -122.547543 45.558201, -122.547943 45.558237, -122.548638 45.558298, -122.548756 45.558306, -122.548808 45.55831, -122.548908 45.558368, -122.549157 45.55839, -122.549341 45.55841, -122.549463 45.55838, -122.549633 45.5584, -122.549896 45.558437, -122.550142 45.558465, -122.550422 45.558487, -122.550667 45.558507, -122.551008 45.558539)"
0,21,"LINESTRING (-122.551008 45.558539, -122.55169 45.558604, -122.552692 45.55869, -122.552772 45.558743, -122.552917 45.558757)"
0,21,"LINESTRING (-122.552917 45.558757, -122.553101 45.558776, -122.553193 45.558739, -122.553716 45.558783, -122.554071 45.558815, -122.554638 45.558868, -122.55473 45.558875, -122.554869 45.558886, -122.555269 45.558923, -122.555466 45.558941)"
0,21,"LINESTRING (-122.555466 45.558941, -122.555757 45.558968, -122.556196 45.559005, -122.556467 45.559025, -122.55677 45.559044, -122.557024 45.559064, -122.557263 45.559083, -122.55763 45.55911, -122.557775 45.559121, -122.557898 45.559132, -122.558301 45.559169, -122.558783 45.559209, -122.5598 45.559299, -122.560357 45.559347, -122.560549 45.559359, -122.560659 45.559369, -122.560756 45.559382, -122.560857 45.559419, -122.560949 45.55946, -122.561012 45.5595, -122.561278 45.559663, -122.561425 45.559762, -122.561532 45.559628, -122.56172 45.55941, -122.56185 45.55925, -122.561927 45.559164, -122.562003 45.559106, -122.56206 45.559074, -122.562168 45.559031, -122.562272 45.558991, -122.562877 45.558759, -122.563133 45.558665, -122.563646 45.558485, -122.563648 45.558484)"
0,21,"LINESTRING (-122.563648 45.558484, -122.563841 45.558411, -122.563954 45.558367, -122.564046 45.558332, -122.564539 45.558138, -122.565169 45.557894, -122.56523 45.557994, -122.565242 45.558039, -122.565245 45.55807, -122.565241 45.558158, -122.565225 45.558233, -122.565188 45.558312, -122.565084 45.55842, -122.565065 45.558436)"
1,21,"LINESTRING (-122.564753 45.558684, -122.564613 45.558797, -122.56455 45.558847, -122.56449 45.558884, -122.564443 45.558895, -122.564384 45.558888, -122.564329 45.558862, -122.564229 45.558747, -122.564109 45.558582, -122.563954 45.558367, -122.563841 45.558411, -122.563648 45.558484, -122.563133 45.558665, -122.562877 45.558759, -122.562272 45.558991, -122.562168 45.559031, -122.56206 45.559074, -122.561903 45.559091, -122.561484 45.559246, -122.561362 45.559293, -122.561244 45.559323, -122.561093 45.559347, -122.560756 45.559382, -122.560659 45.559369, -122.560549 45.559359, -122.560357 45.559347, -122.5598 45.559299, -122.558783 45.559209, -122.558301 45.559169, -122.557962 45.559138)"
1,21,"LINESTRING (-122.557962 45.559138, -122.557898 45.559132, -122.557775 45.559121, -122.55763 45.55911, -122.557263 45.559083, -122.557024 45.559064, -122.55677 45.559044, -122.556467 45.559025, -122.556196 45.559005, -122.555757 45.558968, -122.555269 45.558923, -122.554901 45.558889)"
1,21,"LINESTRING (-122.554901 45.558889, -122.554869 45.558886, -122.55473 45.558875, -122.554638 45.558868, -122.554071 45.558815, -122.553716 45.558783, -122.553193 45.558739, -122.553171 45.558726, -122.553131 45.558705, -122.553105 45.558693, -122.553075 45.558685, -122.552831 45.558665)"
1,21,"LINESTRING (-122.552831 45.558665, -122.552796 45.55867, -122.552761 45.558677, -122.552733 45.558683, -122.552692 45.55869, -122.55169 45.558604, -122.550818 45.558521)"
1,21,"LINESTRING (-122.550818 45.558521, -122.550667 45.558507, -122.550422 45.558487, -122.550142 45.558465, -122.549896 45.558437, -122.549633 45.5584, -122.549463 45.55838, -122.549358 45.558321, -122.54893 45.558277, -122.548808 45.55831, -122.548756 45.558306, -122.548638 45.558298, -122.547943 45.558237, -122.547603 45.558206)"
1,21,"LINESTRING (-122.547603 45.558206, -122.547543 45.558201, -122.547444 45.558192, -122.547319 45.558185, -122.546927 45.558152, -122.546218 45.55809, -122.546111 45.55808, -122.545761 45.558048, -122.545541 45.558028, -122.545442 45.558019, -122.545203 45.557997, -122.545093 45.557988, -122.544709 45.557956, -122.544163 45.55791, -122.543231 45.55783, -122.542661 45.557776, -122.542554 45.557766, -122.541944 45.557701, -122.54137 45.557631, -122.540979 45.557587)"
1,21,"LINESTRING (-122.540979 45.557587, -122.540442 45.557527, -122.540153 45.557492, -122.539897 45.557461, -122.539638 45.557431, -122.539537 45.557419, -122.539313 45.557394, -122.539073 45.557365, -122.538713 45.557322, -122.538304 45.557273, -122.538194 45.557258, -122.537991 45.557232, -122.537472 45.557177, -122.536704 45.557076, -122.536408 45.557028, -122.536184 45.556989, -122.536048 45.556966, -122.535501 45.556867, -122.534639 45.556714, -122.533701 45.556548)"
1,21,"LINESTRING (-122.533701 45.556548, -122.533222 45.556463, -122.53172 45.5562, -122.530237 45.555935, -122.5293 45.555767)"
1,21,"LINESTRING (-122.5293 45.555767, -122.52918 45.555746, -122.528533 45.555632, -122.526775 45.555322, -122.525569 45.555111, -122.525141 45.555035)"
1,21,"LINESTRING (-122.525141 45.555035, -122.522592 45.554587, -122.521388 45.554364, -122.521214 45.554335, -122.52106 45.554308, -122.520851 45.554273, -122.520469 45.554207)"
1,21,"LINESTRING (-122.520469 45.554207, -122.520323 45.554182, -122.519329 45.554009, -122.518882 45.55393, -122.517692 45.553719, -122.516196 45.553451, -122.514064 45.553072, -122.513181 45.552917, -122.512971 45.55288)"
1,21,"LINESTRING (-122.512971 45.55288, -122.512845 45.552857, -122.511197 45.552559, -122.510474 45.55243)"
1,21,"LINESTRING (-122.510474 45.55243, -122.51047 45.552429, -122.510301 45.552401, -122.509763 45.55231, -122.508499 45.552087, -122.507986 45.551997, -122.507529 45.551918, -122.50718 45.551854, -122.506105 45.551655, -122.505916 45.551618)"
1,21,"LINESTRING (-122.505916 45.551618, -122.504879 45.551414, -122.504353 45.551308, -122.503914 45.551223)"
1,21,"LINESTRING (-122.503914 45.551223, -122.503626 45.551168, -122.502362 45.55092, -122.501501 45.550749, -122.501017 45.550655, -122.500492 45.550557)"
1,21,"LINESTRING (-122.500492 45.550557, -122.500458 45.55055, -122.500236 45.550502, -122.500116 45.550468, -122.499908 45.550408, -122.499089 45.550145, -122.498708 45.550042, -122.498321 45.549949, -122.49793 45.549866, -122.497534 45.549794, -122.497135 45.549733, -122.496105 45.549545)"
1,21,"LINESTRING (-122.496105 45.549545, -122.496055 45.549536, -122.495916 45.549511, -122.495806 45.549491, -122.494805 45.549308, -122.494422 45.549233, -122.494181 45.549187, -122.493821 45.549118, -122.492771 45.548911, -122.492233 45.548805, -122.491639 45.54869)"
1,21,"LINESTRING (-122.491639 45.54869, -122.491126 45.548591, -122.490018 45.548369, -122.488696 45.548115, -122.487033 45.5478, -122.485664 45.547542)"
1,21,"LINESTRING (-122.485664 45.547542, -122.48536 45.547485, -122.483915 45.547207, -122.481702 45.54679)"
1,21,"LINESTRING (-122.481702 45.54679, -122.481366 45.546727, -122.481222 45.546699, -122.480661 45.54659, -122.479966 45.546459, -122.479135 45.5463, -122.478076 45.546103, -122.477459 45.545989, -122.477195 45.545961, -122.476978 45.545951, -122.47667 45.545936, -122.47655 45.545931)"
1,21,"LINESTRING (-122.47655 45.545931, -122.475311 45.545875, -122.475284 45.545874, -122.473818 45.545807, -122.472741 45.545759)"
1,21,"LINESTRING (-122.472741 45.545759, -122.472233 45.545737, -122.471682 45.545713, -122.470952 45.54568, -122.470366 45.545659, -122.469701 45.545631)"
1,21,"LINESTRING (-122.469701 45.545631, -122.469517 45.545623, -122.469168 45.545609, -122.468913 45.545596, -122.468331 45.545571, -122.467245 45.545526, -122.466338 45.545485, -122.464718 45.545414)"
1,21,"LINESTRING (-122.464718 45.545414, -122.4647 45.545413, -122.462019 45.545319, -122.46192 45.545316, -122.461746 45.545309)"
1,21,"LINESTRING (-122.461746 45.545309, -122.460663 45.545262, -122.459195 45.545176, -122.458334 45.545118, -122.456776 45.545034, -122.456585 45.545017, -122.456416 45.544955, -122.456033 45.544906)"
1,21,"LINESTRING (-122.456033 45.544906, -122.455818 45.544879, -122.455594 45.54485, -122.455412 45.544865, -122.454679 45.544768, -122.454351 45.544721, -122.453906 45.544659, -122.453713 45.544633, -122.453247 45.544572, -122.452952 45.54453, -122.452708 45.544491, -122.452376 45.544447, -122.452091 45.544409, -122.451837 45.544387, -122.451472 45.544341, -122.450576 45.544219)"
1,21,"LINESTRING (-122.450576 45.544219, -122.450575 45.544219, -122.450235 45.544171, -122.449482 45.544073, -122.449323 45.544048, -122.449113 45.544017, -122.448976 45.543993, -122.448802 45.543957, -122.448336 45.543851, -122.448091 45.543789, -122.447654 45.543672, -122.446989 45.543502, -122.44659 45.543403, -122.446422 45.543362, -122.446162 45.543303, -122.445772 45.543235, -122.445477 45.543183, -122.445199 45.543136)"
1,21,"LINESTRING (-122.445199 45.543136, -122.444361 45.542993, -122.44373 45.542884, -122.442646 45.542704, -122.442042 45.542602, -122.441173 45.542458, -122.4409 45.542424, -122.440848 45.542421)"
1,21,"LINESTRING (-122.440848 45.542421, -122.440728 45.542414, -122.440548 45.54241, -122.439054 45.542422, -122.438932 45.542422, -122.436176 45.542445, -122.435081 45.54245, -122.434605 45.542446, -122.434183 45.542444, -122.433559 45.542456, -122.433397 45.542471, -122.433209 45.542488, -122.432827 45.542517, -122.432714 45.542522)"
1,21,"LINESTRING (-122.432714 45.542522, -122.432556 45.54253, -122.432179 45.542548, -122.431576 45.542584, -122.4292 45.542719, -122.428075 45.542782)"
1,21,"LINESTRING (-122.428075 45.542782, -122.426347 45.542878, -122.423483 45.543034)"
1,21,"LINESTRING (-122.423483 45.543034, -122.423306 45.543043, -122.423235 45.543044, -122.423086 45.543042, -122.422933 45.543035, -122.42286 45.543031, -122.422567 45.543011, -122.42191 45.542972, -122.42147 45.542943, -122.420672 45.542894)"
1,21,"LINESTRING (-122.420672 45.542894, -122.420503 45.542884, -122.419705 45.54283, -122.419453 45.542728, -122.418711 45.542681, -122.418633 45.542669, -122.418506 45.542617, -122.418477 45.542592, -122.418448 45.542549, -122.418438 45.542514, -122.418425 45.542449, -122.418389 45.542385, -122.41838 45.542167, -122.41838 45.541883, -122.418438 45.540837, -122.418346 45.540702, -122.418353 45.540241, -122.41837 45.539537, -122.41837 45.53943, -122.418475 45.539334, -122.418478 45.539093, -122.418468 45.53878, -122.41844 45.538339, -122.418425 45.537886, -122.418363 45.537786, -122.418379 45.537267, -122.418382 45.537116, -122.418587 45.537088, -122.418885 45.537048)"
1,21,"LINESTRING (-122.418885 45.537048, -122.418997 45.537033, -122.419508 45.536965, -122.420195 45.53687, -122.420729 45.536808, -122.421074 45.536774, -122.421359 45.536737, -122.421904 45.536663, -122.422332 45.536605, -122.422494 45.536583)"
1,21,"LINESTRING (-122.422494 45.536583, -122.423091 45.536503, -122.423422 45.536458, -122.424125 45.536363, -122.424375 45.53633, -122.424733 45.536282, -122.426139 45.536093, -122.426153 45.536091)"
1,21,"LINESTRING (-122.426153 45.536091, -122.427028 45.535973, -122.427786 45.535872, -122.427914 45.535853, -122.428581 45.535763)"
1,21,"LINESTRING (-122.428581 45.535763, -122.429081 45.535695, -122.429541 45.535633, -122.430216 45.535542, -122.431255 45.535402, -122.431913 45.535305, -122.43233 45.535243, -122.432787 45.535175, -122.4335 45.53508, -122.433648 45.535057, -122.433646 45.534432, -122.433646 45.533597)"
1,21,"LINESTRING (-122.433646 45.533597, -122.433644 45.533052, -122.433645 45.532559, -122.433644 45.531784, -122.433643 45.531518, -122.433643 45.530865, -122.433642 45.53025, -122.433641 45.529694, -122.433641 45.529616, -122.433635 45.529383)"
1,21,"LINESTRING (-122.433635 45.529383, -122.433631 45.529202, -122.433637 45.527915, -122.433713 45.527781, -122.433718 45.527479, -122.433724 45.527169)"
1,21,"LINESTRING (-122.433724 45.527169, -122.433736 45.526477, -122.433744 45.525897, -122.43378 45.524035, -122.433808 45.522439, -122.433812 45.522188, -122.433745 45.522105, -122.433747 45.521964, -122.433751 45.521765)"
1,21,"LINESTRING (-122.433751 45.521765, -122.433765 45.521003, -122.433783 45.520043, -122.433799 45.519217, -122.433801 45.519078, -122.433802 45.518968, -122.433804 45.518703)"
1,21,"LINESTRING (-122.433804 45.518703, -122.433816 45.516865, -122.433824 45.515885)"
1,21,"LINESTRING (-122.433824 45.515885, -122.433825 45.515763, -122.433834 45.514582, -122.433841 45.51369, -122.433845 45.513324)"
1,21,"LINESTRING (-122.433845 45.513324, -122.433849 45.513041, -122.433851 45.512673, -122.433922 45.512537, -122.433925 45.512271, -122.433927 45.511818, -122.433929 45.511582)"
1,21,"LINESTRING (-122.433929 45.511582, -122.433929 45.511494, -122.433935 45.511391, -122.433945 45.5113, -122.433972 45.511172, -122.434016 45.511032, -122.434039 45.51097, -122.43409 45.510855, -122.434154 45.510743, -122.434342 45.510469, -122.434475 45.510278, -122.434688 45.509972, -122.434769 45.509861, -122.434856 45.509742, -122.435004 45.50953, -122.435153 45.509309, -122.435242 45.509137, -122.435291 45.509017, -122.435325 45.508915, -122.435359 45.508774, -122.435378 45.508616)"
1,21,"LINESTRING (-122.435378 45.508616, -122.435381 45.508593, -122.435381 45.508476, -122.43538 45.508285, -122.435383 45.507169, -122.435381 45.506596, -122.435382 45.506233, -122.435379 45.505856)"
1,21,"LINESTRING (-122.435379 45.505856, -122.435378 45.505693, -122.435383 45.505568, -122.435382 45.505523, -122.43539 45.505405, -122.435405 45.50528, -122.435422 45.505172, -122.435443 45.505077, -122.435477 45.504952, -122.435507 45.504864, -122.435549 45.50475, -122.435623 45.504594, -122.435663 45.504526, -122.435724 45.504422, -122.435564 45.504421, -122.435444 45.50442, -122.434845 45.504421, -122.43448 45.504417)"
1,21,"LINESTRING (-122.43448 45.504417, -122.434048 45.504413, -122.433596 45.504413, -122.432948 45.504411, -122.432772 45.504411, -122.432672 45.50441, -122.432221 45.504408, -122.431141 45.504408, -122.430991 45.504407, -122.430858 45.504407, -122.430643 45.504413, -122.430452 45.50443, -122.430244 45.504456, -122.430227 45.504458)"
1,21,"LINESTRING (-122.430227 45.504458, -122.429786 45.504534, -122.429672 45.504554, -122.429668 45.503418, -122.428927 45.503201, -122.42843 45.503056, -122.428251 45.503008, -122.428087 45.50297, -122.427975 45.502948, -122.427821 45.502919, -122.427622 45.502919, -122.427598 45.502878, -122.427569 45.502853, -122.427223 45.502787, -122.427093 45.502761)"
0,22,"LINESTRING (-122.563858 45.530556, -122.563903 45.530678, -122.564005 45.531008, -122.564003 45.531055, -122.563969 45.531106, -122.563897 45.531154, -122.563873 45.531162, -122.563846 45.531172, -122.563794 45.531186, -122.563739 45.531199, -122.563555 45.531234, -122.563535 45.531163, -122.563504 45.531062, -122.563198 45.530303, -122.563158 45.530197, -122.563116 45.529906, -122.563118 45.529894)"
0,22,"LINESTRING (-122.563118 45.529894, -122.563141 45.529758, -122.563131 45.529692, -122.56313 45.529684, -122.56312 45.529636, -122.563066 45.529533, -122.563 45.529466, -122.562594 45.529468, -122.562054 45.52947, -122.561942 45.529477, -122.561828 45.529488, -122.561113 45.529481, -122.560866 45.529482)"
0,22,"LINESTRING (-122.560866 45.529482, -122.560035 45.529483, -122.559244 45.529484, -122.558267 45.529487, -122.558114 45.529486, -122.558111 45.529903, -122.55811 45.529991, -122.558099 45.530643, -122.558098 45.530683, -122.558096 45.530888, -122.558091 45.531275, -122.55809 45.531357, -122.558088 45.531613)"
0,22,"LINESTRING (-122.558088 45.531613, -122.558086 45.531766, -122.558083 45.532051, -122.558072 45.532791, -122.558069 45.532947, -122.558068 45.533005, -122.558067 45.53309, -122.558066 45.533186, -122.558063 45.533538, -122.558066 45.533629, -122.558063 45.533903)"
0,22,"LINESTRING (-122.558063 45.533903, -122.558061 45.534024, -122.55806 45.534131, -122.558058 45.534206, -122.558056 45.534403, -122.558039 45.535261, -122.558036 45.53546, -122.558023 45.536297, -122.558015 45.536848, -122.558005 45.537436)"
0,22,"LINESTRING (-122.558005 45.537436, -122.558003 45.537615, -122.558002 45.537695, -122.558001 45.537808, -122.558001 45.537838, -122.557997 45.538068, -122.557993 45.538325, -122.557989 45.538566, -122.557985 45.538933, -122.557977 45.539476, -122.557974 45.539663, -122.557966 45.540161)"
0,22,"LINESTRING (-122.557966 45.540161, -122.557964 45.540254, -122.557958 45.540701, -122.557952 45.541081, -122.557948 45.541384, -122.557941 45.541679, -122.557931 45.54189, -122.557923 45.541996, -122.557905 45.542206, -122.557889 45.542398, -122.557868 45.542676, -122.557862 45.542857, -122.557855 45.54325)"
0,22,"LINESTRING (-122.557855 45.54325, -122.55785 45.543576, -122.55784 45.544145, -122.557834 45.544909, -122.557816 45.545945, -122.557785 45.54767, -122.55778 45.547966, -122.557775 45.548106, -122.557775 45.548415)"
0,22,"LINESTRING (-122.557775 45.548415, -122.557776 45.548491, -122.557777 45.548523, -122.557783 45.548668, -122.557809 45.549064, -122.557816 45.549318, -122.557818 45.549602, -122.557816 45.549956, -122.557814 45.550213)"
0,22,"LINESTRING (-122.557814 45.550213, -122.557812 45.550399, -122.55781 45.550803, -122.557806 45.551199, -122.557802 45.55154)"
0,22,"LINESTRING (-122.557802 45.55154, -122.5578 45.551778, -122.556761 45.551776, -122.554841 45.551767)"
0,22,"LINESTRING (-122.554841 45.551767, -122.554733 45.551766, -122.553352 45.551767, -122.552635 45.551767, -122.55164 45.55177, -122.550764 45.551766)"
0,22,"LINESTRING (-122.550764 45.551766, -122.550666 45.551766, -122.547652 45.55177)"
0,22,"LINESTRING (-122.547652 45.55177, -122.54753 45.55177, -122.546359 45.551771, -122.545312 45.551766)"
0,22,"LINESTRING (-122.545312 45.551766, -122.545231 45.551765, -122.544082 45.551761, -122.542942 45.551762, -122.541587 45.551762)"
0,22,"LINESTRING (-122.541587 45.551762, -122.541185 45.551762, -122.540982 45.551761, -122.540342 45.55176, -122.539407 45.55176, -122.539264 45.551759, -122.539148 45.551754, -122.53897 45.551742, -122.538791 45.551726, -122.538658 45.551712, -122.538572 45.551705, -122.538467 45.551697, -122.538328 45.55169, -122.538158 45.551689, -122.538004 45.551689, -122.537468 45.551687)"
0,22,"LINESTRING (-122.537468 45.551687, -122.53742 45.551687, -122.537246 45.55169, -122.53704 45.551695, -122.536407 45.551722, -122.535118 45.551775, -122.534637 45.551791, -122.534617 45.552126)"
0,22,"LINESTRING (-122.534617 45.552126, -122.534598 45.552449, -122.534583 45.552528, -122.534556 45.552605, -122.534515 45.552679, -122.534463 45.552748, -122.534399 45.552813, -122.534326 45.552872, -122.534243 45.552924, -122.534152 45.552968, -122.533949 45.553035, -122.533515 45.553126)"
0,22,"LINESTRING (-122.533515 45.553126, -122.533458 45.553138, -122.533288 45.553183, -122.533149 45.553254, -122.533025 45.553335, -122.532902 45.553447, -122.532834 45.553579, -122.532786 45.553749, -122.532783 45.554386, -122.532819 45.554576, -122.532869 45.554747, -122.532953 45.554892, -122.532343 45.555082, -122.532335 45.555085)"
0,22,"LINESTRING (-122.532335 45.555085, -122.532189 45.555115, -122.532038 45.555125, -122.531896 45.555117, -122.530871 45.554934)"
0,22,"LINESTRING (-122.530871 45.554934, -122.530771 45.554917, -122.529833 45.554751, -122.529316 45.554655, -122.52903 45.554609)"
0,22,"LINESTRING (-122.52903 45.554609, -122.528963 45.554598, -122.528659 45.55455, -122.528335 45.554522, -122.527805 45.55442, -122.526864 45.55425, -122.52595 45.55409, -122.526024 45.553729, -122.526046 45.55347, -122.526036 45.553217, -122.526015 45.553029, -122.525976 45.552852, -122.525849 45.552457)"
0,22,"LINESTRING (-122.525849 45.552457, -122.525819 45.552364, -122.525341 45.552455, -122.524887 45.552555, -122.524296 45.552709)"
0,22,"LINESTRING (-122.524296 45.552709, -122.524267 45.552717, -122.524055 45.552754, -122.523819 45.552774, -122.523635 45.552775, -122.523395 45.552749, -122.523154 45.55271, -122.522063 45.552528, -122.52131 45.552411, -122.521095 45.552386, -122.520918 45.552371, -122.520759 45.552374, -122.520248 45.552428, -122.520111 45.552433, -122.520012 45.552428)"
0,22,"LINESTRING (-122.520012 45.552428, -122.519877 45.552421, -122.519898 45.552277, -122.519908 45.552115, -122.519883 45.551932, -122.519868 45.551863, -122.519843 45.551796, -122.519822 45.551732, -122.519784 45.551663, -122.519744 45.5516, -122.519697 45.551539, -122.519644 45.55148, -122.519524 45.551371, -122.519346 45.551245)"
1,22,"LINESTRING (-122.519305 45.551216, -122.518198 45.550431, -122.518007 45.550259, -122.517937 45.550186, -122.517889 45.550114, -122.51784 45.550035, -122.517796 45.549907, -122.517765 45.549776, -122.51776 45.549578)"
1,22,"LINESTRING (-122.517759 45.549476, -122.517754 45.548796, -122.517751 45.548347, -122.517771 45.547925)"
1,22,"LINESTRING (-122.517771 45.547925, -122.517774 45.547843, -122.517895 45.547846, -122.519298 45.547839, -122.520725 45.547829, -122.521128 45.547841, -122.521163 45.547842)"
1,22,"LINESTRING (-122.521163 45.547842, -122.521415 45.547851, -122.521776 45.547876, -122.522047 45.547901, -122.522289 45.547925, -122.52258 45.547957, -122.523277 45.548058, -122.523436 45.548077, -122.523588 45.548094, -122.523598 45.548001, -122.523633 45.547818, -122.523664 45.547724)"
1,22,"LINESTRING (-122.523664 45.547724, -122.523697 45.547624, -122.52394 45.546843, -122.523952 45.54678, -122.523956 45.546624, -122.523942 45.54647, -122.523899 45.546293, -122.523853 45.546151, -122.523773 45.546005, -122.523687 45.545873, -122.523602 45.545765, -122.523545 45.545695)"
1,22,"LINESTRING (-122.523545 45.545695, -122.52354 45.545688, -122.52349 45.545641, -122.523377 45.54554, -122.523228 45.545425, -122.523125 45.545361, -122.522863 45.545223, -122.522679 45.545149, -122.522558 45.545104, -122.522308 45.545028, -122.522043 45.544977, -122.521856 45.544956, -122.521738 45.544942)"
1,22,"LINESTRING (-122.521738 45.544942, -122.518855 45.544612, -122.518426 45.544554, -122.518335 45.544548, -122.518245 45.54455, -122.518154 45.544557, -122.518067 45.544572, -122.517792 45.544655)"
1,22,"LINESTRING (-122.517792 45.544655, -122.517691 45.544685, -122.517613 45.544601, -122.517549 45.544541, -122.517472 45.544489, -122.517386 45.544446, -122.517292 45.544413, -122.517188 45.544391, -122.515976 45.544295)"
1,22,"LINESTRING (-122.515976 45.544295, -122.515805 45.544282, -122.515713 45.544819, -122.515709 45.545579, -122.515698 45.546486, -122.515675 45.546578, -122.515631 45.546653, -122.515548 45.54675, -122.515502 45.546781)"
1,22,"LINESTRING (-122.515502 45.546781, -122.515415 45.546841, -122.515201 45.546689, -122.515011 45.546586, -122.514847 45.546515, -122.514646 45.546443, -122.514506 45.546401, -122.514267 45.546348, -122.514087 45.546325, -122.514001 45.546317)"
1,22,"LINESTRING (-122.514001 45.546317, -122.513869 45.546305, -122.513825 45.546466, -122.513789 45.546533, -122.513722 45.546634, -122.513626 45.546739, -122.513513 45.546887, -122.513457 45.547012, -122.513424 45.547157, -122.513417 45.547505)"
1,22,"LINESTRING (-122.513417 45.547505, -122.513415 45.547606, -122.514241 45.547604, -122.514558 45.54761, -122.515021 45.547629, -122.515326 45.547648, -122.515661 45.547676, -122.51595 45.547708, -122.516324 45.547752, -122.516606 45.54778, -122.516889 45.547804, -122.517186 45.547822, -122.517353 45.547831, -122.517486 45.547836, -122.517632 45.547839, -122.517774 45.547843, -122.517751 45.548347, -122.517754 45.548796, -122.517756 45.549063)"
1,22,"LINESTRING (-122.517756 45.549063, -122.51776 45.549578, -122.517765 45.549776, -122.517796 45.549907, -122.51784 45.550035, -122.517889 45.550114, -122.517937 45.550186, -122.518007 45.550259, -122.518198 45.550431, -122.519346 45.551245, -122.519524 45.551371, -122.519639 45.551476)"
1,22,"LINESTRING (-122.519639 45.551476, -122.519644 45.55148, -122.519697 45.551539, -122.519744 45.5516, -122.519784 45.551663, -122.519822 45.551732, -122.519843 45.551796, -122.519868 45.551863, -122.519883 45.551932, -122.519908 45.552115, -122.519898 45.552277, -122.519877 45.552421, -122.520111 45.552433, -122.520248 45.552428, -122.520759 45.552374, -122.520818 45.552373)"
1,22,"LINESTRING (-122.520818 45.552373, -122.520918 45.552371, -122.521095 45.552386, -122.52131 45.552411, -122.522063 45.552528, -122.523154 45.55271, -122.523395 45.552749, -122.523635 45.552775, -122.523819 45.552774, -122.524055 45.552754, -122.524267 45.552717, -122.524341 45.552698)"
1,22,"LINESTRING (-122.524341 45.552698, -122.524887 45.552555, -122.525302 45.552464)"
1,22,"LINESTRING (-122.525302 45.552464, -122.525341 45.552455, -122.525819 45.552364, -122.525976 45.552852, -122.526015 45.553029, -122.526036 45.553217, -122.526046 45.55347, -122.526024 45.553729, -122.52595 45.55409, -122.526702 45.554222)"
1,22,"LINESTRING (-122.526702 45.554222, -122.526864 45.55425, -122.527805 45.55442, -122.528335 45.554522, -122.528659 45.55455, -122.528723 45.55456)"
1,22,"LINESTRING (-122.528723 45.55456, -122.528963 45.554598, -122.529316 45.554655, -122.529833 45.554751, -122.530676 45.5549)"
1,22,"LINESTRING (-122.530676 45.5549, -122.530771 45.554917, -122.531896 45.555117, -122.532038 45.555125, -122.532189 45.555115, -122.532335 45.555085, -122.532765 45.554951)"
1,22,"LINESTRING (-122.532765 45.554951, -122.532953 45.554892, -122.532869 45.554747, -122.532819 45.554576, -122.532783 45.554386, -122.532786 45.553749, -122.532834 45.553579, -122.532902 45.553447, -122.533025 45.553335, -122.533149 45.553254, -122.533288 45.553183, -122.533458 45.553138, -122.533501 45.553129)"
1,22,"LINESTRING (-122.533501 45.553129, -122.533949 45.553035, -122.534152 45.552968, -122.534243 45.552924, -122.534326 45.552872, -122.534399 45.552813, -122.534463 45.552748, -122.534515 45.552679, -122.534556 45.552605, -122.534583 45.552528, -122.534598 45.552449, -122.534629 45.551935)"
1,22,"LINESTRING (-122.534629 45.551935, -122.534637 45.551791, -122.535118 45.551775, -122.536407 45.551722, -122.536921 45.5517)"
1,22,"LINESTRING (-122.536921 45.5517, -122.53704 45.551695, -122.537246 45.55169, -122.53742 45.551687, -122.538004 45.551689, -122.538158 45.551689, -122.538328 45.55169, -122.538467 45.551697, -122.538572 45.551705, -122.538658 45.551712, -122.538791 45.551726, -122.53897 45.551742, -122.539148 45.551754, -122.539192 45.551756)"
1,22,"LINESTRING (-122.539192 45.551756, -122.539264 45.551759, -122.539407 45.55176, -122.540342 45.55176, -122.540982 45.551761, -122.541185 45.551762, -122.542942 45.551762, -122.543939 45.551761)"
1,22,"LINESTRING (-122.543939 45.551761, -122.544082 45.551761, -122.545231 45.551765, -122.546359 45.551771, -122.547406 45.55177)"
1,22,"LINESTRING (-122.547406 45.55177, -122.54753 45.55177, -122.550557 45.551766)"
1,22,"LINESTRING (-122.550557 45.551766, -122.550666 45.551766, -122.55164 45.55177, -122.552635 45.551767, -122.553352 45.551767, -122.554602 45.551766)"
1,22,"LINESTRING (-122.554602 45.551766, -122.554733 45.551766, -122.556761 45.551776, -122.557575 45.551777)"
1,22,"LINESTRING (-122.557575 45.551777, -122.5578 45.551778, -122.557806 45.551199, -122.55781 45.550803, -122.557812 45.550476)"
1,22,"LINESTRING (-122.557812 45.550476, -122.557812 45.550399, -122.557816 45.549956, -122.557818 45.549602, -122.557816 45.549318, -122.557809 45.549064, -122.557783 45.548668, -122.557777 45.548523, -122.557776 45.548491, -122.557775 45.548252)"
1,22,"LINESTRING (-122.557775 45.548252, -122.557775 45.548106, -122.55778 45.547966, -122.557785 45.54767, -122.557816 45.545945, -122.557834 45.544909, -122.55784 45.544145, -122.55785 45.543576, -122.557854 45.543308)"
1,22,"LINESTRING (-122.557854 45.543308, -122.557862 45.542857, -122.557868 45.542676, -122.557889 45.542398, -122.557905 45.542206, -122.557923 45.541996, -122.557931 45.54189, -122.557941 45.541679, -122.557948 45.541384, -122.557952 45.541081, -122.557958 45.540701, -122.557964 45.540254, -122.55797 45.539929)"
1,22,"LINESTRING (-122.55797 45.539929, -122.557974 45.539663, -122.557977 45.539476, -122.557985 45.538933, -122.557989 45.538566, -122.557993 45.538325, -122.557997 45.538068, -122.558001 45.537838, -122.558001 45.537808, -122.558002 45.537695, -122.558003 45.537615, -122.558015 45.536848, -122.558019 45.536606)"
1,22,"LINESTRING (-122.558019 45.536606, -122.558023 45.536297, -122.558036 45.53546, -122.558039 45.535261, -122.558056 45.534403, -122.558058 45.534206, -122.55806 45.534131, -122.558063 45.533903, -122.558066 45.533629, -122.558063 45.533538, -122.558066 45.533186, -122.558067 45.533121)"
1,22,"LINESTRING (-122.558067 45.533121, -122.558067 45.53309, -122.558068 45.533005, -122.558069 45.532947, -122.558072 45.532791, -122.558083 45.532051, -122.558086 45.531766, -122.558089 45.531407)"
1,22,"LINESTRING (-122.558089 45.531407, -122.55809 45.531357, -122.558091 45.531275, -122.558096 45.530888, -122.558098 45.530683, -122.558099 45.530643, -122.55811 45.529991, -122.558111 45.529903, -122.558113 45.529679)"
1,22,"LINESTRING (-122.558113 45.529679, -122.558114 45.529486, -122.558267 45.529487, -122.559244 45.529484, -122.560035 45.529483, -122.560464 45.529482)"
1,22,"LINESTRING (-122.560464 45.529482, -122.561113 45.529481, -122.561828 45.529488, -122.561942 45.529477, -122.562054 45.52947, -122.562594 45.529468, -122.562812 45.529467)"
1,22,"LINESTRING (-122.562812 45.529467, -122.563 45.529466, -122.563066 45.529533, -122.563312 45.529537, -122.563337 45.529537, -122.563394 45.529538, -122.563465 45.529547, -122.563479 45.529549, -122.563548 45.529567, -122.563598 45.529588, -122.563654 45.529653, -122.56368 45.529748, -122.563661 45.529938, -122.56369 45.530105, -122.563858 45.530556)"
0,23,"LINESTRING (-122.563858 45.530556, -122.563903 45.530678, -122.564005 45.531008, -122.564003 45.531055, -122.563969 45.531106, -122.563897 45.531154, -122.563873 45.531162, -122.563846 45.531172, -122.563794 45.531186, -122.563739 45.531199, -122.563555 45.531234, -122.563535 45.531163, -122.563504 45.531062, -122.563198 45.530303, -122.563158 45.530197, -122.563116 45.529906, -122.563118 45.529894)"
0,23,"LINESTRING (-122.563118 45.529894, -122.563141 45.529758, -122.563131 45.529692, -122.56313 45.529684, -122.56312 45.529636, -122.563066 45.529533, -122.563 45.529466, -122.562594 45.529468, -122.562054 45.52947, -122.561942 45.529477, -122.561828 45.529488, -122.561113 45.529481, -122.560866 45.529482)"
0,23,"LINESTRING (-122.560866 45.529482, -122.560035 45.529483, -122.559244 45.529484, -122.558267 45.529487, -122.558114 45.529486, -122.558111 45.529903, -122.55811 45.529991, -122.558099 45.530643, -122.558098 45.530683, -122.558096 45.530888, -122.558091 45.531275, -122.55809 45.531357, -122.558088 45.531613)"
0,23,"LINESTRING (-122.558088 45.531613, -122.558086 45.531766, -122.558083 45.532051, -122.558072 45.532791, -122.558069 45.532947, -122.558068 45.533005, -122.558067 45.53309, -122.558066 45.533186, -122.558064 45.533368)"
0,23,"LINESTRING (-122.558064 45.533368, -122.558063 45.533538, -122.557891 45.533535, -122.55764 45.533534, -122.557519 45.533533, -122.557444 45.533533, -122.557287 45.533532, -122.556831 45.53353, -122.556527 45.533528, -122.555723 45.533524, -122.555486 45.533523, -122.55501 45.53352, -122.554986 45.53352, -122.554776 45.533519, -122.554577 45.533518, -122.554484 45.533517, -122.553968 45.533515, -122.553781 45.533514)"
0,23,"LINESTRING (-122.553781 45.533514, -122.553548 45.533513, -122.552816 45.533509, -122.552577 45.533508, -122.552451 45.533507, -122.552404 45.533507, -122.55181 45.533504, -122.551616 45.533503, -122.551359 45.533501, -122.550895 45.533499, -122.550712 45.533498, -122.550375 45.533496, -122.550284 45.533496, -122.549514 45.533492, -122.549319 45.533491, -122.549074 45.53349, -122.549074 45.533565, -122.549072 45.533771, -122.549072 45.53394, -122.549071 45.534022)"
0,23,"LINESTRING (-122.549071 45.534022, -122.54907 45.53415, -122.549069 45.534223, -122.549067 45.534832, -122.549062 45.535488, -122.549054 45.536145, -122.549048 45.536818, -122.549046 45.537032)"
0,23,"LINESTRING (-122.549046 45.537032, -122.549045 45.537162, -122.549044 45.537502, -122.549036 45.538174, -122.549033 45.538433, -122.549031 45.538834, -122.549028 45.539216, -122.549027 45.539372)"
0,23,"LINESTRING (-122.549027 45.539372, -122.549027 45.539433, -122.549025 45.539493, -122.549023 45.539564, -122.54902 45.540147, -122.549012 45.540841, -122.549007 45.541618, -122.549003 45.541731, -122.548993 45.541816, -122.548975 45.541898, -122.548955 45.541959, -122.548948 45.541977)"
0,23,"LINESTRING (-122.548948 45.541977, -122.5489 45.542071, -122.548865 45.542122, -122.548804 45.542204, -122.548738 45.542275, -122.548685 45.542328, -122.548588 45.542417, -122.548127 45.542821, -122.547998 45.542937, -122.547963 45.542969)"
0,23,"LINESTRING (-122.547963 45.542969, -122.547912 45.543017, -122.54784 45.543091, -122.547787 45.543154, -122.547715 45.543266, -122.546103 45.54327, -122.542704 45.543275)"
0,23,"LINESTRING (-122.542704 45.543275, -122.542561 45.543275, -122.542403 45.543273, -122.542306 45.543261, -122.542198 45.543239, -122.542095 45.543207, -122.542018 45.543174, -122.541938 45.54313, -122.541771 45.543016, -122.541683 45.542973, -122.541606 45.542945, -122.541523 45.542928, -122.541428 45.542921, -122.538657 45.542927, -122.538543 45.542924, -122.538422 45.542908, -122.5384 45.542903)"
0,23,"LINESTRING (-122.5384 45.542903, -122.538303 45.542884, -122.53808 45.542813, -122.537962 45.54278, -122.537859 45.542762, -122.537765 45.542751, -122.537502 45.54275, -122.53753 45.541273, -122.537553 45.540018, -122.537555 45.539885, -122.537561 45.539592)"
0,23,"LINESTRING (-122.537561 45.539592, -122.537563 45.539508, -122.537595 45.537771, -122.537598 45.53758, -122.537603 45.537211, -122.537074 45.537211)"
0,23,"LINESTRING (-122.537074 45.537211, -122.536946 45.537211, -122.535076 45.537213, -122.534329 45.537213, -122.533795 45.537212)"
0,23,"LINESTRING (-122.533795 45.537212, -122.533763 45.537212, -122.533384 45.53721, -122.532865 45.537214, -122.531879 45.537214, -122.531094 45.537212)"
0,23,"LINESTRING (-122.531094 45.537212, -122.529076 45.537212, -122.527924 45.537214, -122.527287 45.537212)"
0,23,"LINESTRING (-122.527287 45.537212, -122.527141 45.537212, -122.52713 45.537874, -122.527112 45.538556, -122.527109 45.538742, -122.527103 45.539044)"
0,23,"LINESTRING (-122.527103 45.539044, -122.52709 45.539666, -122.527072 45.540566, -122.527065 45.540889, -122.527055 45.541357, -122.527041 45.54201)"
0,23,"LINESTRING (-122.527041 45.54201, -122.52704 45.542034, -122.527035 45.542394, -122.525849 45.542302, -122.525684 45.542287, -122.525508 45.542239, -122.525427 45.542205, -122.525331 45.542158, -122.524702 45.541804, -122.524165 45.54151)"
0,23,"LINESTRING (-122.524165 45.54151, -122.523894 45.541362, -122.523646 45.541281, -122.523424 45.541218, -122.521948 45.540802, -122.521204 45.540589, -122.521036 45.540552, -122.520895 45.540528, -122.520733 45.540508, -122.520585 45.5405, -122.520509 45.540497)"
0,23,"LINESTRING (-122.520509 45.540497, -122.520364 45.540491, -122.519831 45.540485, -122.519686 45.540493, -122.519535 45.54051, -122.519411 45.540531, -122.519304 45.540562, -122.518892 45.540692, -122.518737 45.540729, -122.518602 45.540746, -122.518459 45.54075, -122.518333 45.540746, -122.518195 45.540736, -122.516672 45.540565)"
0,23,"LINESTRING (-122.516672 45.540565, -122.516055 45.540496, -122.51495 45.540362, -122.513934 45.540181, -122.513824 45.540172, -122.513321 45.540173, -122.513196 45.54016, -122.513053 45.540123, -122.512942 45.540084, -122.512528 45.53995)"
0,23,"LINESTRING (-122.512528 45.53995, -122.511628 45.539657, -122.511528 45.539639, -122.51141 45.539628, -122.511241 45.539628, -122.510675 45.539626)"
0,23,"LINESTRING (-122.510675 45.539626, -122.510266 45.539625, -122.510237 45.540573)"
0,23,"LINESTRING (-122.510237 45.540573, -122.510233 45.540691, -122.510231 45.540912, -122.510232 45.541351, -122.510241 45.541567, -122.510247 45.54172, -122.510266 45.54198, -122.510265 45.5421, -122.510258 45.542284, -122.510228 45.543239, -122.510192 45.54433, -122.51018 45.544607, -122.510165 45.544992, -122.510162 45.54508)"
0,23,"LINESTRING (-122.510162 45.54508, -122.510124 45.546258, -122.510091 45.547114, -122.510084 45.547403, -122.510065 45.547646, -122.51 45.548169)"
0,23,"LINESTRING (-122.51 45.548169, -122.51 45.548176, -122.509991 45.548294, -122.509986 45.548445, -122.509971 45.548757, -122.510097 45.548751, -122.5102 45.548771, -122.510327 45.548807, -122.510456 45.548853, -122.510583 45.548919, -122.510694 45.548997, -122.510794 45.549071, -122.510886 45.549149, -122.510962 45.54922, -122.511044 45.549325, -122.511104 45.549422, -122.511147 45.549513, -122.511177 45.549618, -122.511194 45.549745, -122.5112 45.549859, -122.511197 45.552559, -122.510474 45.55243)"
1,23,"LINESTRING (-122.510474 45.55243, -122.51047 45.552429, -122.510301 45.552401, -122.510294 45.552305, -122.510298 45.551664, -122.51029 45.551381, -122.510281 45.551235, -122.510267 45.551135, -122.510245 45.551006, -122.510186 45.550744, -122.510077 45.550301, -122.510019 45.550055, -122.509988 45.549907, -122.509968 45.549759, -122.509954 45.549604, -122.509948 45.549469, -122.509947 45.549395, -122.509971 45.548757, -122.509986 45.548445, -122.509987 45.548411)"
1,23,"LINESTRING (-122.509987 45.548411, -122.509991 45.548294, -122.51 45.548169, -122.510065 45.547646, -122.510084 45.547403, -122.510091 45.547114, -122.510124 45.546258, -122.510145 45.545598)"
1,23,"LINESTRING (-122.510145 45.545598, -122.510162 45.54508, -122.51018 45.544607, -122.510192 45.54433, -122.510228 45.543239, -122.510258 45.542284, -122.510265 45.5421, -122.510266 45.54198, -122.510247 45.54172, -122.510241 45.541567, -122.510232 45.541351, -122.510231 45.540912, -122.510233 45.540691, -122.510234 45.540668)"
1,23,"LINESTRING (-122.510234 45.540668, -122.510266 45.539625, -122.511241 45.539628, -122.51141 45.539628, -122.511528 45.539639, -122.511628 45.539657, -122.51249 45.539937)"
1,23,"LINESTRING (-122.51249 45.539937, -122.512942 45.540084, -122.513053 45.540123, -122.513196 45.54016, -122.513321 45.540173, -122.513824 45.540172, -122.513934 45.540181, -122.51495 45.540362, -122.516055 45.540496, -122.516383 45.540532)"
1,23,"LINESTRING (-122.516383 45.540532, -122.518195 45.540736, -122.518333 45.540746, -122.518459 45.54075, -122.518602 45.540746, -122.518737 45.540729, -122.518892 45.540692, -122.519304 45.540562, -122.519411 45.540531, -122.519535 45.54051, -122.519686 45.540493, -122.519831 45.540485, -122.520191 45.540489)"
1,23,"LINESTRING (-122.520191 45.540489, -122.520364 45.540491, -122.520585 45.5405, -122.520733 45.540508, -122.520895 45.540528, -122.521036 45.540552, -122.521204 45.540589, -122.521948 45.540802, -122.523424 45.541218, -122.523646 45.541281, -122.52377 45.541321)"
1,23,"LINESTRING (-122.52377 45.541321, -122.523894 45.541362, -122.524702 45.541804, -122.525331 45.542158, -122.525427 45.542205, -122.525508 45.542239, -122.525684 45.542287, -122.525849 45.542302, -122.526902 45.542383)"
1,23,"LINESTRING (-122.526902 45.542383, -122.527035 45.542394, -122.52704 45.542034, -122.527055 45.541357, -122.527065 45.540889, -122.52707 45.54063)"
1,23,"LINESTRING (-122.52707 45.54063, -122.527072 45.540566, -122.52709 45.539666, -122.527109 45.538742, -122.52711 45.538638)"
1,23,"LINESTRING (-122.52711 45.538638, -122.527112 45.538556, -122.52713 45.537874, -122.527139 45.537315)"
1,23,"LINESTRING (-122.527139 45.537315, -122.527141 45.537212, -122.527924 45.537214, -122.529076 45.537212, -122.531056 45.537212, -122.531879 45.537214, -122.532223 45.537214)"
1,23,"LINESTRING (-122.532223 45.537214, -122.532865 45.537214, -122.533384 45.53721, -122.533763 45.537212, -122.534329 45.537213, -122.534631 45.537213)"
1,23,"LINESTRING (-122.534631 45.537213, -122.535076 45.537213, -122.536946 45.537211, -122.53735 45.537211)"
1,23,"LINESTRING (-122.53735 45.537211, -122.537603 45.537211, -122.537598 45.53758, -122.537595 45.537771, -122.537563 45.539508, -122.537557 45.53982)"
1,23,"LINESTRING (-122.537557 45.53982, -122.537555 45.539885, -122.537553 45.540018, -122.53753 45.541273, -122.537502 45.54275, -122.537765 45.542751, -122.537859 45.542762, -122.537962 45.54278, -122.53808 45.542813, -122.538303 45.542884, -122.538422 45.542908, -122.538543 45.542924, -122.538657 45.542927, -122.538876 45.542926)"
1,23,"LINESTRING (-122.538876 45.542926, -122.541428 45.542921, -122.541523 45.542928, -122.541606 45.542945, -122.541683 45.542973, -122.541771 45.543016, -122.541938 45.54313, -122.542018 45.543174, -122.542095 45.543207, -122.542198 45.543239, -122.542306 45.543261, -122.54239 45.543271)"
1,23,"LINESTRING (-122.54239 45.543271, -122.542403 45.543273, -122.542561 45.543275, -122.546103 45.54327, -122.54757 45.543266)"
1,23,"LINESTRING (-122.54757 45.543266, -122.547715 45.543266, -122.547787 45.543154, -122.54784 45.543091, -122.547912 45.543017, -122.547998 45.542937, -122.548127 45.542821, -122.548588 45.542417, -122.548685 45.542328, -122.548738 45.542275, -122.548804 45.542204, -122.548865 45.542122, -122.548873 45.54211, -122.5489 45.542071)"
1,23,"LINESTRING (-122.5489 45.542071, -122.548948 45.541977, -122.548975 45.541898, -122.548993 45.541816, -122.549003 45.541731, -122.549007 45.541618, -122.549012 45.540841, -122.54902 45.540147, -122.549022 45.539588)"
1,23,"LINESTRING (-122.549022 45.539588, -122.549023 45.539564, -122.549025 45.539493, -122.549027 45.539433, -122.549028 45.539216, -122.549031 45.538834, -122.549033 45.538433, -122.549036 45.538174, -122.549044 45.537502, -122.549045 45.53727)"
1,23,"LINESTRING (-122.549045 45.53727, -122.549045 45.537162, -122.549048 45.536818, -122.549054 45.536145, -122.549062 45.535488, -122.549067 45.534832, -122.549069 45.534223, -122.54907 45.53415, -122.549335 45.534151, -122.549465 45.534151)"
1,23,"LINESTRING (-122.549465 45.534151, -122.550381 45.534155, -122.550715 45.534156, -122.550916 45.534157, -122.551345 45.534159, -122.551605 45.53416, -122.5524 45.534163, -122.55258 45.534164, -122.552815 45.534164, -122.553032 45.534165, -122.553325 45.534166)"
1,23,"LINESTRING (-122.553325 45.534166, -122.553535 45.534167, -122.554047 45.534169, -122.554206 45.53417, -122.554301 45.53417, -122.55465 45.534172, -122.555476 45.534175, -122.55572 45.534176, -122.55653 45.534179, -122.556788 45.53418, -122.55713 45.534181, -122.557282 45.534182, -122.557417 45.534182, -122.557508 45.534179, -122.55763 45.534174, -122.557709 45.534171, -122.557886 45.534153, -122.55806 45.534131, -122.558063 45.533903, -122.558066 45.533629, -122.558063 45.533538, -122.558066 45.533186, -122.558067 45.533121)"
1,23,"LINESTRING (-122.558067 45.533121, -122.558067 45.53309, -122.558068 45.533005, -122.558069 45.532947, -122.558072 45.532791, -122.558083 45.532051, -122.558086 45.531766, -122.558089 45.531407)"
1,23,"LINESTRING (-122.558089 45.531407, -122.55809 45.531357, -122.558091 45.531275, -122.558096 45.530888, -122.558098 45.530683, -122.558099 45.530643, -122.55811 45.529991, -122.558111 45.529903, -122.558113 45.529679)"
1,23,"LINESTRING (-122.558113 45.529679, -122.558114 45.529486, -122.558267 45.529487, -122.559244 45.529484, -122.560035 45.529483, -122.560464 45.529482)"
1,23,"LINESTRING (-122.560464 45.529482, -122.561113 45.529481, -122.561828 45.529488, -122.561942 45.529477, -122.562054 45.52947, -122.562594 45.529468, -122.562812 45.529467)"
1,23,"LINESTRING (-122.562812 45.529467, -122.563 45.529466, -122.563066 45.529533, -122.563312 45.529537, -122.563337 45.529537, -122.563394 45.529538, -122.563465 45.529547, -122.563479 45.529549, -122.563548 45.529567, -122.563598 45.529588, -122.563654 45.529653, -122.56368 45.529748, -122.563661 45.529938, -122.56369 45.530105, -122.563858 45.530556)"
0,24,"LINESTRING (-122.563858 45.530556, -122.563903 45.530678, -122.564005 45.531008, -122.564003 45.531055, -122.563969 45.531106, -122.563897 45.531154, -122.563873 45.531162, -122.563846 45.531172, -122.563794 45.531186, -122.563739 45.531199, -122.563555 45.531234, -122.563535 45.531163, -122.563504 45.531062, -122.563198 45.530303, -122.563158 45.530197, -122.563116 45.529906, -122.563118 45.529894)"
0,24,"LINESTRING (-122.563118 45.529894, -122.563141 45.529758, -122.563131 45.529692, -122.56313 45.529684, -122.56312 45.529636, -122.563066 45.529533, -122.563 45.529466, -122.562594 45.529468, -122.562054 45.52947, -122.561942 45.529477, -122.561828 45.529488, -122.561113 45.529481, -122.560866 45.529482)"
0,24,"LINESTRING (-122.560866 45.529482, -122.560035 45.529483, -122.559244 45.529484, -122.558267 45.529487, -122.558114 45.529486, -122.558111 45.529903, -122.55811 45.529991, -122.558099 45.530643, -122.558098 45.530683, -122.558096 45.530888, -122.558091 45.531275, -122.55809 45.531357, -122.558088 45.531613)"
0,24,"LINESTRING (-122.558088 45.531613, -122.558086 45.531766, -122.558083 45.532051, -122.558072 45.532791, -122.558069 45.532947, -122.558068 45.533005, -122.558067 45.53309, -122.558066 45.533186, -122.558063 45.533538, -122.558066 45.533629, -122.558063 45.533903)"
0,24,"LINESTRING (-122.558063 45.533903, -122.558061 45.534024, -122.55806 45.534131, -122.558058 45.534206, -122.558056 45.534403, -122.557898 45.534537, -122.557827 45.534577, -122.557752 45.534602, -122.557685 45.534611, -122.55763 45.534612, -122.557573 45.534605, -122.557498 45.534585, -122.557437 45.534555, -122.557394 45.534514, -122.557371 45.534473, -122.55736 45.534439, -122.557358 45.534347, -122.557366 45.534286, -122.557382 45.53424, -122.557417 45.534182, -122.557508 45.534179, -122.55763 45.534174, -122.557709 45.534171, -122.557886 45.534153, -122.55806 45.534131, -122.558192 45.534106, -122.558479 45.534025, -122.55865 45.533966, -122.558763 45.533928, -122.559339 45.533724, -122.559505 45.533671, -122.559672 45.533633, -122.559811 45.533609, -122.559927 45.533597, -122.560037 45.53359, -122.560219 45.533582, -122.560831 45.533579, -122.560932 45.533584, -122.561056 45.533593, -122.561267 45.533598)"
0,24,"LINESTRING (-122.561267 45.533598, -122.561366 45.5336, -122.561517 45.53361, -122.561653 45.533626, -122.561799 45.53365, -122.561901 45.533668, -122.562064 45.533705, -122.562593 45.533827, -122.563302 45.534009, -122.563488 45.534051, -122.56369 45.534087, -122.563878 45.534114, -122.56408 45.534133, -122.564272 45.534144, -122.564467 45.53415, -122.564654 45.534151, -122.564829 45.534147, -122.564992 45.534138, -122.565156 45.534121, -122.565318 45.534101, -122.565485 45.534074, -122.565652 45.534041, -122.565835 45.534, -122.566006 45.533952, -122.566203 45.533889, -122.566434 45.533807, -122.56662 45.533747, -122.5668 45.533695, -122.566951 45.533653, -122.567134 45.533614, -122.56732 45.533579, -122.567639 45.533532, -122.567773 45.533517, -122.567962 45.533503, -122.568125 45.533495, -122.568351 45.533494, -122.56857 45.533469, -122.568569 45.53355, -122.568561 45.533843, -122.56856 45.533923, -122.568557 45.534238, -122.568555 45.534268, -122.568534 45.534547, -122.568532 45.534726, -122.568529 45.534972, -122.568509 45.535397, -122.568508 45.535468)"
0,24,"LINESTRING (-122.568508 45.535468, -122.568503 45.535704, -122.568495 45.536458, -122.568483 45.537119, -122.568483 45.537179)"
0,24,"LINESTRING (-122.568483 45.537179, -122.568481 45.537333, -122.568471 45.537644, -122.568466 45.537888, -122.568466 45.537943, -122.568457 45.538629, -122.568447 45.539314, -122.568441 45.53961)"
0,24,"LINESTRING (-122.568441 45.53961, -122.568439 45.539696, -122.568434 45.540001, -122.568433 45.540071, -122.568435 45.540158, -122.568443 45.540247, -122.568457 45.540321, -122.568481 45.540431, -122.568507 45.540508, -122.568533 45.540578, -122.568574 45.540683, -122.568623 45.540776, -122.568693 45.540876)"
0,24,"LINESTRING (-122.568693 45.540876, -122.568695 45.540879, -122.568788 45.541016, -122.568845 45.541095, -122.569173 45.541526, -122.569301 45.541697, -122.569412 45.54185, -122.56948 45.541948, -122.569554 45.542057, -122.569638 45.542205, -122.569687 45.542299, -122.569742 45.542418, -122.56979 45.542534, -122.569824 45.542628, -122.569835 45.54266)"
0,24,"LINESTRING (-122.569835 45.54266, -122.569863 45.542744, -122.569891 45.542832, -122.569927 45.542966, -122.569974 45.543199, -122.569981 45.543262, -122.569989 45.54334, -122.569992 45.543419, -122.569994 45.543504, -122.569994 45.543586, -122.56998 45.544413, -122.569975 45.544812, -122.569961 45.545559, -122.569961 45.545587, -122.56996 45.545634)"
0,24,"LINESTRING (-122.56996 45.545634, -122.569946 45.546424, -122.569936 45.546525, -122.569929 45.546591, -122.569909 45.54667, -122.569888 45.546749, -122.569864 45.546821, -122.569837 45.54689, -122.56981 45.546945, -122.569756 45.547042, -122.569704 45.547126, -122.56998 45.547351, -122.570112 45.547458, -122.570369 45.54767, -122.570816 45.548038, -122.570861 45.548077, -122.570894 45.548123, -122.571438 45.548129)"
0,24,"LINESTRING (-122.571438 45.548129, -122.571537 45.548131, -122.572665 45.548131, -122.572925 45.54813, -122.573623 45.548132, -122.576175 45.54814, -122.576351 45.548141, -122.576553 45.548141)"
0,24,"LINESTRING (-122.576553 45.548141, -122.576636 45.548141, -122.577032 45.548146, -122.577431 45.548142, -122.577726 45.548141, -122.578089 45.548143, -122.578628 45.548144, -122.578751 45.548149, -122.578891 45.548153, -122.579088 45.548153)"
0,24,"LINESTRING (-122.579088 45.548153, -122.579772 45.548155, -122.580678 45.54816)"
0,24,"LINESTRING (-122.580678 45.54816, -122.580788 45.548161, -122.581804 45.548168, -122.582814 45.548174, -122.58372 45.54818)"
0,24,"LINESTRING (-122.58372 45.54818, -122.583834 45.54818, -122.584845 45.548188, -122.585769 45.548194, -122.58586 45.548194, -122.586734 45.5482)"
0,24,"LINESTRING (-122.586734 45.5482, -122.586877 45.548201, -122.587276 45.548204, -122.587887 45.548207, -122.588216 45.54821, -122.588647 45.548215, -122.588687 45.548247, -122.588829 45.548248, -122.588908 45.548215, -122.589246 45.548215, -122.589643 45.548216, -122.590087 45.548215)"
0,24,"LINESTRING (-122.590087 45.548215, -122.592171 45.548215)"
0,24,"LINESTRING (-122.592171 45.548215, -122.592642 45.548215, -122.593291 45.548214, -122.59417 45.548215)"
0,24,"LINESTRING (-122.59417 45.548215, -122.594308 45.548215, -122.595319 45.548219, -122.596343 45.54822, -122.597351 45.548217, -122.597689 45.548216)"
0,24,"LINESTRING (-122.597689 45.548216, -122.598363 45.548215, -122.599382 45.548213, -122.600436 45.548219, -122.600809 45.548222)"
0,24,"LINESTRING (-122.600809 45.548222, -122.600952 45.548223, -122.601454 45.548226, -122.602486 45.548229, -122.602747 45.548231, -122.603496 45.548234, -122.604451 45.54824, -122.60456 45.548244, -122.604672 45.548248, -122.60506 45.54825, -122.605205 45.548248)"
0,24,"LINESTRING (-122.605205 45.548248, -122.605445 45.548245, -122.605569 45.548246, -122.606586 45.54825, -122.607601 45.548257, -122.608613 45.548261, -122.609623 45.548267, -122.60968 45.548267, -122.610246 45.548269, -122.610542 45.54827)"
0,24,"LINESTRING (-122.610542 45.54827, -122.610642 45.54827, -122.611276 45.548274, -122.611667 45.548274, -122.612284 45.548277, -122.612681 45.548278, -122.613696 45.548281, -122.613865 45.548281)"
0,24,"LINESTRING (-122.613865 45.548281, -122.614644 45.548284, -122.61471 45.548284, -122.615042 45.548285, -122.615726 45.548287, -122.616129 45.548289, -122.616736 45.54829, -122.617128 45.548292, -122.617418 45.548294)"
0,24,"LINESTRING (-122.617418 45.548294, -122.617753 45.548295, -122.618353 45.548295, -122.618773 45.548296, -122.619367 45.548298, -122.61981 45.548299, -122.620275 45.548301, -122.620383 45.548301, -122.620739 45.5483, -122.620892 45.5483, -122.62109 45.548299)"
0,24,"LINESTRING (-122.62109 45.548299, -122.621811 45.548295, -122.622509 45.548292, -122.622828 45.54829, -122.623193 45.548288, -122.623844 45.548286, -122.624446 45.548284, -122.624837 45.548282, -122.624974 45.548281, -122.625312 45.548279)"
0,24,"LINESTRING (-122.625312 45.548279, -122.626056 45.548275, -122.627073 45.54827, -122.628091 45.548266, -122.629136 45.548261, -122.63006 45.548256)"
0,24,"LINESTRING (-122.63006 45.548256, -122.630607 45.548256, -122.630702 45.548255, -122.630797 45.548254, -122.631715 45.54825, -122.632731 45.548248, -122.633745 45.548247, -122.634511 45.548245)"
0,24,"LINESTRING (-122.634511 45.548245, -122.634759 45.548244, -122.634866 45.548244, -122.635832 45.548241, -122.635919 45.54824, -122.636775 45.548239, -122.637054 45.548238, -122.637904 45.548236)"
0,24,"LINESTRING (-122.637904 45.548236, -122.638069 45.548236, -122.639085 45.548233, -122.6401 45.54823, -122.641022 45.548227, -122.641113 45.548228, -122.641452 45.548229)"
0,24,"LINESTRING (-122.641452 45.548229, -122.641634 45.54823, -122.642129 45.548232, -122.643143 45.548231, -122.644082 45.548233, -122.6442 45.548232, -122.64432 45.548232, -122.645251 45.548233, -122.646273 45.548233, -122.647148 45.548237)"
0,24,"LINESTRING (-122.647148 45.548237, -122.647185 45.548237, -122.647279 45.548238, -122.647436 45.548238, -122.648345 45.548241, -122.649397 45.548238, -122.650209 45.548238)"
0,24,"LINESTRING (-122.650209 45.548238, -122.650501 45.548238, -122.65099 45.54824, -122.651417 45.548241, -122.651815 45.548243, -122.651898 45.548244, -122.652432 45.548245, -122.652796 45.548246, -122.653447 45.548248, -122.653772 45.548249, -122.65387 45.548249, -122.654468 45.54825, -122.654599 45.548251)"
0,24,"LINESTRING (-122.654599 45.548251, -122.654748 45.548253, -122.655721 45.548255, -122.656614 45.548256, -122.656706 45.548257, -122.657674 45.548258, -122.657946 45.548258, -122.65815 45.548259, -122.658348 45.548264, -122.658418 45.548266)"
0,24,"LINESTRING (-122.658418 45.548266, -122.658515 45.548268, -122.658613 45.548269, -122.658709 45.54827, -122.659629 45.548274, -122.660593 45.548275, -122.661256 45.548274)"
0,24,"LINESTRING (-122.661256 45.548274, -122.661446 45.548273, -122.661524 45.548271, -122.661656 45.548266, -122.661728 45.548264, -122.663521 45.548264)"
0,24,"LINESTRING (-122.663521 45.548264, -122.664094 45.548264, -122.66466 45.548263, -122.665666 45.548261, -122.666579 45.54826, -122.666686 45.548261, -122.666773 45.548261, -122.667282 45.54826, -122.667931 45.548258, -122.667929 45.548197, -122.667933 45.547637)"
0,24,"LINESTRING (-122.667933 45.547637, -122.667933 45.547565, -122.667932 45.547504, -122.667936 45.547134, -122.667938 45.546797, -122.667944 45.546672, -122.667954 45.546071, -122.667954 45.545975)"
0,24,"LINESTRING (-122.667954 45.545975, -122.667955 45.545832, -122.667957 45.545359, -122.667963 45.544963, -122.667972 45.544887, -122.667988 45.544829, -122.667999 45.544798, -122.668043 45.544668, -122.668104 45.544493, -122.668112 45.544429, -122.668119 45.54384)"
0,24,"LINESTRING (-122.668119 45.54384, -122.66812 45.543735, -122.668127 45.543306, -122.668125 45.542822, -122.668124 45.542034)"
0,24,"LINESTRING (-122.668124 45.542034, -122.668123 45.541903, -122.668117 45.541514, -122.668108 45.541371, -122.668108 45.541298, -122.668097 45.541251, -122.668079 45.541209, -122.668048 45.541154, -122.667976 45.541064, -122.668226 45.541066, -122.668711 45.541066, -122.669297 45.541069, -122.670381 45.541069, -122.670534 45.541065, -122.670741 45.541053, -122.670806 45.541051, -122.67093 45.541112, -122.67103 45.541136, -122.671141 45.541181, -122.671235 45.541227, -122.671309 45.541274, -122.671373 45.54133, -122.671459 45.541428, -122.671588 45.541588, -122.671811 45.541863, -122.671831 45.541896, -122.671861 45.541957, -122.67188 45.542021, -122.671887 45.542108, -122.671889 45.542226, -122.671891 45.542618)"
0,24,"LINESTRING (-122.671891 45.542618, -122.671892 45.542765, -122.671965 45.542835, -122.671971 45.543434, -122.671974 45.543732, -122.671974 45.543812, -122.671975 45.544191, -122.671894 45.54428, -122.671896 45.5447, -122.671896 45.544992, -122.671897 45.545353, -122.671886 45.545412, -122.671878 45.54545, -122.671854 45.545513, -122.671806 45.545586, -122.671755 45.545647, -122.671714 45.545685, -122.671627 45.545749, -122.670991 45.54614, -122.670297 45.546563, -122.670208 45.546609, -122.670119 45.546645, -122.670047 45.546667, -122.669942 45.546686, -122.669819 45.546696, -122.669677 45.546695, -122.669478 45.546695, -122.669416 45.54679, -122.669416 45.546834, -122.669428 45.546917, -122.669468 45.546983, -122.669516 45.54704, -122.669572 45.547086, -122.669665 45.547131, -122.669765 45.547164, -122.669879 45.547182, -122.669995 45.547184, -122.670106 45.547174, -122.670258 45.547138, -122.670409 45.547089, -122.670578 45.547019, -122.670743 45.54694, -122.670873 45.546872, -122.67107 45.546763, -122.671623 45.546426, -122.67172 45.546367, -122.671772 45.546334, -122.672169 45.546124, -122.672896 45.545767, -122.673274 45.545584, -122.673608 45.545413, -122.673951 45.545211, -122.674184 45.545059, -122.674509 45.544814, -122.674752 45.544615, -122.675448 45.544047, -122.676458 45.543226, -122.677397 45.542446, -122.677937 45.542002, -122.678182 45.541842, -122.678874 45.541312, -122.679637 45.540686, -122.68002 45.540362, -122.680725 45.53978, -122.684382 45.536784, -122.685113 45.536181, -122.685331 45.536005, -122.686016 45.535451, -122.686394 45.535223, -122.68653 45.535142, -122.686598 45.535106, -122.686704 45.535054, -122.686787 45.535016, -122.686856 45.534986, -122.686957 45.534948, -122.687046 45.534916, -122.687245 45.534857, -122.687399 45.53482, -122.68752 45.534797, -122.687682 45.534769, -122.687827 45.534754, -122.687978 45.534742, -122.688143 45.534737, -122.688315 45.53474, -122.68848 45.53475, -122.688633 45.534765, -122.688755 45.534784, -122.688854 45.534801, -122.688967 45.534823, -122.689067 45.534846, -122.689236 45.534888, -122.689368 45.534926, -122.689513 45.534972, -122.691352 45.535562, -122.69171 45.535635, -122.692278 45.53582, -122.692734 45.535965, -122.692894 45.536015, -122.693028 45.536054, -122.693148 45.536085, -122.693197 45.536098, -122.693366 45.53614, -122.69369 45.536219, -122.693866 45.536329, -122.693922 45.536354, -122.694765 45.536609, -122.696034 45.536975, -122.69633 45.537066, -122.696631 45.537147, -122.696855 45.537215, -122.696981 45.537237, -122.697107 45.537252, -122.697231 45.537261, -122.697338 45.537265, -122.697485 45.537262, -122.697632 45.53725, -122.697764 45.537229, -122.698001 45.537172, -122.698427 45.537049, -122.698681 45.536975, -122.698895 45.536919, -122.698887 45.536755, -122.698877 45.536453, -122.698847 45.535559, -122.698838 45.535498, -122.698729 45.5355, -122.698433 45.535503, -122.698352 45.535505)"
0,24,"LINESTRING (-122.698352 45.535505, -122.696798 45.535533, -122.695714 45.535552, -122.694975 45.535568)"
0,24,"LINESTRING (-122.694975 45.535568, -122.694778 45.535572, -122.693263 45.5356, -122.693082 45.535589, -122.692972 45.535578, -122.692848 45.535558, -122.692737 45.535533, -122.692562 45.535509, -122.692322 45.535481, -122.692031 45.535473, -122.690715 45.535641, -122.690693 45.535029, -122.69069 45.534939, -122.690677 45.534532, -122.690671 45.534379, -122.690666 45.534226, -122.69066 45.534025)"
0,24,"LINESTRING (-122.69066 45.534025, -122.690642 45.533506, -122.690614 45.5328, -122.69059 45.532088, -122.690582 45.531819, -122.690569 45.531378, -122.690568 45.531364, -122.690539 45.530654, -122.69053 45.530437)"
0,24,"LINESTRING (-122.69053 45.530437, -122.690508 45.529939, -122.690508 45.529927, -122.690505 45.529874, -122.690495 45.52959, -122.690482 45.529229, -122.690469 45.528909, -122.690467 45.528848, -122.690454 45.528518, -122.690442 45.52823, -122.690426 45.527803, -122.690417 45.527531, -122.690415 45.527456, -122.690409 45.527092, -122.690402 45.527016, -122.690393 45.526446, -122.690388 45.526375, -122.690387 45.526317, -122.690365 45.525665, -122.690352 45.525453)"
0,24,"LINESTRING (-122.690352 45.525453, -122.690345 45.525329, -122.690328 45.525023, -122.690322 45.524956, -122.690316 45.524884, -122.690294 45.524253, -122.690288 45.524109, -122.690283 45.523965, -122.690278 45.52383, -122.690273 45.523697, -122.690267 45.523524, -122.690258 45.52328, -122.690257 45.523229, -122.690252 45.523093, -122.690247 45.523017, -122.690215 45.522867, -122.690132 45.522503, -122.69012 45.522446, -122.690118 45.522399, -122.690073 45.522339, -122.690125 45.522226, -122.690155 45.522163, -122.690252 45.522095, -122.690367 45.521882)"
1,24,"LINESTRING (-122.690204 45.521959, -122.690145 45.522071, -122.690155 45.522163, -122.690125 45.522226, -122.690073 45.522339, -122.689985 45.522382, -122.689851 45.522609, -122.689819 45.522654, -122.689782 45.522699, -122.689738 45.522744, -122.689668 45.522795, -122.689597 45.522847, -122.689567 45.522865, -122.689458 45.522918, -122.689399 45.522941, -122.689334 45.522972, -122.689303 45.52299, -122.689278 45.523008, -122.689258 45.523028, -122.689248 45.523049, -122.689243 45.52314, -122.689243 45.523202, -122.689244 45.523261, -122.689244 45.5233, -122.68925 45.523546, -122.689278 45.524266, -122.689302 45.524896, -122.689316 45.524976, -122.689328 45.525047, -122.689348 45.525583)"
1,24,"LINESTRING (-122.689348 45.525583, -122.689351 45.525683, -122.689379 45.526394, -122.689382 45.526463, -122.689401 45.52711, -122.689407 45.527261, -122.689422 45.52767, -122.689429 45.527822, -122.689454 45.528537, -122.689468 45.528877, -122.689483 45.529246, -122.689492 45.529614, -122.689496 45.529764, -122.689498 45.529823)"
1,24,"LINESTRING (-122.689498 45.529823, -122.689499 45.529893, -122.689502 45.529944, -122.689502 45.529956, -122.689506 45.53002, -122.689515 45.530279, -122.689516 45.530331, -122.689518 45.530363, -122.689534 45.530673, -122.689541 45.530825, -122.689568 45.531322, -122.689569 45.531382, -122.68957 45.531398, -122.689571 45.531442, -122.689581 45.531658, -122.689593 45.531937, -122.6896 45.532099, -122.689628 45.532822, -122.689648 45.533523, -122.689673 45.534243, -122.689682 45.534453)"
1,24,"LINESTRING (-122.689682 45.534453, -122.689704 45.534954, -122.689722 45.535663, -122.690588 45.535644, -122.690715 45.535641, -122.692031 45.535473, -122.692322 45.535481, -122.692562 45.535509, -122.692737 45.535533, -122.692848 45.535558, -122.692972 45.535578, -122.693082 45.535589, -122.693263 45.5356, -122.694778 45.535572, -122.695165 45.535564)"
1,24,"LINESTRING (-122.695165 45.535564, -122.695714 45.535552, -122.696798 45.535533, -122.698433 45.535503, -122.698729 45.5355, -122.698838 45.535498, -122.698847 45.535559, -122.698853 45.53575)"
1,24,"LINESTRING (-122.698853 45.53575, -122.698877 45.536453, -122.698887 45.536755, -122.698895 45.536919, -122.698734 45.536872, -122.698646 45.536856, -122.698445 45.536826, -122.697697 45.53673, -122.697026 45.53664, -122.696582 45.53658, -122.696226 45.536531, -122.695942 45.536489, -122.695706 45.536448, -122.695447 45.536394, -122.695129 45.536336, -122.694159 45.536092, -122.693292 45.535863, -122.692774 45.535722, -122.691613 45.535417, -122.691156 45.535342, -122.690231 45.535085, -122.689525 45.534915, -122.689147 45.534833, -122.688961 45.534796, -122.688773 45.534766, -122.688501 45.534736, -122.688323 45.534725, -122.688137 45.534723, -122.687974 45.534726, -122.687831 45.534736, -122.687734 45.534746, -122.687614 45.534763, -122.687494 45.534784, -122.687391 45.534806, -122.68723 45.534845, -122.687073 45.53489, -122.686912 45.534946, -122.686784 45.534995, -122.686678 45.535044, -122.686607 45.535079, -122.686402 45.535191, -122.686007 45.535432, -122.685167 45.536115, -122.6843 45.536825, -122.679277 45.540954, -122.677686 45.542195, -122.676863 45.542772, -122.675956 45.54342, -122.675174 45.543972, -122.67444 45.544485, -122.673775 45.544924, -122.672289 45.545844, -122.671978 45.546037, -122.670672 45.54683, -122.670577 45.546887, -122.670417 45.546985, -122.670342 45.547023, -122.67025 45.547057, -122.670167 45.547081, -122.670075 45.547099, -122.669999 45.547108, -122.669928 45.547108, -122.669866 45.547103, -122.669791 45.547093, -122.669741 45.547059, -122.669706 45.54704, -122.669675 45.54701, -122.669658 45.54698, -122.669654 45.546945, -122.669662 45.546915, -122.669684 45.546878, -122.669727 45.546839, -122.669778 45.546807, -122.669899 45.5468, -122.670002 45.546791, -122.670079 45.546776, -122.670144 45.54676, -122.670228 45.546732, -122.670301 45.546697, -122.670387 45.546655, -122.671097 45.546224, -122.671716 45.545844, -122.671789 45.545796, -122.671858 45.545738, -122.6719 45.545694, -122.671939 45.545649, -122.671977 45.545591, -122.672008 45.545531, -122.672032 45.545473, -122.67205 45.545402, -122.672055 45.544992, -122.672052 45.5447, -122.672045 45.54428, -122.671975 45.544191, -122.671974 45.543812, -122.671974 45.543732, -122.671971 45.543434, -122.671965 45.542835, -122.67205 45.542762, -122.672051 45.542593)"
1,24,"LINESTRING (-122.672051 45.542593, -122.672054 45.542323, -122.672049 45.542078, -122.672043 45.542004, -122.672023 45.541944, -122.671994 45.541882, -122.671965 45.541828, -122.671913 45.541754, -122.671599 45.541378, -122.671548 45.541316, -122.671523 45.54128, -122.671515 45.541244, -122.67151 45.541173, -122.671519 45.541008, -122.671433 45.540988, -122.671239 45.540981, -122.670968 45.540986, -122.670741 45.54099, -122.670057 45.540998, -122.669425 45.540993, -122.668711 45.540989, -122.668186 45.540989, -122.66804 45.540988, -122.667911 45.540988, -122.666821 45.540985, -122.666694 45.540981, -122.666694 45.541056, -122.666688 45.541899, -122.666684 45.542312, -122.66666 45.542413, -122.66664 45.542568, -122.666638 45.542733)"
1,24,"LINESTRING (-122.666638 45.542733, -122.666638 45.54276, -122.666635 45.542859, -122.66664 45.54308, -122.666657 45.543198, -122.66668 45.543273, -122.666678 45.543707, -122.666676 45.543789, -122.666672 45.543928, -122.666669 45.544439)"
1,24,"LINESTRING (-122.666669 45.544439, -122.666668 45.544633, -122.666668 45.544703, -122.66667 45.545355, -122.666672 45.546069, -122.666678 45.546789, -122.666678 45.546977)"
1,24,"LINESTRING (-122.666678 45.546977, -122.666677 45.547459, -122.666678 45.547501, -122.666686 45.54819, -122.666686 45.548261, -122.666579 45.54826, -122.666036 45.548261)"
1,24,"LINESTRING (-122.666036 45.548261, -122.665666 45.548261, -122.66466 45.548263, -122.664094 45.548264, -122.663604 45.548264)"
1,24,"LINESTRING (-122.663604 45.548264, -122.661817 45.548264)"
1,24,"LINESTRING (-122.661817 45.548264, -122.661728 45.548264, -122.661656 45.548266, -122.661524 45.548271, -122.661446 45.548273, -122.660593 45.548275, -122.659629 45.548274, -122.658709 45.54827, -122.658613 45.548269, -122.658515 45.548268, -122.658348 45.548264, -122.65815 45.548259, -122.658018 45.548258)"
1,24,"LINESTRING (-122.658018 45.548258, -122.657674 45.548258, -122.656706 45.548257, -122.656614 45.548256, -122.655721 45.548255, -122.654748 45.548253, -122.654468 45.54825, -122.65387 45.548249, -122.653772 45.548249, -122.653575 45.548248)"
1,24,"LINESTRING (-122.653575 45.548248, -122.653447 45.548248, -122.652796 45.548246, -122.652432 45.548245, -122.651898 45.548244, -122.651815 45.548243, -122.651417 45.548241, -122.65099 45.54824, -122.650501 45.548238, -122.650096 45.548238)"
1,24,"LINESTRING (-122.650096 45.548238, -122.649397 45.548238, -122.648345 45.548241, -122.647436 45.548238, -122.647397 45.548238)"
1,24,"LINESTRING (-122.647397 45.548238, -122.647279 45.548238, -122.647185 45.548237, -122.647148 45.548237, -122.646273 45.548233, -122.645251 45.548233, -122.64432 45.548232, -122.6442 45.548232, -122.644082 45.548233, -122.643143 45.548231, -122.642129 45.548232, -122.641634 45.54823, -122.64129 45.548228)"
1,24,"LINESTRING (-122.64129 45.548228, -122.641113 45.548228, -122.641022 45.548227, -122.6401 45.54823, -122.639085 45.548233, -122.638191 45.548235)"
1,24,"LINESTRING (-122.638191 45.548235, -122.638069 45.548236, -122.637054 45.548238, -122.636775 45.548239, -122.635919 45.54824, -122.635832 45.548241, -122.634866 45.548244, -122.634759 45.548244, -122.633863 45.548246)"
1,24,"LINESTRING (-122.633863 45.548246, -122.633745 45.548247, -122.632731 45.548248, -122.631715 45.54825, -122.630963 45.548253)"
1,24,"LINESTRING (-122.630963 45.548253, -122.630797 45.548254, -122.630702 45.548255, -122.630607 45.548256, -122.630094 45.548256, -122.629136 45.548261, -122.628091 45.548266, -122.627073 45.54827, -122.626056 45.548275, -122.62514 45.548281)"
1,24,"LINESTRING (-122.62514 45.548281, -122.624974 45.548281, -122.624837 45.548282, -122.624446 45.548284, -122.623844 45.548286, -122.623193 45.548288, -122.622828 45.54829, -122.622509 45.548292, -122.621811 45.548295, -122.621021 45.5483)"
1,24,"LINESTRING (-122.621021 45.5483, -122.620739 45.5483, -122.620383 45.548301, -122.620275 45.548301, -122.61981 45.548299, -122.619367 45.548298, -122.618773 45.548296, -122.618353 45.548295, -122.617753 45.548295, -122.617167 45.548292)"
1,24,"LINESTRING (-122.617167 45.548292, -122.617128 45.548292, -122.616736 45.54829, -122.616129 45.548289, -122.615726 45.548287, -122.615042 45.548285, -122.61471 45.548284, -122.614644 45.548284, -122.613804 45.548281)"
1,24,"LINESTRING (-122.613804 45.548281, -122.613696 45.548281, -122.612681 45.548278, -122.612284 45.548277, -122.611667 45.548274, -122.611276 45.548274, -122.610642 45.54827, -122.610246 45.548269, -122.60968 45.548267, -122.609623 45.548267, -122.609138 45.548264)"
1,24,"LINESTRING (-122.609138 45.548264, -122.608613 45.548261, -122.607601 45.548257, -122.606586 45.54825, -122.605569 45.548246, -122.605445 45.548245, -122.60506 45.54825, -122.604672 45.548248, -122.60456 45.548244, -122.604451 45.54824, -122.604231 45.548238)"
1,24,"LINESTRING (-122.604231 45.548238, -122.603496 45.548234, -122.602747 45.548231, -122.602486 45.548229, -122.601454 45.548226, -122.600952 45.548223, -122.600527 45.54822)"
1,24,"LINESTRING (-122.600527 45.54822, -122.600436 45.548219, -122.599382 45.548213, -122.598363 45.548215, -122.597454 45.548216)"
1,24,"LINESTRING (-122.597454 45.548216, -122.597351 45.548217, -122.596343 45.54822, -122.595447 45.548219)"
1,24,"LINESTRING (-122.595447 45.548219, -122.595319 45.548219, -122.594308 45.548215, -122.593291 45.548214, -122.593027 45.548215)"
1,24,"LINESTRING (-122.593027 45.548215, -122.590229 45.548215, -122.589699 45.548216)"
1,24,"LINESTRING (-122.589699 45.548216, -122.589643 45.548216, -122.589246 45.548215, -122.588908 45.548215, -122.588833 45.548193, -122.588691 45.548191, -122.588647 45.548215, -122.588216 45.54821, -122.587887 45.548207, -122.587276 45.548204, -122.587065 45.548202)"
1,24,"LINESTRING (-122.587065 45.548202, -122.586877 45.548201, -122.58586 45.548194, -122.585769 45.548194, -122.584845 45.548188, -122.583934 45.548181)"
1,24,"LINESTRING (-122.583934 45.548181, -122.583834 45.54818, -122.582814 45.548174, -122.581804 45.548168, -122.580903 45.548162)"
1,24,"LINESTRING (-122.580903 45.548162, -122.580788 45.548161, -122.579772 45.548155, -122.578891 45.548153, -122.578751 45.548149, -122.578628 45.548144, -122.578279 45.548143)"
1,24,"LINESTRING (-122.578279 45.548143, -122.578089 45.548143, -122.577726 45.548141, -122.577431 45.548142, -122.577032 45.548146, -122.576636 45.548141, -122.576351 45.548141, -122.576221 45.54814)"
1,24,"LINESTRING (-122.576221 45.54814, -122.576175 45.54814, -122.573623 45.548132, -122.572925 45.54813, -122.572665 45.548131, -122.571537 45.548131, -122.571077 45.548125)"
1,24,"LINESTRING (-122.571077 45.548125, -122.570894 45.548123, -122.570861 45.548077, -122.570816 45.548038, -122.570369 45.54767, -122.570112 45.547458, -122.56998 45.547351, -122.569704 45.547126, -122.569756 45.547042, -122.56981 45.546945, -122.569837 45.54689, -122.569864 45.546821, -122.569888 45.546749, -122.569909 45.54667, -122.569929 45.546591, -122.569936 45.546525, -122.569946 45.546424, -122.56996 45.545655)"
1,24,"LINESTRING (-122.56996 45.545655, -122.569961 45.545587, -122.569961 45.545559, -122.569975 45.544812, -122.56998 45.544413, -122.569994 45.543586, -122.569994 45.543504, -122.569992 45.543419, -122.569989 45.54334, -122.569981 45.543262, -122.569974 45.543199, -122.569966 45.54316)"
1,24,"LINESTRING (-122.569966 45.54316, -122.569927 45.542966, -122.569891 45.542832, -122.569863 45.542744, -122.569824 45.542628, -122.56979 45.542534, -122.569742 45.542418, -122.569687 45.542299, -122.569638 45.542205, -122.569554 45.542057, -122.56948 45.541948, -122.569412 45.54185, -122.569301 45.541697, -122.569173 45.541526, -122.568845 45.541095)"
1,24,"LINESTRING (-122.568845 45.541095, -122.568841 45.54109, -122.568788 45.541016, -122.568693 45.540876, -122.568623 45.540776, -122.568574 45.540683, -122.568533 45.540578, -122.568507 45.540508, -122.568481 45.540431, -122.568457 45.540321, -122.568443 45.540247, -122.568435 45.540158, -122.568433 45.540071, -122.568434 45.540001, -122.568439 45.539696, -122.568447 45.539314, -122.568457 45.538629, -122.568461 45.538332)"
1,24,"LINESTRING (-122.568461 45.538332, -122.568466 45.537943, -122.568466 45.537888, -122.568471 45.537644, -122.568481 45.537333, -122.568482 45.537278)"
1,24,"LINESTRING (-122.568482 45.537278, -122.568483 45.537119, -122.568495 45.536458, -122.568503 45.535704, -122.568507 45.5355)"
1,24,"LINESTRING (-122.568507 45.5355, -122.568509 45.535397, -122.568529 45.534972, -122.568532 45.534726, -122.568534 45.534547, -122.568555 45.534268, -122.568557 45.534238, -122.56856 45.533923, -122.568561 45.533843, -122.568569 45.53355, -122.56857 45.533469, -122.568397 45.533421, -122.568155 45.533415, -122.567943 45.533424, -122.567758 45.53344, -122.567594 45.533461, -122.567426 45.533486, -122.567251 45.533513, -122.567074 45.533544, -122.566911 45.533582, -122.566759 45.533624, -122.566576 45.533677, -122.566386 45.533738, -122.566155 45.533819, -122.565962 45.533882, -122.565798 45.533927, -122.56562 45.533968, -122.565458 45.534, -122.565297 45.534025, -122.565138 45.534046, -122.56498 45.534062, -122.564823 45.53407, -122.564653 45.534074, -122.56447 45.534073, -122.564279 45.534067, -122.564091 45.534057, -122.563896 45.534038, -122.563715 45.534012, -122.563517 45.533973, -122.56333 45.533929, -122.563138 45.533881, -122.562701 45.533757, -122.562256 45.533644, -122.562027 45.533589, -122.561882 45.533559, -122.561768 45.533541, -122.561445 45.533526, -122.561371 45.533521, -122.561269 45.533519, -122.561053 45.533516, -122.560927 45.53349, -122.56083 45.53349, -122.560418 45.533494, -122.559974 45.5335, -122.5596 45.533528, -122.559289 45.533533, -122.559063 45.533535, -122.558838 45.533537, -122.558646 45.533539, -122.558544 45.53354)"
1,24,"LINESTRING (-122.558544 45.53354, -122.558224 45.533542, -122.558063 45.533538, -122.558066 45.533186, -122.558067 45.53309, -122.558068 45.533005, -122.558069 45.532947, -122.558072 45.532791, -122.558083 45.532051, -122.558086 45.531766, -122.558089 45.531407)"
1,24,"LINESTRING (-122.558089 45.531407, -122.55809 45.531357, -122.558091 45.531275, -122.558096 45.530888, -122.558098 45.530683, -122.558099 45.530643, -122.55811 45.529991, -122.558111 45.529903, -122.558113 45.529679)"
1,24,"LINESTRING (-122.558113 45.529679, -122.558114 45.529486, -122.558267 45.529487, -122.559244 45.529484, -122.560035 45.529483, -122.560464 45.529482)"
1,24,"LINESTRING (-122.560464 45.529482, -122.561113 45.529481, -122.561828 45.529488, -122.561942 45.529477, -122.562054 45.52947, -122.562594 45.529468, -122.562812 45.529467)"
1,24,"LINESTRING (-122.562812 45.529467, -122.563 45.529466, -122.563066 45.529533, -122.563312 45.529537, -122.563337 45.529537, -122.563394 45.529538, -122.563465 45.529547, -122.563479 45.529549, -122.563548 45.529567, -122.563598 45.529588, -122.563654 45.529653, -122.56368 45.529748, -122.563661 45.529938, -122.56369 45.530105, -122.563858 45.530556)"
0,25,"LINESTRING (-122.472641 45.520647, -122.472644 45.520537, -122.472654 45.520196, -122.472664 45.519851, -122.472677 45.519391, -122.472678 45.519289, -122.472673 45.519201, -122.472819 45.519201, -122.473723 45.519205, -122.473831 45.519207, -122.474378 45.519214, -122.474972 45.519212, -122.475336 45.519212)"
0,25,"LINESTRING (-122.475336 45.519212, -122.475545 45.519212, -122.475809 45.519207, -122.476433 45.519207, -122.476944 45.519208, -122.477161 45.519162, -122.477161 45.519305, -122.47716 45.519371, -122.477155 45.519783)"
0,25,"LINESTRING (-122.477155 45.519783, -122.477154 45.519859, -122.477143 45.520549, -122.477135 45.521217, -122.477131 45.5215, -122.477127 45.521842, -122.477127 45.52191, -122.477126 45.521997, -122.477126 45.522036, -122.477125 45.5221, -122.477125 45.522164, -122.477121 45.522391, -122.47712 45.522442)"
0,25,"LINESTRING (-122.47712 45.522442, -122.477118 45.522663, -122.477102 45.523749, -122.477095 45.524371)"
0,25,"LINESTRING (-122.477095 45.524371, -122.477094 45.524474, -122.477087 45.525005, -122.477078 45.525616, -122.477075 45.525754, -122.477066 45.526292, -122.477067 45.526411, -122.477238 45.52641, -122.477951 45.52641)"
0,25,"LINESTRING (-122.477951 45.52641, -122.480002 45.52641, -122.481871 45.526411)"
0,25,"LINESTRING (-122.481871 45.526411, -122.482373 45.526412, -122.484537 45.526412, -122.485239 45.526413, -122.486002 45.526415, -122.486128 45.526414, -122.486258 45.526413, -122.486661 45.526413)"
0,25,"LINESTRING (-122.486661 45.526413, -122.487925 45.526413, -122.488673 45.526414, -122.490547 45.526414)"
0,25,"LINESTRING (-122.490547 45.526414, -122.49318 45.526414)"
0,25,"LINESTRING (-122.49318 45.526414, -122.495592 45.526414, -122.49642 45.526415, -122.496592 45.526416, -122.496944 45.526415, -122.497058 45.526416)"
0,25,"LINESTRING (-122.497058 45.526416, -122.497163 45.526417, -122.498965 45.526423, -122.500148 45.526427, -122.501498 45.526433, -122.502822 45.526436, -122.503947 45.526441)"
0,25,"LINESTRING (-122.503947 45.526441, -122.504093 45.526441, -122.504293 45.526442, -122.504988 45.526444, -122.505837 45.526447, -122.506549 45.526449, -122.506664 45.526449, -122.507269 45.52645, -122.507538 45.526452, -122.508037 45.526455, -122.509014 45.526457, -122.509232 45.526458, -122.509869 45.52646, -122.510463 45.526463, -122.510753 45.526463, -122.511118 45.526464)"
0,25,"LINESTRING (-122.511118 45.526464, -122.511367 45.526465, -122.513181 45.526471, -122.515428 45.526477, -122.515756 45.526478, -122.517204 45.526479, -122.517361 45.526478, -122.518149 45.526471)"
0,25,"LINESTRING (-122.518149 45.526471, -122.518316 45.52647, -122.518739 45.526466, -122.519557 45.52646, -122.520173 45.526454, -122.520908 45.526448, -122.522266 45.526436, -122.523057 45.526428, -122.52349 45.526424, -122.523529 45.526424)"
0,25,"LINESTRING (-122.523529 45.526424, -122.524712 45.526411, -122.524883 45.526409, -122.52501 45.526407, -122.526054 45.526401, -122.527855 45.526382, -122.528002 45.526381, -122.528714 45.526373, -122.528863 45.526372, -122.52911 45.52637, -122.529794 45.526365, -122.52998 45.526364, -122.531199 45.526353, -122.531276 45.526352, -122.531559 45.526349)"
0,25,"LINESTRING (-122.531559 45.526349, -122.531678 45.526348, -122.532524 45.52634, -122.533254 45.526334, -122.533584 45.52633)"
0,25,"LINESTRING (-122.533584 45.52633, -122.533867 45.526327, -122.534541 45.526321, -122.535617 45.526311, -122.535821 45.526309, -122.536778 45.5263, -122.537029 45.526298, -122.537073 45.526297)"
0,25,"LINESTRING (-122.537073 45.526297, -122.53759 45.526293, -122.53776 45.526292, -122.53793 45.526291, -122.538267 45.52629, -122.538555 45.52629, -122.539002 45.526289, -122.539675 45.526289, -122.540163 45.526288, -122.540944 45.526287, -122.541658 45.526286, -122.541773 45.526286)"
0,25,"LINESTRING (-122.541773 45.526286, -122.542312 45.526286, -122.543166 45.526285, -122.543279 45.526285, -122.544691 45.526283, -122.545386 45.526283, -122.546559 45.526281)"
0,25,"LINESTRING (-122.546559 45.526281, -122.547063 45.526281, -122.547404 45.52628, -122.548479 45.526279, -122.549453 45.526278, -122.551359 45.526276)"
0,25,"LINESTRING (-122.551359 45.526276, -122.551506 45.526276, -122.552398 45.526274, -122.553908 45.526272, -122.554514 45.526273, -122.554989 45.526274, -122.55563 45.526275, -122.556098 45.526276)"
0,25,"LINESTRING (-122.556098 45.526276, -122.556254 45.526276, -122.557223 45.526278, -122.557603 45.526278, -122.557921 45.526279)"
0,25,"LINESTRING (-122.557921 45.526279, -122.55816 45.526279, -122.558151 45.526914, -122.558148 45.527171, -122.558145 45.52739, -122.558139 45.527861, -122.558137 45.528054, -122.558136 45.528094, -122.558123 45.528994, -122.558114 45.529486, -122.558267 45.529487, -122.559244 45.529484, -122.560035 45.529483, -122.560464 45.529482)"
0,25,"LINESTRING (-122.560464 45.529482, -122.561113 45.529481, -122.561828 45.529488, -122.561942 45.529477, -122.562054 45.52947, -122.562594 45.529468, -122.562812 45.529467)"
0,25,"LINESTRING (-122.562812 45.529467, -122.563 45.529466, -122.563066 45.529533, -122.563312 45.529537, -122.563337 45.529537, -122.563394 45.529538, -122.563465 45.529547, -122.563479 45.529549, -122.563548 45.529567, -122.563598 45.529588, -122.563654 45.529653, -122.56368 45.529748, -122.563661 45.529938, -122.56369 45.530105, -122.563858 45.530556)"
0,26,"LINESTRING (-122.690204 45.521959, -122.690145 45.522071, -122.690155 45.522163, -122.690125 45.522226, -122.690073 45.522339, -122.689985 45.522382, -122.689851 45.522609, -122.689819 45.522654, -122.689782 45.522699, -122.689738 45.522744, -122.689668 45.522795, -122.689597 45.522847, -122.689567 45.522865, -122.689458 45.522918, -122.689399 45.522941, -122.689334 45.522972, -122.689303 45.52299, -122.689278 45.523008, -122.689258 45.523028, -122.689248 45.523049, -122.689243 45.52314, -122.689243 45.523202, -122.689244 45.523261, -122.689244 45.5233, -122.68925 45.523546, -122.689278 45.524266, -122.689302 45.524896, -122.689316 45.524976, -122.689328 45.525047, -122.689348 45.525583)"
0,26,"LINESTRING (-122.689348 45.525583, -122.689351 45.525683, -122.689379 45.526394, -122.689382 45.526463, -122.689401 45.52711, -122.689407 45.527261, -122.689422 45.52767, -122.689429 45.527822, -122.689454 45.528537, -122.689468 45.528877, -122.689483 45.529246, -122.689492 45.529614, -122.689496 45.529764, -122.689498 45.529823)"
0,26,"LINESTRING (-122.689498 45.529823, -122.689499 45.529893, -122.689502 45.529944, -122.689502 45.529956, -122.689506 45.53002, -122.689515 45.530279, -122.689516 45.530331, -122.689518 45.530363, -122.689534 45.530673, -122.689541 45.530825, -122.689568 45.531322, -122.689569 45.531382, -122.68957 45.531398, -122.689571 45.531442, -122.689581 45.531658, -122.689593 45.531937, -122.6896 45.532099, -122.689628 45.532822, -122.689648 45.533523, -122.689673 45.534243, -122.689682 45.534453)"
0,26,"LINESTRING (-122.689682 45.534453, -122.689704 45.534954, -122.689722 45.535663, -122.690588 45.535644, -122.690715 45.535641, -122.692031 45.535473, -122.692322 45.535481, -122.692562 45.535509, -122.692737 45.535533, -122.692848 45.535558, -122.692972 45.535578, -122.693082 45.535589, -122.693263 45.5356, -122.694778 45.535572, -122.695165 45.535564)"
0,26,"LINESTRING (-122.695165 45.535564, -122.695714 45.535552, -122.696798 45.535533, -122.698433 45.535503, -122.698729 45.5355, -122.698838 45.535498, -122.69894 45.535496, -122.69945 45.535488, -122.699654 45.535484)"
0,26,"LINESTRING (-122.699654 45.535484, -122.699854 45.535481, -122.700099 45.535475, -122.700864 45.535458, -122.7023 45.53543, -122.70285 45.53542, -122.704684 45.535389)"
0,26,"LINESTRING (-122.704684 45.535389, -122.704835 45.535386, -122.704936 45.535385, -122.706828 45.535346, -122.707035 45.535343, -122.707122 45.535341)"
0,26,"LINESTRING (-122.707122 45.535341, -122.707357 45.535337, -122.70881 45.535313, -122.710873 45.535269, -122.711009 45.535267, -122.711068 45.535267)"
0,26,"LINESTRING (-122.711068 45.535267, -122.711079 45.535267, -122.711125 45.535271, -122.712007 45.535438, -122.712448 45.53552, -122.713449 45.535699, -122.713679 45.535738, -122.713968 45.53579, -122.714507 45.535897, -122.714571 45.535906)"
0,26,"LINESTRING (-122.714571 45.535906, -122.714605 45.53591, -122.71469 45.535916, -122.7148 45.535916, -122.716258 45.53589, -122.716478 45.535889, -122.716551 45.535895)"
0,26,"LINESTRING (-122.716551 45.535895, -122.716578 45.535897, -122.716646 45.535908, -122.716773 45.535929, -122.716876 45.535951, -122.716991 45.53598, -122.717108 45.536018, -122.717198 45.536052, -122.71733 45.536107, -122.717433 45.536157, -122.71755 45.536224, -122.717697 45.536329, -122.717794 45.536414, -122.717898 45.536527, -122.717976 45.536625, -122.71804 45.536735, -122.718102 45.536884, -122.718139 45.537018, -122.71815 45.537097, -122.718177 45.537284, -122.718203 45.537372, -122.718224 45.537443, -122.718265 45.537528, -122.718328 45.537625, -122.718403 45.537716, -122.718497 45.537807, -122.718641 45.537932, -122.718959 45.538191, -122.719028 45.538239, -122.719098 45.538271, -122.719193 45.538304, -122.719369 45.538358, -122.719532 45.53842, -122.719595 45.538451, -122.719659 45.538488)"
1,26,"LINESTRING (-122.719659 45.538488, -122.719595 45.538451, -122.719532 45.53842, -122.719369 45.538358, -122.719193 45.538304, -122.719098 45.538271, -122.719028 45.538239, -122.718959 45.538191, -122.718641 45.537932, -122.718497 45.537807, -122.718403 45.537716, -122.718328 45.537625, -122.718265 45.537528, -122.718224 45.537443, -122.718203 45.537372, -122.718177 45.537284, -122.71815 45.537097, -122.718139 45.537018, -122.718102 45.536884, -122.71804 45.536735, -122.717976 45.536625, -122.717898 45.536527, -122.717794 45.536414, -122.717697 45.536329, -122.71755 45.536224, -122.717433 45.536157, -122.71733 45.536107, -122.717198 45.536052, -122.717108 45.536018, -122.716991 45.53598, -122.716876 45.535951, -122.716773 45.535929, -122.716727 45.535921)"
1,26,"LINESTRING (-122.716727 45.535921, -122.716646 45.535908, -122.716578 45.535897, -122.716478 45.535889, -122.716258 45.53589, -122.7148 45.535916, -122.714775 45.535916)"
1,26,"LINESTRING (-122.714775 45.535916, -122.71469 45.535916, -122.714605 45.53591, -122.714507 45.535897, -122.713968 45.53579, -122.713679 45.535738, -122.713449 45.535699, -122.712448 45.53552, -122.712007 45.535438, -122.711125 45.535271, -122.711079 45.535267, -122.711073 45.535267)"
1,26,"LINESTRING (-122.711073 45.535267, -122.711009 45.535267, -122.710873 45.535269, -122.70881 45.535313, -122.707357 45.535337, -122.707035 45.535343, -122.706828 45.535346, -122.706507 45.535353)"
1,26,"LINESTRING (-122.706507 45.535353, -122.704936 45.535385, -122.704835 45.535386, -122.704516 45.535392)"
1,26,"LINESTRING (-122.704516 45.535392, -122.70285 45.53542, -122.7023 45.53543, -122.700966 45.535456)"
1,26,"LINESTRING (-122.700966 45.535456, -122.700864 45.535458, -122.700099 45.535475, -122.699854 45.535481, -122.69945 45.535488, -122.69894 45.535496, -122.698838 45.535498, -122.698729 45.5355, -122.698433 45.535503, -122.698352 45.535505)"
1,26,"LINESTRING (-122.698352 45.535505, -122.696798 45.535533, -122.695714 45.535552, -122.694975 45.535568)"
1,26,"LINESTRING (-122.694975 45.535568, -122.694778 45.535572, -122.693263 45.5356, -122.693082 45.535589, -122.692972 45.535578, -122.692848 45.535558, -122.692737 45.535533, -122.692562 45.535509, -122.692322 45.535481, -122.692031 45.535473, -122.690715 45.535641, -122.690693 45.535029, -122.69069 45.534939, -122.690677 45.534532, -122.690671 45.534379, -122.690666 45.534226, -122.69066 45.534025)"
1,26,"LINESTRING (-122.69066 45.534025, -122.690642 45.533506, -122.690614 45.5328, -122.69059 45.532088, -122.690582 45.531819, -122.690569 45.531378, -122.690568 45.531364, -122.690539 45.530654, -122.69053 45.530437)"
1,26,"LINESTRING (-122.69053 45.530437, -122.690508 45.529939, -122.690508 45.529927, -122.690505 45.529874, -122.690495 45.52959, -122.690482 45.529229, -122.690469 45.528909, -122.690467 45.528848, -122.690454 45.528518, -122.690442 45.52823, -122.690426 45.527803, -122.690417 45.527531, -122.690415 45.527456, -122.690409 45.527092, -122.690402 45.527016, -122.690393 45.526446, -122.690388 45.526375, -122.690387 45.526317, -122.690365 45.525665, -122.690352 45.525453)"
1,26,"LINESTRING (-122.690352 45.525453, -122.690345 45.525329, -122.690328 45.525023, -122.690322 45.524956, -122.690316 45.524884, -122.690294 45.524253, -122.690288 45.524109, -122.690283 45.523965, -122.690278 45.52383, -122.690273 45.523697, -122.690267 45.523524, -122.690258 45.52328, -122.690257 45.523229, -122.690252 45.523093, -122.690247 45.523017, -122.690215 45.522867, -122.690132 45.522503, -122.69012 45.522446, -122.690118 45.522399, -122.690073 45.522339, -122.690125 45.522226, -122.690155 45.522163, -122.690252 45.522095, -122.690367 45.521882)"
1,26,"LINESTRING (-122.690367 45.521882, -122.690418 45.521789, -122.690559 45.521579, -122.690635 45.521445, -122.69092 45.520913, -122.690954 45.520851, -122.690992 45.520791, -122.691057 45.520694, -122.691086 45.520655, -122.691127 45.52061, -122.691174 45.520574, -122.691187 45.520563, -122.691314 45.520395, -122.691344 45.520359)"
1,29,"LINESTRING (-122.568668 45.435588, -122.568822 45.435572, -122.568898 45.435565, -122.569036 45.435528, -122.569104 45.43595, -122.569123 45.43607, -122.569129 45.436107, -122.569157 45.436264, -122.569182 45.436415, -122.569201 45.436537, -122.569217 45.436637, -122.569231 45.43683, -122.569226 45.437007, -122.569233 45.437081, -122.569251 45.437114, -122.569296 45.437139, -122.569347 45.437162, -122.569407 45.437175, -122.569469 45.437176, -122.569685 45.43718, -122.569903 45.437184, -122.570119 45.437189, -122.570335 45.437193, -122.570562 45.437198, -122.570785 45.437202, -122.570998 45.437206, -122.571197 45.437212, -122.571433 45.437216, -122.571651 45.437221, -122.571679 45.437222, -122.571863 45.437224, -122.571976 45.437225, -122.572096 45.437236, -122.572174 45.437243, -122.572368 45.437284, -122.572789 45.437386, -122.572993 45.437398, -122.57317 45.4374, -122.574006 45.437411)"
1,29,"LINESTRING (-122.574006 45.437411, -122.574259 45.437414, -122.574347 45.437414, -122.574539 45.437416, -122.574575 45.437415, -122.574635 45.437412, -122.574718 45.437398, -122.574795 45.437375, -122.575012 45.43731, -122.575122 45.437277, -122.575233 45.437262, -122.575444 45.437255, -122.575546 45.437261, -122.575656 45.437263, -122.575662 45.437361, -122.575645 45.438135, -122.575642 45.438279, -122.576351 45.438279, -122.577252 45.43828, -122.577925 45.438279, -122.578663 45.438279, -122.579004 45.438278, -122.579008 45.438197, -122.579017 45.437936, -122.579025 45.437687, -122.57904 45.4373, -122.579044 45.437125, -122.579052 45.436707, -122.579089 45.435935)"
1,29,"LINESTRING (-122.579089 45.435935, -122.579095 45.43582, -122.579109 45.435543, -122.57912 45.435331, -122.579124 45.435239, -122.579127 45.43513, -122.579135 45.434996, -122.57915 45.434729, -122.579197 45.433747)"
1,29,"LINESTRING (-122.579197 45.433747, -122.579203 45.433629, -122.579205 45.433596, -122.579225 45.433178, -122.579235 45.432992, -122.57925 45.432691, -122.579252 45.432599, -122.579254 45.432492, -122.579259 45.43222, -122.579259 45.432197)"
1,29,"LINESTRING (-122.579259 45.432197, -122.57926 45.432125, -122.579267 45.43169, -122.579259 45.431437, -122.579237 45.431114, -122.579216 45.430848, -122.579197 45.430657, -122.579155 45.430345)"
1,29,"LINESTRING (-122.579155 45.430345, -122.579153 45.430332, -122.579139 45.430241, -122.579177 45.43005, -122.579091 45.429628, -122.578944 45.429035, -122.578782 45.428467, -122.578634 45.428037, -122.578471 45.427583, -122.578089 45.426491, -122.577958 45.426084, -122.577674 45.425282, -122.577534 45.424909, -122.577496 45.424577, -122.577361 45.424002, -122.57733 45.423815, -122.57731 45.423685, -122.577303 45.42357, -122.5773 45.423379, -122.577317 45.423181, -122.577349 45.422995, -122.577399 45.422803, -122.577618 45.422004, -122.578527 45.422116, -122.579579 45.422266, -122.580006 45.422328, -122.580426 45.42239, -122.580916 45.422461, -122.581579 45.422545, -122.582179 45.422634, -122.582212 45.42247, -122.582223 45.422394, -122.582232 45.422341, -122.582235 45.422293, -122.58223 45.422244, -122.582211 45.422166, -122.582164 45.422058, -122.582081 45.421914, -122.581912 45.421637, -122.581648 45.421201, -122.581599 45.421115)"
1,29,"LINESTRING (-122.581599 45.421115, -122.581428 45.420813, -122.581296 45.42058, -122.580973 45.420004, -122.580544 45.419246, -122.580288 45.418794, -122.580047 45.418365)"
1,29,"LINESTRING (-122.580047 45.418365, -122.579963 45.418215, -122.579741 45.417828, -122.579134 45.416773, -122.578842 45.416251)"
1,29,"LINESTRING (-122.578842 45.416251, -122.578758 45.416101, -122.578576 45.415762, -122.578463 45.415547, -122.578299 45.415233, -122.577978 45.414619, -122.577796 45.414273, -122.577424 45.413544)"
1,29,"LINESTRING (-122.577424 45.413544, -122.577383 45.413463, -122.57694 45.412628, -122.57652 45.411829, -122.576116 45.411053, -122.575963 45.410753, -122.575899 45.410649, -122.575378 45.410645)"
1,29,"LINESTRING (-122.575378 45.410645, -122.574618 45.41064, -122.574526 45.410638, -122.574203 45.410633, -122.574126 45.410628, -122.574047 45.410617, -122.573895 45.410591, -122.57379 45.410556, -122.573693 45.410521, -122.57361 45.410481, -122.57353 45.410427, -122.573457 45.410375, -122.573401 45.410321, -122.573337 45.410236, -122.5733 45.410162, -122.573276 45.410098, -122.573251 45.40997, -122.573248 45.409567, -122.573241 45.409094, -122.573226 45.408038, -122.573225 45.407845)"
1,29,"LINESTRING (-122.573225 45.407845, -122.573224 45.407719, -122.573224 45.40708, -122.573227 45.40674, -122.573233 45.406495, -122.573247 45.406431, -122.573261 45.406394, -122.57329 45.406364, -122.573364 45.406344, -122.573442 45.406338, -122.574504 45.406355, -122.575716 45.406375)"
1,29,"LINESTRING (-122.575716 45.406375, -122.575848 45.406377, -122.577439 45.406406, -122.578156 45.406426, -122.578874 45.406441, -122.579607 45.406457, -122.579919 45.406464, -122.580353 45.406476)"
1,29,"LINESTRING (-122.580353 45.406476, -122.58047 45.406479, -122.581918 45.406508, -122.582559 45.406507, -122.582945 45.406509)"
1,29,"LINESTRING (-122.582945 45.406509, -122.583629 45.406512, -122.584687 45.406522)"
1,29,"LINESTRING (-122.584687 45.406522, -122.584805 45.406523, -122.585355 45.406527, -122.586511 45.406549, -122.587606 45.406562, -122.587682 45.406551, -122.587733 45.406538, -122.587791 45.406514, -122.587903 45.406456, -122.588244 45.406736)"
1,29,"LINESTRING (-122.588244 45.406736, -122.588286 45.40677, -122.588821 45.40721, -122.58919 45.407523, -122.589311 45.407646, -122.589383 45.407747, -122.589431 45.407815, -122.589463 45.407883, -122.589522 45.408023, -122.589731 45.408646, -122.589824 45.40894, -122.589862 45.409059, -122.589908 45.409208, -122.590033 45.409608, -122.590114 45.409887, -122.590133 45.409962)"
1,29,"LINESTRING (-122.590133 45.409962, -122.590166 45.410086, -122.590303 45.410527, -122.590349 45.410677, -122.59037 45.410734, -122.590387 45.410786, -122.590406 45.410842, -122.590426 45.410902, -122.590497 45.411125)"
1,29,"LINESTRING (-122.590497 45.411125, -122.590499 45.411131, -122.590621 45.411513, -122.590709 45.41178, -122.59107 45.412894)"
1,29,"LINESTRING (-122.59107 45.412894, -122.591071 45.412898, -122.591123 45.413058, -122.591344 45.413748, -122.591461 45.414082, -122.591495 45.414159, -122.591524 45.414215, -122.591568 45.414296, -122.591614 45.414369, -122.591659 45.414433, -122.591707 45.414487, -122.591761 45.414551, -122.591824 45.414608, -122.592313 45.415082, -122.592595 45.415358, -122.592716 45.415477)"
1,29,"LINESTRING (-122.592716 45.415477, -122.592785 45.415544, -122.592808 45.415568, -122.592978 45.415738, -122.593081 45.41586, -122.593154 45.415958, -122.593214 45.416044, -122.593263 45.416134, -122.593321 45.41624, -122.593357 45.416391, -122.59337 45.416473, -122.593378 45.416558, -122.59338 45.41666, -122.593378 45.416811, -122.59336 45.417327, -122.593353 45.417691, -122.593336 45.418451)"
1,29,"LINESTRING (-122.593336 45.418451, -122.593334 45.418535, -122.593338 45.419315, -122.593335 45.419634, -122.593321 45.420532, -122.593311 45.421222, -122.593302 45.421619, -122.593294 45.421904)"
1,29,"LINESTRING (-122.593294 45.421904, -122.593285 45.422263, -122.593274 45.422607, -122.593262 45.422783, -122.593252 45.42288, -122.593239 45.422992, -122.593229 45.423057, -122.593208 45.423158, -122.593169 45.42329, -122.593134 45.423385, -122.593127 45.423406)"
1,29,"LINESTRING (-122.593127 45.423406, -122.593075 45.423534, -122.59299 45.423729, -122.59273 45.424252, -122.592645 45.424402, -122.592565 45.424568, -122.59255 45.424619, -122.592542 45.424668, -122.59255 45.424709, -122.592562 45.424747, -122.592588 45.424778, -122.592623 45.42481, -122.592676 45.424843, -122.592738 45.424864, -122.59281 45.424878, -122.592887 45.424883)"
1,29,"LINESTRING (-122.592887 45.424883, -122.592916 45.424884, -122.593561 45.4249, -122.593593 45.424903, -122.593741 45.424917, -122.593899 45.424939, -122.594001 45.424961, -122.594092 45.424989, -122.594184 45.425027, -122.594273 45.425075, -122.594382 45.425155, -122.594471 45.425236, -122.594637 45.42538, -122.5948 45.425528, -122.595369 45.426044, -122.595433 45.426101, -122.595484 45.426148, -122.595978 45.4266)"
1,29,"LINESTRING (-122.595978 45.4266, -122.596145 45.426752, -122.596805 45.427349, -122.596984 45.42751)"
1,29,"LINESTRING (-122.596984 45.42751, -122.597361 45.427849, -122.597723 45.428175, -122.598079 45.428492, -122.598349 45.428741, -122.598567 45.428949, -122.598916 45.42928, -122.599077 45.429427, -122.59915 45.429489)"
1,29,"LINESTRING (-122.59915 45.429489, -122.599225 45.429552, -122.599346 45.429647, -122.599542 45.429773, -122.59967 45.429842, -122.599841 45.429922, -122.599999 45.429984, -122.600121 45.430026, -122.600223 45.430056, -122.600303 45.430076, -122.600503 45.43012, -122.600655 45.430145, -122.600799 45.430161, -122.600883 45.430166)"
1,29,"LINESTRING (-122.600883 45.430166, -122.600919 45.430167, -122.601023 45.43017, -122.601318 45.430172, -122.601686 45.430172, -122.602109 45.43017, -122.602728 45.43017, -122.602826 45.430169, -122.602928 45.430177, -122.603049 45.430201, -122.60315 45.430238, -122.603264 45.430303, -122.603318 45.430352, -122.603351 45.430396, -122.603384 45.430452)"
1,29,"LINESTRING (-122.603384 45.430452, -122.603417 45.430509, -122.603464 45.430609, -122.603935 45.430484, -122.60418 45.430435, -122.604416 45.430394, -122.604833 45.430321, -122.605032 45.430292, -122.605214 45.430267, -122.605455 45.430242, -122.605615 45.430226, -122.605962 45.430201, -122.606199 45.430187, -122.606402 45.430181, -122.606612 45.430175, -122.607251 45.430187, -122.607444 45.430196, -122.607741 45.430218, -122.607846 45.430225, -122.608301 45.430272, -122.608601 45.430311, -122.608817 45.430343, -122.609051 45.43038, -122.60943 45.430451, -122.60949 45.430462)"
1,29,"LINESTRING (-122.60949 45.430462, -122.610076 45.430574, -122.610854 45.430725, -122.611035 45.430763, -122.611132 45.430784, -122.61127 45.430813, -122.611607 45.430878, -122.612303 45.431014, -122.612695 45.431095, -122.612972 45.431161)"
1,29,"LINESTRING (-122.612972 45.431161, -122.613433 45.43127, -122.614336 45.43149, -122.614684 45.431584, -122.615386 45.431775, -122.616315 45.432029, -122.616869 45.432185, -122.617293 45.432305)"
1,29,"LINESTRING (-122.617293 45.432305, -122.617494 45.432362, -122.617888 45.432472, -122.618344 45.432599, -122.618823 45.432733, -122.619806 45.433007, -122.620051 45.433077, -122.620117 45.433096, -122.620403 45.433175)"
1,29,"LINESTRING (-122.620403 45.433175, -122.620613 45.433234, -122.62067 45.43325, -122.621218 45.4334, -122.62162 45.433512, -122.622526 45.433763, -122.622978 45.433888)"
1,29,"LINESTRING (-122.622978 45.433888, -122.623229 45.433958, -122.623812 45.434123, -122.624316 45.434262, -122.624655 45.434355, -122.6252 45.434507, -122.625562 45.434611, -122.625783 45.434675, -122.625952 45.434725, -122.62607 45.43476)"
1,29,"LINESTRING (-122.62607 45.43476, -122.626079 45.434763, -122.626184 45.4348, -122.626336 45.43486, -122.626643 45.434989, -122.627101 45.435184, -122.627369 45.435298, -122.627656 45.43542, -122.62788 45.435516, -122.627977 45.435558, -122.628225 45.435668, -122.628863 45.435945)"
1,29,"LINESTRING (-122.628863 45.435945, -122.628968 45.43599, -122.629081 45.436038, -122.629036 45.436143, -122.629001 45.436208, -122.628966 45.436267, -122.628902 45.436361, -122.628587 45.43673, -122.628292 45.437069, -122.627988 45.437413, -122.627829 45.437595, -122.627807 45.437624, -122.627794 45.437646, -122.627786 45.437669, -122.62778 45.437691, -122.627778 45.437745, -122.627789 45.438014, -122.627804 45.438449)"
1,29,"LINESTRING (-122.627804 45.438449, -122.627806 45.43852, -122.627854 45.439968, -122.627856 45.440004, -122.627836 45.440007, -122.627819 45.440013, -122.627803 45.440021)"
1,29,"LINESTRING (-122.627803 45.440021, -122.627791 45.440032, -122.627784 45.440045, -122.62778 45.440058, -122.627781 45.44007, -122.627786 45.440082, -122.627793 45.440092, -122.627804 45.440101, -122.627817 45.440109, -122.627831 45.440114, -122.627848 45.440118, -122.627865 45.440118, -122.627862 45.440377, -122.627889 45.441343, -122.6279 45.441786, -122.627897 45.441796)"
1,29,"LINESTRING (-122.627897 45.441796, -122.627879 45.441844, -122.627829 45.441894, -122.628934 45.442426, -122.629926 45.442919, -122.629978 45.442944, -122.630135 45.443018, -122.630268 45.443081, -122.630562 45.443227)"
1,29,"LINESTRING (-122.630562 45.443227, -122.630912 45.4434, -122.631019 45.443452, -122.631192 45.443533, -122.631213 45.443581, -122.631316 45.443629, -122.631388 45.443626, -122.63149 45.443654, -122.631561 45.443659, -122.631631 45.443651, -122.631713 45.443671, -122.63181 45.44366, -122.631866 45.443621, -122.632009 45.443608, -122.632574 45.443535, -122.632776 45.443509)"
1,29,"LINESTRING (-122.632776 45.443509, -122.632892 45.443494, -122.633842 45.443374, -122.635307 45.443187, -122.636383 45.443052)"
1,29,"LINESTRING (-122.636383 45.443052, -122.636515 45.443035, -122.636611 45.443021, -122.637185 45.442946, -122.6374 45.442918, -122.637651 45.442888, -122.637846 45.442865, -122.638022 45.442844, -122.638133 45.442831, -122.638188 45.442825, -122.638398 45.4428, -122.638492 45.442789, -122.638915 45.442736)"
1,29,"LINESTRING (-122.638915 45.442736, -122.639198 45.442701, -122.639259 45.442694, -122.639365 45.442682, -122.639734 45.442632, -122.639841 45.442616, -122.639942 45.4426, -122.64077 45.44249, -122.640899 45.442474, -122.641558 45.442396, -122.641899 45.442356, -122.642028 45.442341, -122.641987 45.442461, -122.642069 45.44273, -122.642113 45.442873, -122.64218 45.443125, -122.642217 45.443294, -122.642336 45.443781, -122.64236 45.44388, -122.642457 45.444283, -122.642547 45.444657, -122.641598 45.44477, -122.641592 45.444771, -122.641478 45.444784, -122.641333 45.4448, -122.640938 45.444843, -122.640505 45.444891)"
1,30,"LINESTRING (-122.334063 45.28607, -122.334072 45.285719, -122.333504 45.285706, -122.332951 45.285694, -122.332969 45.285226)"
1,30,"LINESTRING (-122.332969 45.285226, -122.332973 45.285143, -122.33299 45.285101, -122.333004 45.285077, -122.333109 45.28495, -122.333362 45.285111, -122.333559 45.285226, -122.333843 45.285384, -122.334033 45.285479, -122.334209 45.28556, -122.334116 45.28566, -122.334072 45.285719, -122.334061 45.28615, -122.334057 45.286297, -122.334051 45.286514, -122.334048 45.286625, -122.334045 45.2867, -122.334038 45.286891, -122.334033 45.287022, -122.334019 45.287347)"
1,30,"LINESTRING (-122.334019 45.287347, -122.334018 45.287367, -122.334011 45.287508, -122.334004 45.287692, -122.333977 45.288524, -122.333952 45.289162, -122.33392 45.289589)"
1,30,"LINESTRING (-122.33392 45.289589, -122.33392 45.289596, -122.333916 45.289663, -122.333875 45.29065, -122.333843 45.291648, -122.333837 45.291836)"
1,30,"LINESTRING (-122.333837 45.291836, -122.333807 45.292635, -122.333795 45.293031, -122.333777 45.293613, -122.333753 45.294469, -122.334355 45.294518, -122.334738 45.294549)"
1,30,"LINESTRING (-122.334738 45.294549, -122.334929 45.294564, -122.335474 45.294609, -122.335843 45.294638, -122.336052 45.294654, -122.336597 45.294697, -122.337127 45.294738, -122.337234 45.294748, -122.337306 45.294761, -122.337393 45.294785, -122.337463 45.294807, -122.337516 45.294835, -122.337566 45.294867, -122.337636 45.294935, -122.337679 45.294994, -122.337708 45.295047, -122.337735 45.295123, -122.33775 45.295193, -122.337758 45.295246, -122.337781 45.295473, -122.337782 45.295486)"
1,30,"LINESTRING (-122.337782 45.295486, -122.337856 45.296193, -122.337873 45.296365, -122.337913 45.29673, -122.337919 45.296783, -122.337933 45.296908)"
1,30,"LINESTRING (-122.337933 45.296908, -122.337946 45.297026, -122.337966 45.297206, -122.337973 45.297279, -122.337984 45.297386, -122.338011 45.297657, -122.338044 45.298005, -122.338047 45.298039, -122.33811 45.298616, -122.338118 45.298687, -122.338153 45.299002, -122.338166 45.299124, -122.338213 45.299592, -122.338358 45.300933, -122.338402 45.301345, -122.338432 45.301623)"
1,30,"LINESTRING (-122.338432 45.301623, -122.338463 45.301904, -122.338479 45.302038, -122.338525 45.302503, -122.338605 45.303269, -122.338648 45.303694, -122.338688 45.304094)"
1,30,"LINESTRING (-122.338688 45.304094, -122.338704 45.304255, -122.338824 45.305435, -122.338877 45.305868, -122.338902 45.305985, -122.338927 45.306074, -122.338978 45.306215, -122.339037 45.306347, -122.339429 45.307132)"
1,30,"LINESTRING (-122.339429 45.307132, -122.339468 45.307208, -122.33971 45.307688, -122.33996 45.308187, -122.340231 45.308738, -122.340842 45.309994, -122.340975 45.310278, -122.341326 45.311038, -122.341499 45.311418)"
1,30,"LINESTRING (-122.341499 45.311418, -122.341644 45.311737, -122.341682 45.311827, -122.34189 45.312277, -122.341973 45.312459, -122.342453 45.313495, -122.342799 45.314247, -122.342975 45.314627, -122.343026 45.314742, -122.343066 45.314839, -122.343114 45.314968, -122.343149 45.315076, -122.343185 45.315218, -122.343195 45.315265)"
1,30,"LINESTRING (-122.343195 45.315265, -122.3432 45.315289, -122.34321 45.315374, -122.343218 45.315533, -122.343221 45.316704, -122.343216 45.317276)"
1,30,"LINESTRING (-122.343216 45.317276, -122.343213 45.317629, -122.343214 45.317921, -122.343209 45.31881, -122.34321 45.319268, -122.343229 45.319564, -122.343249 45.319679, -122.343268 45.319758, -122.34329 45.319829, -122.343318 45.319896, -122.343358 45.319978, -122.343569 45.32036, -122.343614 45.320471, -122.343641 45.320568, -122.343653 45.320643, -122.343674 45.320811, -122.343672 45.32089, -122.343664 45.320989, -122.343638 45.321149, -122.343603 45.321297, -122.343499 45.321699, -122.343447 45.321969, -122.343438 45.322047)"
1,30,"LINESTRING (-122.343438 45.322047, -122.343434 45.322082, -122.343432 45.322233, -122.343439 45.322405, -122.343449 45.322652, -122.34346 45.323007, -122.343455 45.323186, -122.343437 45.323434, -122.343428 45.323708, -122.343431 45.323768)"
1,30,"LINESTRING (-122.343431 45.323768, -122.343435 45.323831, -122.343449 45.323952, -122.343478 45.3241, -122.343515 45.324281, -122.343592 45.324647, -122.343879 45.325979, -122.343938 45.326211, -122.344048 45.326527, -122.344338 45.3273, -122.344613 45.32806, -122.344981 45.329062, -122.345222 45.329714, -122.345333 45.329962, -122.345389 45.330074, -122.345488 45.330243, -122.34592 45.330904, -122.34598 45.331019, -122.346028 45.331134, -122.34607 45.331257, -122.346189 45.331661, -122.346226 45.331786, -122.346375 45.332317, -122.346415 45.33248)"
1,30,"LINESTRING (-122.346415 45.33248, -122.346419 45.332495, -122.346452 45.332652, -122.346472 45.332785, -122.34648 45.332901, -122.346473 45.33306, -122.346459 45.333294, -122.3463 45.334687, -122.346198 45.335604, -122.346164 45.335891, -122.346145 45.336035, -122.346127 45.33617, -122.346123 45.336205)"
1,30,"LINESTRING (-122.346123 45.336205, -122.346089 45.336518, -122.346081 45.336633, -122.346005 45.337343, -122.345689 45.340152, -122.345574 45.341376, -122.345522 45.341749, -122.345477 45.342052, -122.345467 45.342157, -122.345461 45.342278, -122.345459 45.342501, -122.345461 45.342742, -122.345463 45.342822, -122.345467 45.342887, -122.345487 45.343076, -122.345518 45.343303, -122.345569 45.343541, -122.345631 45.343735, -122.345688 45.343905, -122.345804 45.344177, -122.345909 45.344394, -122.346049 45.344652, -122.346549 45.345509, -122.346839 45.345989)"
1,30,"LINESTRING (-122.346839 45.345989, -122.347159 45.346518, -122.347683 45.347416, -122.348043 45.347986, -122.348283 45.348389)"
1,30,"LINESTRING (-122.348283 45.348389, -122.348582 45.348892, -122.349741 45.350841, -122.350211 45.351619, -122.350956 45.352861, -122.351094 45.353112, -122.351228 45.353377, -122.351362 45.353659, -122.351497 45.353963, -122.351613 45.35423, -122.352021 45.355146, -122.352195 45.355577, -122.352246 45.3557, -122.352356 45.355994, -122.352494 45.356362, -122.352576 45.356576, -122.352642 45.356731, -122.352722 45.35688, -122.352807 45.357015, -122.352886 45.357123, -122.352966 45.357221, -122.35322 45.357494, -122.353386 45.357671, -122.354041 45.358373, -122.354281 45.358627)"
1,30,"LINESTRING (-122.354281 45.358627, -122.354521 45.35888, -122.354824 45.359201, -122.355215 45.359046, -122.355888 45.358776)"
1,30,"LINESTRING (-122.355888 45.358776, -122.358481 45.357736, -122.358914 45.357563, -122.359029 45.357666, -122.359257 45.357894)"
1,30,"LINESTRING (-122.359257 45.357894, -122.359281 45.357917, -122.359502 45.358127, -122.359945 45.358551, -122.360617 45.359119, -122.360774 45.359236, -122.36226 45.360349, -122.362808 45.360759, -122.362866 45.360802, -122.363951 45.3616)"
1,30,"LINESTRING (-122.363951 45.3616, -122.364071 45.361688, -122.364536 45.362002, -122.364886 45.362226, -122.36504 45.362325, -122.366027 45.362989, -122.366554 45.363341, -122.366997 45.36366, -122.367597 45.364116, -122.367695 45.364193)"
1,30,"LINESTRING (-122.367695 45.364193, -122.368456 45.364791, -122.368917 45.365153, -122.369101 45.365308, -122.369245 45.365438, -122.369391 45.365586, -122.369543 45.365747, -122.370887 45.367225)"
1,30,"LINESTRING (-122.370887 45.367225, -122.371322 45.367704, -122.372288 45.368767, -122.373221 45.369785, -122.37337 45.369933, -122.373505 45.370049, -122.373657 45.370175, -122.373973 45.370417, -122.375297 45.371448)"
1,30,"LINESTRING (-122.375297 45.371448, -122.375376 45.371509, -122.37705 45.372799, -122.377186 45.372904)"
1,30,"LINESTRING (-122.377186 45.372904, -122.377192 45.372908, -122.379107 45.374364)"
1,30,"LINESTRING (-122.379107 45.374364, -122.379514 45.374673, -122.38088 45.375717, -122.383265 45.377532, -122.384184 45.378233)"
1,30,"LINESTRING (-122.384184 45.378233, -122.384236 45.378273, -122.385232 45.379029, -122.386191 45.379761, -122.3868 45.380227, -122.387087 45.380445, -122.387438 45.380697, -122.387503 45.380737)"
1,30,"LINESTRING (-122.387503 45.380737, -122.391571 45.383246, -122.392182 45.383619)"
1,30,"LINESTRING (-122.392182 45.383619, -122.393225 45.384256, -122.394466 45.385023, -122.395133 45.385435, -122.395493 45.385652, -122.395708 45.385776, -122.396051 45.385971, -122.396147 45.386016)"
1,30,"LINESTRING (-122.396147 45.386016, -122.396185 45.386034, -122.396338 45.386096, -122.39663 45.386186, -122.40104 45.387344, -122.401288 45.38741, -122.401537 45.387475)"
1,30,"LINESTRING (-122.401537 45.387475, -122.401554 45.38748, -122.401688 45.387515, -122.402888 45.387831, -122.40365 45.388031, -122.405094 45.388407, -122.405514 45.388539, -122.40602 45.388714, -122.406745 45.388977, -122.40703 45.389079, -122.407217 45.389146, -122.407537 45.389265, -122.407844 45.389368)"
1,30,"LINESTRING (-122.407844 45.389368, -122.408019 45.389427, -122.408156 45.38947, -122.408558 45.389584, -122.408875 45.389668, -122.409267 45.389763, -122.411158 45.390227, -122.412223 45.390488, -122.414158 45.39097, -122.414443 45.391045, -122.414742 45.391148, -122.414963 45.391235, -122.415197 45.391354, -122.41545 45.391485, -122.415946 45.391734, -122.416929 45.392245, -122.417264 45.392375, -122.417447 45.392429, -122.417807 45.392516, -122.418208 45.392597, -122.418572 45.39268, -122.418819 45.392733, -122.41909 45.392805, -122.419262 45.392856, -122.419385 45.392908, -122.419576 45.393007, -122.41969 45.393086, -122.419788 45.39316, -122.419861 45.393228, -122.419966 45.393339, -122.420088 45.393476, -122.420343 45.393704, -122.420563 45.393854, -122.420749 45.393976, -122.420837 45.394026, -122.421009 45.394115, -122.4212 45.394199, -122.421385 45.394263, -122.421553 45.394308, -122.421713 45.394346, -122.421901 45.394376, -122.422048 45.39439, -122.422242 45.394408, -122.42243 45.394409, -122.422533 45.394405)"
1,30,"LINESTRING (-122.422533 45.394405, -122.4226 45.394402, -122.422771 45.394382, -122.422932 45.39436, -122.423055 45.394337, -122.423321 45.394277, -122.423746 45.394168, -122.423886 45.394128, -122.424002 45.394093, -122.424314 45.393985, -122.424615 45.393876, -122.425182 45.393648, -122.425639 45.393454, -122.426085 45.393254, -122.42662 45.393029, -122.42678 45.392974, -122.426962 45.39293, -122.427118 45.392897, -122.427258 45.39288, -122.427385 45.392873, -122.427504 45.392876, -122.427641 45.392891, -122.427777 45.392912, -122.428177 45.392978, -122.42834 45.392994, -122.428522 45.392999, -122.428689 45.392994, -122.428887 45.392968, -122.429072 45.392928, -122.429248 45.392877, -122.42946 45.392792, -122.429951 45.392562, -122.429956 45.39256)"
1,30,"LINESTRING (-122.429956 45.39256, -122.431447 45.391851, -122.432101 45.391547, -122.432592 45.391315, -122.432956 45.391158, -122.433178 45.39107, -122.433408 45.391001, -122.433633 45.390944, -122.433813 45.390908, -122.43395 45.390886, -122.435154 45.390706, -122.435352 45.390661, -122.435484 45.390623, -122.435616 45.390572, -122.435747 45.390509, -122.435827 45.390462, -122.43596 45.390373, -122.43597 45.390367)"
1,30,"LINESTRING (-122.43597 45.390367, -122.436158 45.390213, -122.437559 45.389026, -122.437825 45.3888, -122.438073 45.388579, -122.438209 45.388444, -122.438304 45.388326, -122.438404 45.388165, -122.438499 45.387996, -122.438608 45.387831, -122.438696 45.387718, -122.438785 45.387624, -122.438935 45.387511, -122.439154 45.387395, -122.439333 45.387329, -122.439792 45.387134, -122.440908 45.386637)"
1,30,"LINESTRING (-122.440908 45.386637, -122.442216 45.386054, -122.442457 45.385958, -122.442675 45.385869, -122.442841 45.385814, -122.443063 45.385753, -122.443315 45.385704, -122.44354 45.38567, -122.444416 45.385585, -122.444686 45.38555, -122.444916 45.385503, -122.445077 45.385464, -122.445301 45.385393, -122.445553 45.385293, -122.445779 45.3852, -122.446086 45.385069, -122.446241 45.385022, -122.446406 45.384984, -122.446527 45.384968, -122.446663 45.384956, -122.44678 45.384954, -122.446895 45.384957, -122.447289 45.385004, -122.44744 45.385026, -122.447626 45.385045, -122.447813 45.385048, -122.448044 45.385033, -122.448473 45.38498, -122.449206 45.384881, -122.449505 45.384849, -122.44972 45.384836, -122.449936 45.384839, -122.450179 45.384858, -122.450413 45.384889, -122.450663 45.384936, -122.450811 45.384969, -122.451006 45.385012, -122.451254 45.38507, -122.451474 45.385099, -122.45163 45.38511, -122.451751 45.385115, -122.451919 45.385113, -122.452241 45.385093, -122.452434 45.385094, -122.452598 45.385104, -122.452938 45.38515, -122.453102 45.385176, -122.453308 45.385216, -122.453487 45.385258, -122.453657 45.385304, -122.453724 45.385321)"
1,30,"LINESTRING (-122.453724 45.385321, -122.454647 45.385557, -122.454896 45.385624, -122.455069 45.385686, -122.455198 45.385744, -122.45531 45.385811, -122.45544 45.385912, -122.455527 45.385989, -122.455638 45.386113, -122.455934 45.386529, -122.456081 45.386734, -122.456185 45.38687, -122.456283 45.386969)"
1,30,"LINESTRING (-122.456283 45.386969, -122.456311 45.386996, -122.456375 45.387053, -122.456462 45.387118, -122.456566 45.387184, -122.45669 45.38725, -122.456874 45.387329, -122.457123 45.38742, -122.458005 45.387712, -122.458327 45.387834, -122.4585 45.387915, -122.458653 45.388001, -122.459138 45.388301, -122.459428 45.388451, -122.459556 45.388505)"
1,30,"LINESTRING (-122.459556 45.388505, -122.459999 45.388692, -122.460145 45.388763, -122.460305 45.388854, -122.460419 45.388938, -122.460494 45.389004, -122.460568 45.389095, -122.460641 45.389215, -122.460699 45.389372, -122.460786 45.389682, -122.460876 45.390062, -122.460924 45.390385, -122.461001 45.3909, -122.461028 45.391285, -122.461103 45.392308, -122.461138 45.392954)"
1,30,"LINESTRING (-122.461138 45.392954, -122.461161 45.393388, -122.461183 45.393559, -122.461209 45.393693, -122.461254 45.393853, -122.461324 45.394006, -122.461417 45.394145, -122.461505 45.394255, -122.461687 45.394473, -122.46181 45.394601, -122.461934 45.394716, -122.462102 45.394867, -122.462263 45.394993)"
1,30,"LINESTRING (-122.462263 45.394993, -122.462333 45.395039, -122.462489 45.395141, -122.462973 45.395455, -122.46328 45.395647, -122.463651 45.395863, -122.463782 45.395921, -122.463995 45.395992, -122.464335 45.396113, -122.464638 45.396228, -122.464909 45.396319, -122.46545 45.396508, -122.465741 45.3966, -122.465891 45.396637, -122.466025 45.396665, -122.466153 45.396683, -122.46637 45.396701, -122.466526 45.396708, -122.466767 45.396711, -122.466968 45.396717, -122.467072 45.396728, -122.467153 45.39674, -122.467329 45.396782, -122.467448 45.396813, -122.467638 45.39687, -122.467988 45.396984, -122.468096 45.39702, -122.468765 45.39728, -122.46906 45.397411, -122.469281 45.397505, -122.469431 45.39756, -122.469593 45.397607, -122.469727 45.397641, -122.469863 45.397669, -122.470022 45.397686, -122.470156 45.397696, -122.470321 45.397701, -122.470445 45.397702, -122.470622 45.397695, -122.470932 45.397678, -122.471614 45.397638, -122.473857 45.397505, -122.474402 45.397475, -122.474685 45.397461, -122.475029 45.397437, -122.475247 45.397418, -122.4754 45.397396, -122.47557 45.397357, -122.475685 45.39733, -122.475824 45.397278, -122.476045 45.397184, -122.476141 45.397139, -122.476369 45.397027, -122.476642 45.396895, -122.476867 45.39678, -122.477019 45.396709, -122.477171 45.396628, -122.477316 45.396527, -122.477553 45.396305, -122.477621 45.396245, -122.477683 45.396202, -122.477823 45.396129, -122.478104 45.396013, -122.478279 45.395961, -122.478434 45.395926, -122.478749 45.39586, -122.479209 45.395772, -122.480185 45.395574, -122.480551 45.395503)"
1,30,"LINESTRING (-122.480551 45.395503, -122.480951 45.395426, -122.481179 45.39539, -122.481306 45.39538, -122.481447 45.395377, -122.481584 45.395384, -122.48173 45.395401, -122.481912 45.395439, -122.482091 45.395497, -122.482183 45.395535, -122.482278 45.395581, -122.482373 45.395633, -122.482483 45.395699, -122.4826 45.395786, -122.482836 45.395967, -122.482937 45.396033, -122.483154 45.396146, -122.483293 45.396203, -122.483516 45.396281, -122.483633 45.396325)"
1,30,"LINESTRING (-122.483633 45.396325, -122.483789 45.396384, -122.484794 45.396729, -122.484905 45.39676, -122.485008 45.396783, -122.485057 45.396794, -122.48512 45.396803, -122.485136 45.396805)"
1,30,"LINESTRING (-122.485136 45.396805, -122.485206 45.396813, -122.485264 45.396814, -122.485376 45.396814, -122.485539 45.396802, -122.485728 45.396781, -122.485866 45.396764, -122.486265 45.396702, -122.486535 45.396648, -122.486711 45.396606, -122.486845 45.396555, -122.486953 45.39651)"
1,30,"LINESTRING (-122.486953 45.39651, -122.487002 45.39649, -122.487272 45.396377, -122.487936 45.396103, -122.488159 45.396012, -122.488527 45.395866, -122.488795 45.395779, -122.488938 45.395748, -122.489482 45.395648, -122.489664 45.395603, -122.489808 45.39555, -122.489912 45.395502, -122.490019 45.395435, -122.490117 45.395367, -122.490201 45.395294, -122.490297 45.395199, -122.490735 45.39467, -122.490846 45.394565, -122.490945 45.394483, -122.491059 45.394399, -122.491157 45.394344, -122.491222 45.394311, -122.491414 45.394243, -122.491579 45.394197, -122.491758 45.394165, -122.492315 45.394108, -122.492917 45.394069, -122.493293 45.394092, -122.493449 45.39411, -122.493677 45.394143, -122.493963 45.394187, -122.494419 45.394256)"
1,30,"LINESTRING (-122.494419 45.394256, -122.495188 45.394373, -122.496697 45.394623, -122.496768 45.394636)"
1,30,"LINESTRING (-122.496768 45.394636, -122.496882 45.394655, -122.497029 45.394685, -122.497161 45.394717, -122.497292 45.394758, -122.497374 45.394804, -122.497452 45.394864, -122.497614 45.395012, -122.497868 45.39527, -122.498187 45.395596, -122.498566 45.396001, -122.498792 45.39625, -122.498874 45.396365, -122.498952 45.396499, -122.49902 45.39665)"
1,30,"LINESTRING (-122.49902 45.39665, -122.499024 45.396663, -122.499124 45.396947, -122.499377 45.397789, -122.499629 45.398617, -122.499673 45.398774, -122.499822 45.399353, -122.499956 45.39995, -122.500138 45.400828, -122.500226 45.401231)"
1,30,"LINESTRING (-122.500226 45.401231, -122.500261 45.401385, -122.50043 45.402234, -122.50056 45.402839)"
1,30,"LINESTRING (-122.50056 45.402839, -122.50061 45.403071, -122.500775 45.403874, -122.500826 45.404058, -122.500839 45.404098, -122.500858 45.404151, -122.500899 45.404241, -122.500929 45.404293, -122.500968 45.404358, -122.501056 45.404492, -122.501131 45.40459, -122.50153 45.405084, -122.502037 45.405696)"
1,30,"LINESTRING (-122.502037 45.405696, -122.502082 45.40575, -122.502178 45.405854, -122.502495 45.406244, -122.502837 45.406659, -122.503166 45.40706, -122.504032 45.408116, -122.504288 45.408436, -122.504532 45.408746, -122.504786 45.409061, -122.504929 45.40924, -122.505002 45.409349)"
1,30,"LINESTRING (-122.505002 45.409349, -122.505025 45.40939, -122.50503 45.409399, -122.505038 45.409417, -122.50504 45.409432, -122.505038 45.409453, -122.505031 45.409474, -122.504982 45.409591, -122.505287 45.409695, -122.505388 45.40971, -122.505469 45.409719, -122.505553 45.409725, -122.505841 45.409734, -122.50611 45.409741, -122.506749 45.409749, -122.507214 45.409755, -122.507575 45.409755)"
1,30,"LINESTRING (-122.507575 45.409755, -122.507753 45.409755, -122.507914 45.409699, -122.508869 45.409709, -122.509331 45.409727, -122.509704 45.409752, -122.510096 45.409782, -122.510666 45.409826, -122.513739 45.410082, -122.514076 45.410109, -122.514338 45.410132, -122.514455 45.410141, -122.514661 45.410157, -122.514953 45.410179, -122.51529 45.410195, -122.515468 45.410199, -122.515643 45.4102, -122.515829 45.4102, -122.516094 45.410197, -122.516604 45.410179, -122.517337 45.410153)"
1,30,"LINESTRING (-122.517337 45.410153, -122.517456 45.410148, -122.517633 45.410144, -122.517824 45.410139, -122.517994 45.410135, -122.518207 45.410135, -122.518432 45.410141, -122.51871 45.41015, -122.51883 45.410154, -122.518969 45.410161, -122.519109 45.41017, -122.519415 45.410194, -122.519587 45.410212, -122.519877 45.410242, -122.52093 45.410355, -122.52151 45.410419, -122.521795 45.410447, -122.52207 45.410473, -122.522289 45.410491, -122.522479 45.410505, -122.522646 45.410517, -122.522802 45.410526, -122.522939 45.410532, -122.523152 45.410537, -122.523322 45.410538, -122.523512 45.410536, -122.5237 45.410531, -122.523859 45.410522, -122.524081 45.410507, -122.524348 45.410479, -122.524363 45.410478)"
1,30,"LINESTRING (-122.524363 45.410478, -122.524478 45.410467, -122.524628 45.410448, -122.524808 45.410426, -122.525021 45.410393, -122.525194 45.410362, -122.525375 45.410327, -122.52551 45.4103, -122.525646 45.410272, -122.52569 45.410263, -122.525902 45.410213, -122.526103 45.410164, -122.526368 45.410098, -122.526588 45.410041, -122.527503 45.409805, -122.527626 45.409773, -122.528291 45.409601, -122.528899 45.409444, -122.530227 45.4091)"
1,30,"LINESTRING (-122.530227 45.4091, -122.530396 45.409056, -122.530652 45.40899, -122.531333 45.408807, -122.532247 45.408576, -122.532523 45.408508, -122.532721 45.408462, -122.532919 45.408418, -122.532978 45.408404)"
1,30,"LINESTRING (-122.532978 45.408404, -122.533097 45.408377, -122.533388 45.408316, -122.533624 45.408271, -122.533862 45.408227, -122.533876 45.408224, -122.534148 45.408178, -122.534425 45.408135, -122.534813 45.40808, -122.534974 45.40806, -122.535209 45.408033, -122.535472 45.408006, -122.535634 45.40799, -122.535794 45.407977, -122.535987 45.407961, -122.536067 45.407956, -122.536207 45.407948, -122.536355 45.40794, -122.536529 45.407932, -122.536804 45.407921, -122.536935 45.407917, -122.537054 45.407913, -122.537174 45.40791, -122.537424 45.407905, -122.537751 45.407901, -122.537813 45.407901, -122.538462 45.407898, -122.538711 45.407896)"
1,30,"LINESTRING (-122.538711 45.407896, -122.539473 45.407892, -122.540043 45.407888, -122.540353 45.407886, -122.540691 45.407884, -122.541448 45.40788, -122.541625 45.407879, -122.541637 45.407879, -122.54266 45.407872, -122.544741 45.40786, -122.544801 45.40786)"
1,30,"LINESTRING (-122.544801 45.40786, -122.545135 45.407858, -122.545307 45.407857, -122.545947 45.40785, -122.546304 45.407849, -122.547088 45.407845, -122.54844 45.407838, -122.549243 45.407834, -122.550505 45.407828, -122.551327 45.407822, -122.551445 45.407822, -122.551882 45.407821)"
1,30,"LINESTRING (-122.551882 45.407821, -122.552215 45.40782, -122.552386 45.407818, -122.552981 45.407813, -122.553875 45.407805, -122.554429 45.407802, -122.554845 45.407799, -122.554862 45.407799, -122.555875 45.407794, -122.556221 45.407792, -122.55657 45.407789, -122.556948 45.407787, -122.557414 45.407784, -122.557466 45.407783, -122.557844 45.407777, -122.557949 45.407776, -122.558147 45.407771, -122.55852 45.407763, -122.558746 45.407758, -122.558892 45.407803, -122.559267 45.407781)"
1,30,"LINESTRING (-122.559267 45.407781, -122.559712 45.407756, -122.560141 45.407727, -122.560546 45.4077, -122.561164 45.407666, -122.561826 45.407614, -122.56236 45.407579, -122.562749 45.40756, -122.563108 45.407541, -122.56387 45.407518, -122.564524 45.407508, -122.565265 45.407505, -122.566201 45.407503, -122.567227 45.407504, -122.56734 45.407504)"
1,30,"LINESTRING (-122.56734 45.407504, -122.56866 45.407506, -122.568857 45.407505, -122.569098 45.407503, -122.569159 45.407503, -122.569816 45.407504, -122.570136 45.4076, -122.570225 45.407636, -122.570335 45.407688, -122.570398 45.407732, -122.570471 45.407791, -122.570572 45.40789, -122.571096 45.408621, -122.571464 45.409198, -122.571712 45.409699, -122.572399 45.411198, -122.573249 45.413591, -122.573454 45.414634, -122.57349 45.414909, -122.57351 45.415205, -122.573514 45.415415, -122.573507 45.416035, -122.573521 45.416293, -122.573558 45.416546, -122.57364 45.416837, -122.573751 45.417096, -122.573831 45.417227, -122.574283 45.417812, -122.574637 45.418308, -122.574898 45.418654, -122.574971 45.418757, -122.575116 45.418934, -122.575221 45.419075, -122.575365 45.419319, -122.575466 45.419531, -122.575526 45.419703, -122.575602 45.419964, -122.575672 45.420255, -122.575696 45.420358, -122.575837 45.42088, -122.575982 45.421364, -122.576211 45.421975, -122.576472 45.422621, -122.576656 45.423045, -122.576816 45.423407, -122.577025 45.423944, -122.5772 45.424427, -122.577811 45.426107, -122.577931 45.426472, -122.578288 45.427495, -122.578638 45.428509, -122.578792 45.429034, -122.578948 45.429657, -122.579027 45.430053, -122.579139 45.430241, -122.579153 45.430332, -122.579197 45.430657, -122.579203 45.430717)"
1,30,"LINESTRING (-122.579203 45.430717, -122.579216 45.430848, -122.579237 45.431114, -122.579259 45.431437, -122.579267 45.43169, -122.57926 45.432125, -122.579259 45.432197, -122.579254 45.432492, -122.579252 45.432599, -122.57925 45.432691, -122.579236 45.432967)"
1,30,"LINESTRING (-122.579236 45.432967, -122.579235 45.432992, -122.579225 45.433178, -122.579205 45.433596, -122.579203 45.433629, -122.57915 45.434729, -122.579135 45.434996, -122.579127 45.43513, -122.579124 45.435239, -122.57912 45.435331, -122.579109 45.435543, -122.579098 45.435764)"
1,30,"LINESTRING (-122.579098 45.435764, -122.579095 45.43582, -122.579052 45.436707, -122.579044 45.437125, -122.57904 45.4373, -122.579025 45.437687, -122.579017 45.437936, -122.579008 45.438197, -122.579004 45.438278, -122.577925 45.438279, -122.577252 45.43828, -122.577059 45.43828, -122.576351 45.438279, -122.575642 45.438279, -122.575645 45.438135, -122.575662 45.437361, -122.575656 45.437263, -122.575546 45.437261, -122.575444 45.437255, -122.575233 45.437262, -122.575122 45.437277, -122.575012 45.43731, -122.574795 45.437375, -122.574718 45.437398, -122.574635 45.437412, -122.574575 45.437415, -122.574539 45.437416, -122.574347 45.437414, -122.574259 45.437414, -122.57331 45.437402)"
1,30,"LINESTRING (-122.57331 45.437402, -122.57317 45.4374, -122.572993 45.437398, -122.572789 45.437386, -122.572368 45.437284, -122.572174 45.437243, -122.572096 45.437236, -122.571976 45.437225, -122.571863 45.437224, -122.571679 45.437222, -122.571651 45.437221, -122.571433 45.437216, -122.571197 45.437212, -122.570998 45.437206, -122.570785 45.437202, -122.570562 45.437198, -122.570335 45.437193, -122.570119 45.437189, -122.569903 45.437184, -122.569685 45.43718, -122.569469 45.437176, -122.569407 45.437175, -122.569347 45.437162, -122.569296 45.437139, -122.569251 45.437114, -122.569233 45.437081, -122.569226 45.437007, -122.569231 45.43683, -122.569217 45.436637, -122.569201 45.436537, -122.569182 45.436415, -122.569157 45.436264, -122.569129 45.436107, -122.569123 45.43607, -122.569104 45.43595, -122.569051 45.435618, -122.569036 45.435528, -122.568883 45.435508, -122.568653 45.435533, -122.568572 45.435564, -122.568479 45.435568, -122.568167 45.435599)"
1,30,"LINESTRING (-122.568167 45.435599, -122.568142 45.435602, -122.568101 45.435613, -122.56807 45.435626, -122.568073 45.43567, -122.568086 45.435735, -122.56809 45.435757, -122.568136 45.43581, -122.5682 45.436148, -122.568281 45.436575, -122.56838 45.436566, -122.568507 45.436554, -122.568749 45.436532, -122.568667 45.436108, -122.568601 45.435763, -122.56859 45.435689, -122.568589 45.435678)"
0,31,"LINESTRING (-122.568668 45.435588, -122.568822 45.435572, -122.568898 45.435565, -122.569036 45.435528, -122.569104 45.43595, -122.569123 45.43607, -122.569129 45.436107, -122.569157 45.436264, -122.569182 45.436415, -122.569201 45.436537, -122.569217 45.436637, -122.569231 45.43683, -122.569226 45.437007, -122.569233 45.437081, -122.569251 45.437114, -122.569296 45.437139, -122.569347 45.437162, -122.569407 45.437175, -122.569469 45.437176, -122.569685 45.43718, -122.569903 45.437184, -122.570119 45.437189, -122.570335 45.437193, -122.570562 45.437198, -122.570785 45.437202, -122.570998 45.437206, -122.571197 45.437212, -122.571433 45.437216, -122.571651 45.437221, -122.571679 45.437222, -122.571863 45.437224, -122.571976 45.437225, -122.572096 45.437236, -122.572174 45.437243, -122.572368 45.437284, -122.572789 45.437386, -122.572993 45.437398, -122.57317 45.4374, -122.574006 45.437411)"
0,31,"LINESTRING (-122.574006 45.437411, -122.574259 45.437414, -122.574347 45.437414, -122.574539 45.437416, -122.574575 45.437415, -122.574635 45.437412, -122.574718 45.437398, -122.574795 45.437375, -122.575012 45.43731, -122.575122 45.437277, -122.575233 45.437262, -122.575444 45.437255, -122.575546 45.437261, -122.575656 45.437263, -122.575662 45.437361, -122.575645 45.438135, -122.575642 45.438279, -122.576351 45.438279, -122.577252 45.43828, -122.577925 45.438279, -122.578663 45.438279, -122.579004 45.438278, -122.579008 45.438197, -122.579017 45.437936, -122.579025 45.437687, -122.57904 45.4373, -122.579044 45.437125, -122.579052 45.436707, -122.579089 45.435935)"
0,31,"LINESTRING (-122.579089 45.435935, -122.579095 45.43582, -122.579109 45.435543, -122.57912 45.435331, -122.579124 45.435239, -122.579127 45.43513, -122.579135 45.434996, -122.57915 45.434729, -122.579197 45.433747)"
0,31,"LINESTRING (-122.579197 45.433747, -122.579203 45.433629, -122.579205 45.433596, -122.579225 45.433178, -122.579235 45.432992, -122.57925 45.432691, -122.579252 45.432599, -122.579254 45.432492, -122.579259 45.43222, -122.579259 45.432197)"
0,31,"LINESTRING (-122.579259 45.432197, -122.57926 45.432125, -122.579267 45.43169, -122.579259 45.431437, -122.579237 45.431114, -122.579216 45.430848, -122.579197 45.430657, -122.579155 45.430345)"
0,31,"LINESTRING (-122.579155 45.430345, -122.579153 45.430332, -122.579139 45.430241, -122.579177 45.43005, -122.579091 45.429628, -122.578944 45.429035, -122.578782 45.428467, -122.578634 45.428037, -122.578471 45.427583, -122.578089 45.426491, -122.577958 45.426084, -122.577674 45.425282, -122.577534 45.424909, -122.577496 45.424577, -122.577361 45.424002, -122.57733 45.423815, -122.57731 45.423685, -122.577303 45.42357, -122.5773 45.423379, -122.577317 45.423181, -122.577349 45.422995, -122.577399 45.422803, -122.577502 45.422428, -122.577618 45.422004, -122.578527 45.422116, -122.579579 45.422266, -122.580006 45.422328, -122.580426 45.42239, -122.580916 45.422461, -122.581579 45.422545, -122.582179 45.422634, -122.582212 45.42247, -122.582223 45.422394, -122.582232 45.422341, -122.582235 45.422293, -122.58223 45.422244, -122.582211 45.422166, -122.582164 45.422058, -122.582081 45.421914, -122.581912 45.421637, -122.581648 45.421201, -122.581599 45.421115)"
0,31,"LINESTRING (-122.581599 45.421115, -122.581428 45.420813, -122.581296 45.42058, -122.580973 45.420004, -122.580544 45.419246, -122.580288 45.418794, -122.580047 45.418365)"
0,31,"LINESTRING (-122.580047 45.418365, -122.579963 45.418215, -122.579741 45.417828, -122.579134 45.416773, -122.578842 45.416251)"
0,31,"LINESTRING (-122.578842 45.416251, -122.578758 45.416101, -122.578952 45.416098, -122.579252 45.416101, -122.580335 45.416101, -122.58085 45.416102, -122.582214 45.416109, -122.583258 45.416109, -122.58463 45.416113, -122.584897 45.416113)"
0,31,"LINESTRING (-122.584897 45.416113, -122.586178 45.416112, -122.587359 45.416117, -122.588505 45.416121, -122.589431 45.416123, -122.589765 45.416117)"
0,31,"LINESTRING (-122.589765 45.416117, -122.589958 45.416114, -122.591294 45.416125, -122.592389 45.416127, -122.592556 45.416129, -122.592895 45.416133, -122.593119 45.416135, -122.593263 45.416134, -122.593214 45.416044, -122.593154 45.415958, -122.593081 45.41586, -122.592978 45.415738, -122.592808 45.415568, -122.592785 45.415544, -122.592595 45.415358, -122.592451 45.415217)"
0,31,"LINESTRING (-122.592451 45.415217, -122.592313 45.415082, -122.591824 45.414608, -122.591761 45.414551, -122.591707 45.414487, -122.591659 45.414433, -122.591614 45.414369, -122.591568 45.414296, -122.591524 45.414215, -122.591495 45.414159, -122.591461 45.414082, -122.591344 45.413748, -122.591123 45.413058, -122.59107 45.412894, -122.590982 45.412622)"
0,31,"LINESTRING (-122.590982 45.412622, -122.590709 45.41178, -122.590621 45.411513, -122.590499 45.411131, -122.590426 45.410902, -122.590406 45.410842, -122.590387 45.410786, -122.59037 45.410734, -122.590349 45.410677, -122.590303 45.410527, -122.590243 45.410336)"
0,31,"LINESTRING (-122.590243 45.410336, -122.590166 45.410086, -122.590114 45.409887, -122.590033 45.409608, -122.589908 45.409208, -122.589862 45.409059, -122.589824 45.40894, -122.589731 45.408646, -122.589522 45.408023, -122.589463 45.407883, -122.589431 45.407815, -122.589383 45.407747, -122.589311 45.407646, -122.58919 45.407523, -122.589 45.407362)"
0,31,"LINESTRING (-122.589 45.407362, -122.588821 45.40721, -122.588286 45.40677, -122.587903 45.406456, -122.587565 45.406187, -122.586262 45.405163, -122.585551 45.404608, -122.585499 45.404564, -122.585446 45.404509, -122.585386 45.404426, -122.585347 45.404353, -122.585314 45.40426, -122.585303 45.404172, -122.585298 45.404076, -122.5853 45.404026, -122.585303 45.403954, -122.585329 45.40365, -122.585352 45.403282, -122.585358 45.403048, -122.585366 45.402732, -122.585375 45.402379)"
0,31,"LINESTRING (-122.585375 45.402379, -122.585376 45.402315, -122.585385 45.402097, -122.585394 45.40186, -122.585416 45.401342, -122.585433 45.401227, -122.585442 45.401179, -122.585497 45.400996, -122.585901 45.399914, -122.585947 45.399757, -122.585965 45.399661, -122.585976 45.399547, -122.585982 45.399337, -122.585976 45.399146, -122.585959 45.398935)"
0,31,"LINESTRING (-122.585959 45.398935, -122.585916 45.398508, -122.585865 45.398033, -122.585786 45.397221, -122.585711 45.396529, -122.585702 45.396436, -122.585683 45.396261, -122.58568 45.396242)"
0,31,"LINESTRING (-122.58568 45.396242, -122.585649 45.396063, -122.585619 45.395968, -122.58557 45.395834, -122.585479 45.395627, -122.585331 45.39541, -122.585267 45.39531, -122.584948 45.394912)"
0,31,"LINESTRING (-122.584948 45.394912, -122.584783 45.394706, -122.584598 45.394475, -122.583875 45.393566, -122.583753 45.393404, -122.583581 45.393162)"
0,31,"LINESTRING (-122.583581 45.393162, -122.583571 45.393143, -122.583495 45.393013, -122.583466 45.392953, -122.583439 45.392903, -122.583405 45.392823, -122.583363 45.392695, -122.583341 45.392562, -122.583344 45.392461, -122.583365 45.392354, -122.583386 45.39229, -122.583432 45.39219, -122.583526 45.392018, -122.583756 45.391636, -122.583788 45.391581, -122.583846 45.391479, -122.583922 45.391323, -122.583976 45.3912, -122.584035 45.39102, -122.58405 45.390955, -122.584067 45.390854, -122.584073 45.39077, -122.584083 45.390504)"
0,31,"LINESTRING (-122.584083 45.390504, -122.584083 45.390491, -122.584082 45.390372, -122.584085 45.39016, -122.584096 45.390052, -122.584105 45.389973, -122.584119 45.389915, -122.584148 45.389841, -122.584201 45.389731, -122.584343 45.389497, -122.584516 45.389246, -122.584754 45.388951, -122.584991 45.388711, -122.585158 45.38853, -122.585418 45.388259)"
0,31,"LINESTRING (-122.585418 45.388259, -122.58549 45.388184, -122.585742 45.387928, -122.585855 45.387834, -122.58576 45.387745, -122.5857 45.387664, -122.585636 45.387546, -122.585529 45.387331, -122.585441 45.387152, -122.585305 45.386873, -122.585137 45.38653, -122.585023 45.386303, -122.584958 45.386172)"
0,31,"LINESTRING (-122.584958 45.386172, -122.584797 45.385851, -122.584494 45.385244, -122.584456 45.385169, -122.584362 45.384977, -122.58422 45.384692, -122.584192 45.384636)"
0,31,"LINESTRING (-122.584192 45.384636, -122.584123 45.3845, -122.584078 45.384409, -122.584032 45.384314, -122.58392 45.384086, -122.583789 45.38382, -122.583953 45.38377, -122.584831 45.383485, -122.586443 45.382949, -122.587922 45.382463)"
0,31,"LINESTRING (-122.587922 45.382463, -122.588063 45.382417, -122.589691 45.38188, -122.590213 45.381708, -122.590647 45.381565, -122.591154 45.381398)"
0,31,"LINESTRING (-122.591154 45.381398, -122.59131 45.381346, -122.592936 45.380809, -122.594439 45.380305, -122.594455 45.380299)"
0,31,"LINESTRING (-122.594455 45.380299, -122.594581 45.380262, -122.594161 45.379621, -122.593726 45.378971, -122.593434 45.378533)"
0,31,"LINESTRING (-122.593434 45.378533, -122.593411 45.378498, -122.593296 45.378328, -122.594212 45.378026, -122.594854 45.377814)"
0,31,"LINESTRING (-122.594854 45.377814, -122.594957 45.37778, -122.59674 45.377192)"
0,31,"LINESTRING (-122.59674 45.377192, -122.596892 45.377142, -122.598639 45.376566)"
0,31,"LINESTRING (-122.598639 45.376566, -122.598768 45.376523, -122.599135 45.376401, -122.599935 45.376161, -122.600266 45.376062, -122.600476 45.376002, -122.6007 45.375938, -122.600853 45.375895)"
0,31,"LINESTRING (-122.600853 45.375895, -122.601597 45.375682, -122.601708 45.375661, -122.601809 45.375659, -122.601787 45.375553, -122.601753 45.375364, -122.601717 45.375044, -122.601682 45.374729, -122.601652 45.374401, -122.601631 45.37415, -122.6016 45.373827, -122.601509 45.372935, -122.601456 45.372386, -122.601432 45.372158, -122.601384 45.371632, -122.60135 45.371205, -122.601291 45.370505, -122.601266 45.370214, -122.601202 45.369637, -122.60127 45.369549, -122.601251 45.369344, -122.601228 45.36899, -122.601202 45.368574, -122.601191 45.36845)"
0,31,"LINESTRING (-122.601191 45.36845, -122.60118 45.368332, -122.601181 45.368212, -122.601182 45.368095, -122.601121 45.36749, -122.60106 45.366874, -122.60092 45.366746, -122.600914 45.366657, -122.600826 45.365847, -122.600807 45.365575, -122.600798 45.365456, -122.600794 45.365346, -122.600791 45.3652, -122.600792 45.365097, -122.600795 45.36503, -122.600818 45.364813, -122.600844 45.364683, -122.600893 45.364486, -122.600942 45.364307, -122.601091 45.364194, -122.601138 45.364079, -122.601215 45.363929, -122.601307 45.363759, -122.601409 45.363606, -122.601529 45.363444, -122.601647 45.363294, -122.601823 45.363094, -122.602015 45.362881, -122.602216 45.362673, -122.602311 45.36259, -122.602403 45.36251, -122.602863 45.362055, -122.603079 45.361845, -122.603265 45.361665, -122.603323 45.361612, -122.603379 45.361561, -122.603516 45.36144, -122.603766 45.361231, -122.603875 45.361148, -122.603974 45.361075, -122.604206 45.360927, -122.604241 45.360836, -122.604399 45.360747, -122.604521 45.360681, -122.604581 45.360648, -122.604847 45.360508, -122.604756 45.360403, -122.604627 45.360259)"
1,31,"LINESTRING (-122.604587 45.360215, -122.604461 45.360075, -122.604353 45.359965, -122.604262 45.35987, -122.604032 45.359988, -122.603976 45.360022, -122.603923 45.360058, -122.603887 45.360086, -122.603821 45.360144, -122.603618 45.360348, -122.603188 45.360774, -122.603544 45.360954, -122.603688 45.361029, -122.603708 45.361041, -122.603775 45.361084, -122.603666 45.361166, -122.603437 45.361356, -122.603215 45.361555, -122.602993 45.361764, -122.60265 45.362106, -122.602211 45.362539, -122.602123 45.362627, -122.601827 45.362924, -122.601647 45.363115, -122.60148 45.363298, -122.601304 45.363491, -122.601205 45.363623, -122.601138 45.363718, -122.601079 45.36381, -122.601014 45.363927, -122.600971 45.364006, -122.600898 45.364161, -122.600942 45.364307, -122.600893 45.364486, -122.600844 45.364683, -122.600818 45.364813, -122.600795 45.36503, -122.600792 45.365097, -122.600791 45.3652, -122.600794 45.365346, -122.600798 45.365456, -122.600807 45.365575, -122.600826 45.365847, -122.600914 45.366657, -122.60092 45.366746, -122.600839 45.366887, -122.600846 45.366983, -122.600885 45.367385, -122.6009 45.367507, -122.600953 45.368108, -122.600953 45.368343, -122.600984 45.368588, -122.601002 45.368722, -122.601017 45.368837)"
1,31,"LINESTRING (-122.601017 45.368837, -122.601023 45.368885, -122.601049 45.369087, -122.60108 45.369349, -122.601101 45.369559, -122.601202 45.369637, -122.601266 45.370214, -122.601291 45.370505, -122.60135 45.371205, -122.601384 45.371632, -122.601432 45.372158, -122.601456 45.372386, -122.601509 45.372935, -122.6016 45.373827, -122.601631 45.37415, -122.601652 45.374401, -122.601682 45.374729, -122.601717 45.375044, -122.601753 45.375364, -122.601787 45.375553, -122.601809 45.375659, -122.601708 45.375661, -122.601597 45.375682, -122.6007 45.375938, -122.600476 45.376002, -122.600266 45.376062, -122.599935 45.376161, -122.599135 45.376401, -122.598861 45.376492)"
1,31,"LINESTRING (-122.598861 45.376492, -122.598768 45.376523, -122.596996 45.377108)"
1,31,"LINESTRING (-122.596996 45.377108, -122.596892 45.377142, -122.595084 45.377739)"
1,31,"LINESTRING (-122.595084 45.377739, -122.594957 45.37778, -122.594212 45.378026, -122.593455 45.378276)"
1,31,"LINESTRING (-122.593455 45.378276, -122.593296 45.378328, -122.593411 45.378498, -122.593726 45.378971, -122.594161 45.379621, -122.594501 45.38014)"
1,31,"LINESTRING (-122.594501 45.38014, -122.594581 45.380262, -122.594455 45.380299, -122.592936 45.380809, -122.59141 45.381313)"
1,31,"LINESTRING (-122.59141 45.381313, -122.59131 45.381346, -122.590647 45.381565, -122.590213 45.381708, -122.589691 45.38188, -122.588219 45.382365)"
1,31,"LINESTRING (-122.588219 45.382365, -122.588063 45.382417, -122.586443 45.382949, -122.584831 45.383485, -122.583953 45.38377, -122.583789 45.38382, -122.58392 45.384086, -122.584026 45.384303)"
1,31,"LINESTRING (-122.584026 45.384303, -122.584032 45.384314, -122.584078 45.384409, -122.584123 45.3845, -122.58422 45.384692, -122.584362 45.384977, -122.584456 45.385169, -122.584494 45.385244, -122.584797 45.385851, -122.585023 45.386303, -122.585091 45.386439)"
1,31,"LINESTRING (-122.585091 45.386439, -122.585137 45.38653, -122.585305 45.386873, -122.585441 45.387152, -122.585529 45.387331, -122.585636 45.387546, -122.5857 45.387664, -122.58576 45.387745, -122.585855 45.387834, -122.585742 45.387928, -122.58549 45.388184, -122.5854 45.388278)"
1,31,"LINESTRING (-122.5854 45.388278, -122.585158 45.38853, -122.584991 45.388711, -122.584754 45.388951, -122.584516 45.389246, -122.584343 45.389497, -122.584201 45.389731, -122.584148 45.389841, -122.584119 45.389915, -122.584111 45.389947)"
1,31,"LINESTRING (-122.584111 45.389947, -122.584105 45.389973, -122.584096 45.390052, -122.584085 45.39016, -122.584082 45.390372, -122.584083 45.390491, -122.584073 45.39077, -122.584067 45.390854, -122.58405 45.390955, -122.584035 45.39102, -122.583976 45.3912, -122.583945 45.391271)"
1,31,"LINESTRING (-122.583945 45.391271, -122.583922 45.391323, -122.583846 45.391479, -122.583788 45.391581, -122.583756 45.391636, -122.583526 45.392018, -122.583432 45.39219, -122.583386 45.39229, -122.583365 45.392354, -122.583344 45.392461, -122.583341 45.392562, -122.583363 45.392695, -122.583405 45.392823, -122.583439 45.392903, -122.583466 45.392953, -122.583495 45.393013, -122.583581 45.393162, -122.583691 45.393317)"
1,31,"LINESTRING (-122.583691 45.393317, -122.583753 45.393404, -122.583875 45.393566, -122.584598 45.394475, -122.584783 45.394706, -122.585067 45.395061)"
1,31,"LINESTRING (-122.585067 45.395061, -122.585267 45.39531, -122.585331 45.39541, -122.585479 45.395627, -122.58557 45.395834, -122.585619 45.395968, -122.585649 45.396063, -122.585683 45.396261, -122.585702 45.396436, -122.585711 45.396529, -122.585773 45.397104)"
1,31,"LINESTRING (-122.585773 45.397104, -122.585786 45.397221, -122.585865 45.398033, -122.585916 45.398508, -122.585937 45.398716)"
1,31,"LINESTRING (-122.585937 45.398716, -122.585959 45.398935, -122.585976 45.399146, -122.585982 45.399337, -122.585976 45.399547, -122.585965 45.399661, -122.585947 45.399757, -122.585901 45.399914, -122.585552 45.400847)"
1,31,"LINESTRING (-122.585552 45.400847, -122.585497 45.400996, -122.585442 45.401179, -122.585433 45.401227, -122.585416 45.401342, -122.585394 45.40186, -122.585385 45.402097, -122.585376 45.402315, -122.585366 45.402732, -122.585358 45.403048, -122.585352 45.403282, -122.585329 45.40365, -122.585303 45.403954, -122.5853 45.404026, -122.585298 45.404076, -122.585303 45.404172, -122.585314 45.40426, -122.585347 45.404353, -122.585386 45.404426, -122.585446 45.404509, -122.585499 45.404564, -122.585551 45.404608, -122.586262 45.405163, -122.587565 45.406187, -122.587903 45.406456, -122.588244 45.406736)"
1,31,"LINESTRING (-122.588244 45.406736, -122.588286 45.40677, -122.588821 45.40721, -122.58919 45.407523, -122.589311 45.407646, -122.589383 45.407747, -122.589431 45.407815, -122.589463 45.407883, -122.589522 45.408023, -122.589731 45.408646, -122.589824 45.40894, -122.589862 45.409059, -122.589908 45.409208, -122.590033 45.409608, -122.590114 45.409887, -122.590133 45.409962)"
1,31,"LINESTRING (-122.590133 45.409962, -122.590166 45.410086, -122.590303 45.410527, -122.590349 45.410677, -122.59037 45.410734, -122.590387 45.410786, -122.590406 45.410842, -122.590426 45.410902, -122.590497 45.411125)"
1,31,"LINESTRING (-122.590497 45.411125, -122.590499 45.411131, -122.590621 45.411513, -122.590709 45.41178, -122.59107 45.412894)"
1,31,"LINESTRING (-122.59107 45.412894, -122.591071 45.412898, -122.591123 45.413058, -122.591344 45.413748, -122.591461 45.414082, -122.591495 45.414159, -122.591524 45.414215, -122.591568 45.414296, -122.591614 45.414369, -122.591659 45.414433, -122.591707 45.414487, -122.591761 45.414551, -122.591824 45.414608, -122.592313 45.415082, -122.592595 45.415358, -122.592716 45.415477)"
1,31,"LINESTRING (-122.592716 45.415477, -122.592785 45.415544, -122.592808 45.415568, -122.592978 45.415738, -122.593081 45.41586, -122.593154 45.415958, -122.593214 45.416044, -122.593263 45.416134, -122.593119 45.416135, -122.592895 45.416133, -122.592556 45.416129, -122.592389 45.416127, -122.591294 45.416125, -122.589958 45.416114, -122.58964 45.416119)"
1,31,"LINESTRING (-122.58964 45.416119, -122.589431 45.416123, -122.588505 45.416121, -122.587359 45.416117, -122.586178 45.416112, -122.58463 45.416113, -122.58429 45.416112)"
1,31,"LINESTRING (-122.58429 45.416112, -122.583258 45.416109, -122.582214 45.416109, -122.58085 45.416102, -122.580335 45.416101, -122.579352 45.416101)"
1,31,"LINESTRING (-122.579352 45.416101, -122.579252 45.416101, -122.578952 45.416098, -122.578758 45.416101, -122.579134 45.416773, -122.579741 45.417828, -122.579879 45.418069)"
1,31,"LINESTRING (-122.579879 45.418069, -122.579963 45.418215, -122.580288 45.418794, -122.580544 45.419246, -122.580973 45.420004, -122.581296 45.42058, -122.581428 45.420813, -122.581648 45.421201, -122.581772 45.421406)"
1,31,"LINESTRING (-122.581772 45.421406, -122.581912 45.421637, -122.582081 45.421914, -122.582164 45.422058, -122.582211 45.422166, -122.58223 45.422244, -122.582235 45.422293, -122.582232 45.422341, -122.582223 45.422394, -122.582212 45.42247, -122.582179 45.422634, -122.581579 45.422545, -122.580916 45.422461, -122.580426 45.42239, -122.580006 45.422328, -122.579579 45.422266, -122.578527 45.422116, -122.577618 45.422004, -122.57713 45.421938, -122.576785 45.42189, -122.576262 45.421818, -122.575735 45.421746, -122.575623 45.421733, -122.574928 45.421629, -122.574592 45.42157, -122.574391 45.421991, -122.574369 45.422037, -122.574352 45.422081, -122.574341 45.422114, -122.574339 45.422187, -122.574345 45.422267, -122.574373 45.42233, -122.574406 45.422388, -122.574465 45.422455, -122.574506 45.422492, -122.57458 45.422537, -122.574652 45.422573, -122.5747 45.422595, -122.574742 45.422615, -122.57487 45.422654, -122.575014 45.42271, -122.575081 45.42273, -122.575236 45.422755, -122.575422 45.422783, -122.575716 45.422861, -122.575935 45.422938, -122.576105 45.423018, -122.576296 45.423136, -122.576452 45.423247, -122.576578 45.42338, -122.5767 45.423537, -122.576793 45.423701, -122.57705 45.424255, -122.5772 45.424427, -122.577811 45.426107, -122.577931 45.426472, -122.578288 45.427495, -122.578638 45.428509, -122.578792 45.429034, -122.578948 45.429657, -122.579027 45.430053, -122.579139 45.430241, -122.579153 45.430332, -122.579197 45.430657, -122.579203 45.430717)"
1,31,"LINESTRING (-122.579203 45.430717, -122.579216 45.430848, -122.579237 45.431114, -122.579259 45.431437, -122.579267 45.43169, -122.57926 45.432125, -122.579259 45.432197, -122.579254 45.432492, -122.579252 45.432599, -122.57925 45.432691, -122.579236 45.432967)"
1,31,"LINESTRING (-122.579236 45.432967, -122.579235 45.432992, -122.579225 45.433178, -122.579205 45.433596, -122.579203 45.433629, -122.57915 45.434729, -122.579135 45.434996, -122.579127 45.43513, -122.579124 45.435239, -122.57912 45.435331, -122.579109 45.435543, -122.579098 45.435764)"
1,31,"LINESTRING (-122.579098 45.435764, -122.579095 45.43582, -122.579052 45.436707, -122.579044 45.437125, -122.57904 45.4373, -122.579025 45.437687, -122.579017 45.437936, -122.579008 45.438197, -122.579004 45.438278, -122.5787 45.438278, -122.577925 45.438279, -122.577252 45.43828, -122.576351 45.438279, -122.575642 45.438279, -122.575645 45.438135, -122.575662 45.437361, -122.575656 45.437263, -122.575546 45.437261, -122.575444 45.437255, -122.575233 45.437262, -122.575122 45.437277, -122.575012 45.43731, -122.574795 45.437375, -122.574718 45.437398, -122.574635 45.437412, -122.574575 45.437415, -122.574539 45.437416, -122.574347 45.437414, -122.574259 45.437414, -122.57331 45.437402)"
1,31,"LINESTRING (-122.57331 45.437402, -122.57317 45.4374, -122.572993 45.437398, -122.572789 45.437386, -122.572368 45.437284, -122.572174 45.437243, -122.572096 45.437236, -122.571976 45.437225, -122.571863 45.437224, -122.571679 45.437222, -122.571651 45.437221, -122.571433 45.437216, -122.571197 45.437212, -122.570998 45.437206, -122.570785 45.437202, -122.570562 45.437198, -122.570335 45.437193, -122.570119 45.437189, -122.569903 45.437184, -122.569685 45.43718, -122.569469 45.437176, -122.569407 45.437175, -122.569347 45.437162, -122.569296 45.437139, -122.569251 45.437114, -122.569233 45.437081, -122.569226 45.437007, -122.569231 45.43683, -122.569217 45.436637, -122.569201 45.436537, -122.569182 45.436415, -122.569157 45.436264, -122.569129 45.436107, -122.569123 45.43607, -122.569104 45.43595, -122.569051 45.435618, -122.569036 45.435528, -122.568883 45.435508, -122.568653 45.435533, -122.568572 45.435564, -122.568479 45.435568, -122.568167 45.435599)"
1,31,"LINESTRING (-122.568167 45.435599, -122.568142 45.435602, -122.568101 45.435613, -122.56807 45.435626, -122.568073 45.43567, -122.568086 45.435735, -122.56809 45.435757, -122.568136 45.43581, -122.5682 45.436148, -122.568281 45.436575, -122.56838 45.436566, -122.568507 45.436554, -122.568749 45.436532, -122.568667 45.436108, -122.568601 45.435763, -122.56859 45.435689, -122.568589 45.435678)"
0,32,"LINESTRING (-122.640505 45.444891, -122.64036 45.444907, -122.64032 45.44474, -122.640286 45.444596, -122.640203 45.444233, -122.64019 45.444162, -122.640176 45.444089, -122.640029 45.443456, -122.640017 45.443409, -122.639993 45.443307, -122.639863 45.442718)"
0,32,"LINESTRING (-122.639863 45.442718, -122.639841 45.442616, -122.639824 45.442547, -122.639735 45.442202, -122.639698 45.442031, -122.639678 45.441949, -122.639665 45.441891, -122.639634 45.441769, -122.639598 45.441613, -122.639558 45.441462, -122.6395 45.441245, -122.639372 45.440756, -122.63936 45.440696, -122.639324 45.44063, -122.639282 45.440573, -122.639163 45.440498, -122.638284 45.440105, -122.638209 45.440072, -122.637972 45.439971)"
0,32,"LINESTRING (-122.637972 45.439971, -122.637888 45.439935, -122.63736 45.439701, -122.636492 45.439318, -122.636395 45.439276, -122.636064 45.43913, -122.63531 45.438796, -122.634799 45.438574, -122.634728 45.438541, -122.634159 45.438289)"
0,32,"LINESTRING (-122.634159 45.438289, -122.634045 45.438238, -122.633819 45.438139, -122.633198 45.437868, -122.632046 45.43736)"
0,32,"LINESTRING (-122.632046 45.43736, -122.631941 45.437313, -122.631487 45.437112, -122.630798 45.436808, -122.630265 45.436572, -122.629912 45.436402, -122.629575 45.436252, -122.629355 45.436157)"
0,32,"LINESTRING (-122.629355 45.436157, -122.629205 45.436091, -122.629081 45.436038, -122.629118 45.435952, -122.629167 45.435851, -122.629223 45.435744, -122.629281 45.435638, -122.629289 45.435626, -122.629309 45.435589, -122.62937 45.435495, -122.629443 45.435391, -122.629586 45.435193, -122.629805 45.434878)"
0,32,"LINESTRING (-122.629805 45.434878, -122.629892 45.434754, -122.630017 45.434581, -122.630206 45.434348, -122.630335 45.434194, -122.630464 45.434051, -122.630548 45.433959, -122.630637 45.433865, -122.630831 45.433653, -122.630884 45.433589, -122.631018 45.43344, -122.631063 45.433394, -122.631119 45.433334, -122.63119 45.433261, -122.631216 45.433234, -122.631241 45.433202, -122.631253 45.433184, -122.631264 45.433165, -122.63128 45.43313, -122.631288 45.433096, -122.631287 45.433077, -122.631285 45.433056, -122.631281 45.433032, -122.631275 45.433008, -122.631252 45.432973, -122.630945 45.432619, -122.630507 45.432116, -122.630476 45.432081, -122.630405 45.431994, -122.630325 45.431878, -122.630306 45.431841, -122.630296 45.431817, -122.630288 45.43179, -122.63028 45.431756, -122.630278 45.431729, -122.630278 45.431707, -122.63028 45.431679, -122.630288 45.431662, -122.630307 45.431631, -122.630321 45.431618, -122.63035 45.431596, -122.630373 45.431583, -122.630416 45.431569, -122.630453 45.431562, -122.630495 45.431559, -122.630538 45.431559, -122.630589 45.431562, -122.630634 45.431567, -122.630858 45.431597, -122.630925 45.431604, -122.63099 45.431609, -122.63107 45.431612, -122.631146 45.431612, -122.631261 45.431606, -122.631412 45.431596, -122.631673 45.431571)"
0,32,"LINESTRING (-122.631673 45.431571, -122.631776 45.431561, -122.631913 45.431546, -122.632008 45.431531, -122.632169 45.431505, -122.632279 45.431484, -122.63236 45.431464, -122.632464 45.431432, -122.63254 45.431399, -122.632604 45.431363, -122.632655 45.431329, -122.632695 45.4313, -122.632736 45.431254, -122.632769 45.431213, -122.632792 45.431171, -122.63281 45.431133, -122.632826 45.431083, -122.632834 45.431052, -122.632837 45.431011, -122.632838 45.430963, -122.632831 45.430892, -122.632795 45.430579, -122.632769 45.430313, -122.632763 45.430231, -122.632749 45.430152, -122.632711 45.429993, -122.632696 45.42994)"
0,32,"LINESTRING (-122.632696 45.42994, -122.632564 45.429493, -122.632401 45.428983, -122.632223 45.428438, -122.632025 45.427841, -122.632018 45.427811, -122.631996 45.427746)"
0,32,"LINESTRING (-122.631996 45.427746, -122.631589 45.426535, -122.631419 45.426036, -122.631241 45.425516)"
0,32,"LINESTRING (-122.631241 45.425516, -122.631211 45.425426, -122.63093 45.424638, -122.630855 45.424428, -122.630572 45.423637, -122.630258 45.422748, -122.630252 45.422729)"
0,32,"LINESTRING (-122.630252 45.422729, -122.630186 45.422534, -122.630066 45.422196, -122.629704 45.421092, -122.629535 45.420574)"
0,32,"LINESTRING (-122.629535 45.420574, -122.629347 45.42, -122.629163 45.419439, -122.629055 45.419122, -122.628997 45.418956, -122.628952 45.418829, -122.62894 45.418799)"
0,32,"LINESTRING (-122.62894 45.418799, -122.628896 45.418688, -122.628832 45.41853, -122.62878 45.418425, -122.628684 45.418263, -122.628593 45.418127, -122.628514 45.418008, -122.628439 45.417912, -122.628369 45.417825, -122.628299 45.417748, -122.62818 45.417624)"
0,32,"LINESTRING (-122.62818 45.417624, -122.628133 45.417575, -122.628062 45.417507, -122.627982 45.417432, -122.62775 45.417202, -122.627459 45.416913, -122.626812 45.416294, -122.626426 45.415928, -122.626086 45.415617, -122.625414 45.415003)"
0,32,"LINESTRING (-122.625414 45.415003, -122.625361 45.414955, -122.624236 45.41393, -122.624098 45.413804)"
0,32,"LINESTRING (-122.624098 45.413804, -122.623472 45.413232, -122.622662 45.412493, -122.622281 45.41215, -122.622021 45.411915, -122.621748 45.411664, -122.621511 45.411446)"
0,32,"LINESTRING (-122.621511 45.411446, -122.621492 45.411429, -122.621419 45.411363, -122.621355 45.411305, -122.621111 45.411086, -122.620968 45.410958, -122.620814 45.410819, -122.620512 45.410538, -122.619985 45.410057, -122.619633 45.409735, -122.619524 45.409637, -122.619362 45.409494, -122.61929 45.409435, -122.619255 45.409409, -122.6192 45.409366, -122.619102 45.409297)"
0,32,"LINESTRING (-122.619102 45.409297, -122.619094 45.409291, -122.618992 45.409222, -122.618888 45.409153, -122.618773 45.409077, -122.618069 45.408625, -122.617806 45.40845, -122.617518 45.408258)"
0,32,"LINESTRING (-122.617518 45.408258, -122.617486 45.408237, -122.617402 45.408183, -122.61693 45.40786, -122.616838 45.407797, -122.616417 45.407511, -122.616029 45.407251, -122.615918 45.407177)"
0,32,"LINESTRING (-122.615918 45.407177, -122.61585 45.407132, -122.615233 45.406721, -122.614642 45.406308, -122.614608 45.406282)"
0,32,"LINESTRING (-122.614608 45.406282, -122.614177 45.405959, -122.613852 45.405708, -122.613084 45.405123)"
0,32,"LINESTRING (-122.613084 45.405123, -122.612986 45.405049, -122.612 45.404288, -122.611544 45.403937, -122.611429 45.40385, -122.610945 45.403485, -122.610736 45.403327)"
0,32,"LINESTRING (-122.610736 45.403327, -122.610698 45.403298, -122.610655 45.403266, -122.610581 45.403209, -122.610509 45.403155, -122.610151 45.402885, -122.609964 45.402737, -122.6099 45.402695, -122.609782 45.402619, -122.609562 45.402487, -122.609399 45.402393, -122.608968 45.402148, -122.608628 45.40197, -122.608539 45.401921)"
0,32,"LINESTRING (-122.608539 45.401921, -122.608119 45.401688, -122.605881 45.400439)"
0,32,"LINESTRING (-122.605881 45.400439, -122.605792 45.400389, -122.603846 45.399321, -122.603428 45.399083)"
0,32,"LINESTRING (-122.603428 45.399083, -122.603414 45.399075, -122.60322 45.398965, -122.602977 45.398818, -122.602501 45.398528, -122.602075 45.398263, -122.601575 45.397949, -122.601415 45.397843, -122.601205 45.397696, -122.600912 45.397473, -122.600687 45.397303)"
0,32,"LINESTRING (-122.600687 45.397303, -122.60065 45.397274, -122.60053 45.397188, -122.600465 45.397141, -122.600192 45.396936, -122.60016 45.396913, -122.599808 45.39665, -122.599447 45.39636, -122.599238 45.396199, -122.598961 45.395995, -122.598897 45.395951, -122.598784 45.395875, -122.598737 45.395845, -122.598677 45.395811, -122.598546 45.395742, -122.598462 45.395704, -122.598399 45.395677, -122.598289 45.395635, -122.598191 45.395602, -122.598064 45.395559, -122.597917 45.395513, -122.597772 45.395466, -122.597328 45.395328, -122.59701 45.395228, -122.596768 45.395151)"
0,32,"LINESTRING (-122.596768 45.395151, -122.596618 45.395103, -122.596501 45.395065, -122.5964 45.395029, -122.596285 45.394981, -122.596223 45.394951, -122.596159 45.394914, -122.596084 45.394869, -122.595971 45.394787, -122.595716 45.394579, -122.595552 45.394465, -122.595352 45.394342, -122.595104 45.3942, -122.594836 45.394059, -122.594566 45.393936, -122.594447 45.393887, -122.594146 45.393772, -122.593656 45.393586, -122.593519 45.393534)"
0,32,"LINESTRING (-122.593519 45.393534, -122.593357 45.393471, -122.592975 45.393314, -122.592665 45.393175, -122.592363 45.393034, -122.59218 45.392951, -122.592098 45.392913, -122.591983 45.39286, -122.591798 45.392768, -122.591634 45.392682, -122.591473 45.39259, -122.591263 45.392454, -122.591184 45.392399)"
0,32,"LINESTRING (-122.591184 45.392399, -122.591033 45.392295, -122.590954 45.39224, -122.590136 45.391659, -122.589758 45.391384, -122.589498 45.391192, -122.589374 45.391088, -122.589243 45.390979, -122.589158 45.390896, -122.589007 45.390736, -122.588896 45.390615, -122.588623 45.390313, -122.588582 45.390266)"
0,32,"LINESTRING (-122.588582 45.390266, -122.588286 45.389933, -122.588007 45.389617, -122.587773 45.389358, -122.587654 45.38923, -122.587543 45.389111, -122.58728 45.388858, -122.587154 45.388737, -122.587038 45.388631, -122.586963 45.38856, -122.586867 45.388478, -122.586788 45.388414, -122.586693 45.388344, -122.586607 45.388286, -122.586506 45.388227)"
0,32,"LINESTRING (-122.586506 45.388227, -122.586487 45.388216, -122.586246 45.388076, -122.586154 45.388022, -122.586055 45.387961, -122.58598 45.38792, -122.585907 45.387871, -122.585855 45.387834, -122.58576 45.387745, -122.5857 45.387664, -122.585636 45.387546, -122.585529 45.387331, -122.585441 45.387152, -122.585305 45.386873, -122.585137 45.38653, -122.585023 45.386303, -122.584958 45.386172)"
0,32,"LINESTRING (-122.584958 45.386172, -122.584797 45.385851, -122.584494 45.385244, -122.584456 45.385169, -122.584362 45.384977, -122.58422 45.384692, -122.584192 45.384636)"
0,32,"LINESTRING (-122.584192 45.384636, -122.584123 45.3845, -122.584078 45.384409, -122.584032 45.384314, -122.58392 45.384086, -122.583789 45.38382, -122.58374 45.383728, -122.583692 45.383659, -122.583656 45.383613, -122.58361 45.383568, -122.583544 45.383512, -122.583494 45.383477, -122.583442 45.383439, -122.583341 45.38339, -122.58322 45.383341)"
0,32,"LINESTRING (-122.58322 45.383341, -122.583192 45.383332, -122.583143 45.383318, -122.582943 45.38327, -122.583009 45.383143, -122.583053 45.383042, -122.583088 45.382961, -122.583132 45.382839, -122.583172 45.382675, -122.58321 45.382496, -122.583228 45.382385, -122.583245 45.382233, -122.583263 45.382082)"
0,32,"LINESTRING (-122.583263 45.382082, -122.583271 45.38201, -122.583303 45.381726, -122.583317 45.381626, -122.583475 45.381571, -122.585156 45.381013, -122.586643 45.380522)"
0,32,"LINESTRING (-122.586643 45.380522, -122.586786 45.380475, -122.588407 45.37994, -122.589721 45.379507)"
0,32,"LINESTRING (-122.589721 45.379507, -122.590023 45.379407, -122.590117 45.379375, -122.59087 45.379128, -122.591649 45.378874, -122.593146 45.378378)"
0,32,"LINESTRING (-122.593146 45.378378, -122.593296 45.378328, -122.594212 45.378026, -122.594854 45.377814)"
0,32,"LINESTRING (-122.594854 45.377814, -122.594957 45.37778, -122.59674 45.377192)"
0,32,"LINESTRING (-122.59674 45.377192, -122.596892 45.377142, -122.598639 45.376566)"
0,32,"LINESTRING (-122.598639 45.376566, -122.598768 45.376523, -122.599135 45.376401, -122.599935 45.376161, -122.600266 45.376062, -122.600476 45.376002, -122.6007 45.375938, -122.600853 45.375895)"
0,32,"LINESTRING (-122.600853 45.375895, -122.601597 45.375682, -122.601708 45.375661, -122.601809 45.375659, -122.601787 45.375553, -122.601753 45.375364, -122.601717 45.375044, -122.601682 45.374729, -122.601652 45.374401, -122.601631 45.37415, -122.6016 45.373827, -122.601509 45.372935, -122.601456 45.372386, -122.601432 45.372158, -122.601384 45.371632, -122.60135 45.371205, -122.601291 45.370505, -122.601266 45.370214, -122.601202 45.369637, -122.60127 45.369549, -122.601251 45.369344, -122.601228 45.36899, -122.601202 45.368574, -122.601191 45.36845)"
0,32,"LINESTRING (-122.601191 45.36845, -122.60118 45.368332, -122.601181 45.368212, -122.601182 45.368095, -122.601121 45.36749, -122.60106 45.366874, -122.60092 45.366746, -122.600914 45.366657, -122.600826 45.365847, -122.600807 45.365575, -122.600798 45.365456, -122.600794 45.365346, -122.600791 45.3652, -122.600792 45.365097, -122.600795 45.36503, -122.600818 45.364813, -122.600844 45.364683, -122.600893 45.364486, -122.600942 45.364307, -122.601091 45.364194, -122.601138 45.364079, -122.601215 45.363929, -122.601307 45.363759, -122.601409 45.363606, -122.601529 45.363444, -122.601647 45.363294, -122.601823 45.363094, -122.602015 45.362881, -122.602216 45.362673, -122.602311 45.36259, -122.602403 45.36251, -122.602863 45.362055, -122.603265 45.361665, -122.603323 45.361612, -122.603379 45.361561, -122.603516 45.36144, -122.603766 45.361231, -122.603875 45.361148, -122.603974 45.361075, -122.604206 45.360927, -122.604241 45.360836, -122.604399 45.360747, -122.604521 45.360681, -122.604581 45.360648, -122.604847 45.360508, -122.604756 45.360403, -122.604627 45.360259, -122.604461 45.360075)"
0,32,"LINESTRING (-122.604461 45.360075, -122.604432 45.360045, -122.604353 45.359965, -122.604262 45.35987, -122.604032 45.359988, -122.603976 45.360022, -122.603923 45.360058, -122.603887 45.360086, -122.603821 45.360144, -122.603618 45.360348, -122.603188 45.360774, -122.602949 45.361011, -122.602722 45.361235, -122.602428 45.361525, -122.602264 45.36169)"
0,32,"LINESTRING (-122.602264 45.36169, -122.602059 45.361895, -122.601742 45.362207, -122.601681 45.362268, -122.601021 45.362922, -122.600991 45.362952)"
0,32,"LINESTRING (-122.600991 45.362952, -122.60093 45.363016, -122.600468 45.362778, -122.600102 45.362597, -122.599219 45.36216, -122.599282 45.362095, -122.599496 45.361885, -122.599591 45.361792, -122.599721 45.361662)"
0,32,"LINESTRING (-122.599721 45.361662, -122.59997 45.361414, -122.600038 45.361348, -122.600277 45.36111, -122.60072 45.36067, -122.601097 45.360297, -122.601167 45.360227, -122.601363 45.360033)"
0,32,"LINESTRING (-122.601363 45.360033, -122.601419 45.359977, -122.601478 45.35992, -122.601541 45.359859, -122.60178 45.359622, -122.601844 45.359558, -122.602042 45.359362, -122.602225 45.359174, -122.602809 45.358596, -122.603184 45.358219, -122.6032 45.358203)"
0,32,"LINESTRING (-122.6032 45.358203, -122.603563 45.357843, -122.602704 45.357417, -122.60197 45.357047)"
0,32,"LINESTRING (-122.60197 45.357047, -122.601851 45.356988, -122.600984 45.356556, -122.600303 45.356219)"
0,32,"LINESTRING (-122.600303 45.356219, -122.600118 45.356127, -122.599265 45.355697, -122.598489 45.355305)"
0,32,"LINESTRING (-122.598489 45.355305, -122.598393 45.355257, -122.598012 45.355634, -122.59763 45.356012, -122.597056 45.356585, -122.596753 45.356885, -122.59662 45.357016, -122.596487 45.357147, -122.596401 45.357233)"
0,32,"LINESTRING (-122.596401 45.357233, -122.596303 45.35733, -122.595929 45.357705, -122.595551 45.35808, -122.595168 45.358459, -122.594795 45.358827, -122.594094 45.359524)"
0,32,"LINESTRING (-122.594094 45.359524, -122.594046 45.359573, -122.593679 45.359944, -122.5935 45.360119, -122.593295 45.360321, -122.592857 45.360098, -122.592443 45.359889, -122.591643 45.359487)"
0,32,"LINESTRING (-122.591643 45.359487, -122.591554 45.359442, -122.590806 45.359069, -122.590137 45.358733)"
0,32,"LINESTRING (-122.590137 45.358733, -122.590072 45.3587, -122.58935 45.358341, -122.588431 45.357876, -122.58835 45.357874, -122.588355 45.357586, -122.588359 45.357302, -122.588365 45.35697, -122.58837 45.356677, -122.588374 45.356399)"
0,32,"LINESTRING (-122.588374 45.356399, -122.588378 45.356111, -122.588389 45.35569, -122.58839 45.355417, -122.588392 45.35529, -122.588395 45.355056, -122.5884 45.354657)"
0,32,"LINESTRING (-122.5884 45.354657, -122.588401 45.354572, -122.588411 45.354116, -122.588424 45.353356, -122.588429 45.35298)"
0,32,"LINESTRING (-122.588429 45.35298, -122.588429 45.352967, -122.58843 45.352935, -122.588434 45.35286, -122.588443 45.352777, -122.588448 45.352748, -122.588458 45.352722, -122.588468 45.352695, -122.588478 45.352671, -122.588489 45.352651, -122.58851 45.352621, -122.588537 45.352589, -122.58857 45.352558, -122.58861 45.352527, -122.58865 45.352501, -122.588703 45.35247, -122.588781 45.352426, -122.589049 45.352303, -122.590211 45.351765, -122.590341 45.351708, -122.590421 45.351682, -122.590485 45.351668, -122.590552 45.35166, -122.590615 45.351655, -122.590727 45.351652, -122.591162 45.351658, -122.591274 45.35166, -122.591749 45.351664)"
0,32,"LINESTRING (-122.591749 45.351664, -122.592936 45.351674, -122.593995 45.351682, -122.594226 45.351684, -122.594808 45.351689)"
0,32,"LINESTRING (-122.594808 45.351689, -122.594831 45.351689, -122.595234 45.351692, -122.595646 45.351695, -122.595702 45.3517, -122.59573 45.351703, -122.595754 45.351709, -122.595818 45.351727, -122.595947 45.351785, -122.59624 45.351937)"
0,32,"LINESTRING (-122.59624 45.351937, -122.596382 45.35201, -122.596456 45.352055, -122.59649 45.35204, -122.596539 45.352027, -122.596602 45.352016, -122.59671 45.352002, -122.596708 45.351971, -122.596706 45.351929, -122.596707 45.351699, -122.596743 45.351634, -122.596747 45.351271, -122.596699 45.351228, -122.596696 45.351136, -122.596695 45.350937, -122.596696 45.350879, -122.596692 45.350782)"
0,32,"LINESTRING (-122.596692 45.350782, -122.596682 45.350566, -122.596733 45.350496, -122.596733 45.350478, -122.596727 45.350202, -122.596722 45.34998, -122.596675 45.349905, -122.596669 45.349562, -122.59666 45.34915)"
0,32,"LINESTRING (-122.59666 45.34915, -122.596657 45.349036, -122.596654 45.348958, -122.59665 45.348874, -122.596648 45.348272, -122.596641 45.347745, -122.596643 45.347167, -122.596644 45.346999, -122.596643 45.346764)"
0,32,"LINESTRING (-122.596643 45.346764, -122.596637 45.345519, -122.596684 45.345451, -122.596689 45.344852, -122.596638 45.344793, -122.596638 45.344759, -122.596636 45.344629, -122.596635 45.344589, -122.596607 45.344452, -122.59657 45.344374, -122.596439 45.344187, -122.596325 45.344037)"
0,32,"LINESTRING (-122.596325 45.344037, -122.59624 45.343926, -122.595995 45.343601, -122.595917 45.343504, -122.59541 45.342833, -122.595342 45.342744, -122.595258 45.342635, -122.594911 45.342174)"
0,32,"LINESTRING (-122.594911 45.342174, -122.594698 45.341891, -122.594189 45.341224, -122.59355 45.34039, -122.593265 45.340013)"
0,32,"LINESTRING (-122.593265 45.340013, -122.593181 45.339902, -122.593003 45.339672, -122.592681 45.339239, -122.592433 45.338922, -122.592378 45.338848)"
0,32,"LINESTRING (-122.592378 45.338848, -122.592143 45.338533, -122.591984 45.338324, -122.591826 45.338117, -122.591459 45.337628, -122.591409 45.33756, -122.591139 45.337204, -122.590857 45.336832, -122.590789 45.336747, -122.590719 45.336662, -122.590492 45.336357, -122.590354 45.336173, -122.590324 45.336133, -122.590276 45.336068)"
0,32,"LINESTRING (-122.590276 45.336068, -122.590156 45.335906, -122.590093 45.33582, -122.589772 45.335409, -122.589706 45.33533, -122.589643 45.335254, -122.589355 45.334901, -122.589248 45.334769, -122.588926 45.33437, -122.588592 45.333969, -122.588473 45.333834, -122.588276 45.333875, -122.587938 45.33394, -122.587835 45.333956, -122.587718 45.333973, -122.587627 45.33398, -122.587542 45.333983, -122.58745 45.333985, -122.587363 45.333983, -122.587261 45.333977, -122.587125 45.33396, -122.587057 45.333945, -122.586869 45.333893, -122.586803 45.333871, -122.586756 45.333855, -122.586633 45.333806, -122.586282 45.333668, -122.58577 45.333466, -122.585612 45.333413, -122.585444 45.333363, -122.585267 45.333321, -122.585136 45.333293, -122.584951 45.333259)"
0,32,"LINESTRING (-122.584951 45.333259, -122.58495 45.333259, -122.584829 45.333238, -122.584723 45.333222, -122.584625 45.333163, -122.584193 45.333112, -122.583788 45.333065, -122.583448 45.333026, -122.583261 45.333007, -122.58311 45.333037, -122.582654 45.332986, -122.582506 45.332971, -122.58237 45.332956, -122.582096 45.332925)"
0,32,"LINESTRING (-122.582096 45.332925, -122.581748 45.332885, -122.581077 45.332809, -122.58059 45.332753, -122.580435 45.332736, -122.58022 45.332711, -122.580111 45.332649, -122.579755 45.332609, -122.579623 45.332642, -122.579246 45.332595, -122.579099 45.332578, -122.578967 45.332507, -122.578656 45.332463)"
0,32,"LINESTRING (-122.578656 45.332463, -122.578561 45.33245, -122.57818 45.332391, -122.577317 45.332242, -122.576973 45.332186, -122.575916 45.332017)"
0,32,"LINESTRING (-122.575916 45.332017, -122.575431 45.331939, -122.575128 45.331885, -122.574851 45.331841, -122.574512 45.331783, -122.574363 45.331756, -122.574028 45.331691, -122.573692 45.331611, -122.573506 45.331562, -122.573353 45.33152, -122.573116 45.331449, -122.572805 45.331342, -122.572527 45.331237, -122.57236 45.331167)"
0,32,"LINESTRING (-122.57236 45.331167, -122.572214 45.331105, -122.572008 45.331073, -122.571847 45.330997, -122.571717 45.33093, -122.571574 45.330854, -122.571454 45.33079, -122.571326 45.330713, -122.571084 45.330562, -122.57096 45.330481, -122.570648 45.330256, -122.570408 45.330068, -122.570155 45.329864, -122.569643 45.329443, -122.568559 45.328545, -122.568349 45.328371, -122.568006 45.328088, -122.567571 45.327731, -122.566807 45.327115, -122.566571 45.326921, -122.56645 45.326824, -122.566348 45.326742, -122.565781 45.326273, -122.565266 45.325839, -122.564201 45.324961, -122.562935 45.32392, -122.5611 45.322405, -122.560983 45.322307, -122.560694 45.322059, -122.560321 45.321746, -122.560082 45.321547, -122.559853 45.321353, -122.559386 45.320955, -122.558362 45.320106, -122.558049 45.319845, -122.557955 45.31977, -122.558086 45.319689, -122.558531 45.319414, -122.558797 45.319247, -122.55901 45.319109, -122.559166 45.319024, -122.559248 45.318984, -122.559331 45.318949, -122.559385 45.31893, -122.559488 45.318895, -122.55959 45.318869, -122.559668 45.318851, -122.559748 45.318834, -122.559837 45.318822, -122.559918 45.318813, -122.560018 45.318806, -122.560206 45.318801, -122.560314 45.3188, -122.56042 45.3188, -122.560736 45.318798)"
0,32,"LINESTRING (-122.560736 45.318798, -122.561453 45.318795, -122.561475 45.3188, -122.561558 45.318826, -122.563271 45.318825, -122.565307 45.318825, -122.566702 45.318824, -122.566799 45.318795, -122.567205 45.318794)"
0,32,"LINESTRING (-122.567205 45.318794, -122.567487 45.318793, -122.567779 45.318794, -122.568015 45.318807, -122.568262 45.318855, -122.568494 45.31893, -122.568631 45.318977, -122.568751 45.319017, -122.568986 45.319072, -122.569196 45.319113, -122.569306 45.319122, -122.569409 45.319124, -122.569599 45.319128, -122.569876 45.319145, -122.570193 45.319162, -122.570782 45.319274, -122.571406 45.319452, -122.571919 45.319655, -122.572513 45.319912, -122.573076 45.320158, -122.573734 45.320447, -122.573991 45.320518, -122.57394 45.320626, -122.573928 45.32071, -122.573947 45.320805, -122.574006 45.32091, -122.574215 45.321185, -122.574364 45.32114, -122.574518 45.321093, -122.574636 45.321062, -122.574739 45.321034, -122.574794 45.321019, -122.574893 45.321, -122.574983 45.320988, -122.575089 45.32098, -122.575224 45.320977, -122.575365 45.320981, -122.575498 45.320994, -122.575639 45.321016, -122.575783 45.321049, -122.575863 45.321071, -122.576 45.321124, -122.5761 45.321165, -122.575987 45.321275, -122.575829 45.321352, -122.575248 45.321977)"
1,32,"LINESTRING (-122.575248 45.321977, -122.575052 45.322187, -122.575165 45.322264, -122.575229 45.322301, -122.575295 45.322338, -122.575369 45.322375, -122.575481 45.322426, -122.575611 45.32247, -122.575736 45.322504, -122.575879 45.322531, -122.575963 45.322543, -122.576061 45.322552, -122.576129 45.322555, -122.576265 45.322558, -122.576424 45.322555, -122.5768 45.322547, -122.5768 45.322421, -122.576794 45.322347, -122.576787 45.322161, -122.576781 45.322053, -122.576773 45.321973, -122.576764 45.321926, -122.576754 45.321876, -122.576728 45.321804, -122.576684 45.321697, -122.576641 45.321624, -122.576575 45.321529, -122.576488 45.321437, -122.576398 45.321355, -122.576334 45.321303, -122.576245 45.321243, -122.5761 45.321165, -122.576 45.321124, -122.575863 45.321071, -122.575783 45.321049, -122.575639 45.321016, -122.575498 45.320994, -122.575365 45.320981, -122.575224 45.320977, -122.575089 45.32098, -122.574983 45.320988, -122.574893 45.321, -122.574794 45.321019, -122.574739 45.321034, -122.574636 45.321062, -122.574518 45.321093, -122.574364 45.32114, -122.574215 45.321185, -122.574006 45.32091, -122.573947 45.320805, -122.573928 45.32071, -122.57394 45.320626, -122.573991 45.320518, -122.573734 45.320447, -122.573076 45.320158, -122.572513 45.319912, -122.571919 45.319655, -122.571406 45.319452, -122.570782 45.319274, -122.570193 45.319162, -122.569876 45.319145, -122.569599 45.319128, -122.569409 45.319124, -122.569306 45.319122, -122.569196 45.319113, -122.568986 45.319072, -122.568751 45.319017, -122.568631 45.318977, -122.568494 45.31893, -122.568262 45.318855, -122.568015 45.318807, -122.567779 45.318794, -122.567487 45.318793, -122.567028 45.318795)"
1,32,"LINESTRING (-122.567028 45.318795, -122.566799 45.318795, -122.566702 45.318764, -122.561557 45.318764, -122.561475 45.3188, -122.561453 45.318795, -122.56042 45.3188, -122.560314 45.3188, -122.560206 45.318801, -122.560064 45.318805)"
1,32,"LINESTRING (-122.560064 45.318805, -122.560018 45.318806, -122.559918 45.318813, -122.559837 45.318822, -122.559748 45.318834, -122.559668 45.318851, -122.55959 45.318869, -122.559488 45.318895, -122.559385 45.31893, -122.559331 45.318949, -122.559248 45.318984, -122.559166 45.319024, -122.55901 45.319109, -122.558797 45.319247, -122.558531 45.319414, -122.558086 45.319689, -122.557955 45.31977, -122.558049 45.319845, -122.558362 45.320106, -122.559386 45.320955, -122.559853 45.321353, -122.560082 45.321547, -122.560321 45.321746, -122.560694 45.322059, -122.560983 45.322307, -122.5611 45.322405, -122.562935 45.32392, -122.564201 45.324961, -122.565266 45.325839, -122.565781 45.326273, -122.566348 45.326742, -122.56645 45.326824, -122.566571 45.326921, -122.566807 45.327115, -122.567571 45.327731, -122.568006 45.328088, -122.568349 45.328371, -122.568559 45.328545, -122.569643 45.329443, -122.570155 45.329864, -122.570408 45.330068, -122.570648 45.330256, -122.57096 45.330481, -122.571084 45.330562, -122.571326 45.330713, -122.571454 45.33079, -122.571574 45.330854, -122.571717 45.33093, -122.571847 45.330997, -122.572008 45.331073, -122.572122 45.331195, -122.572339 45.331293)"
1,32,"LINESTRING (-122.572339 45.331293, -122.572378 45.331311, -122.572612 45.33141, -122.572859 45.331503, -122.573041 45.331568, -122.573215 45.331626, -122.573369 45.331671, -122.573548 45.331721, -122.573742 45.331773, -122.573985 45.331827, -122.574251 45.331877, -122.57478 45.331973, -122.57497 45.332004, -122.575119 45.332027, -122.575333 45.332062, -122.575577 45.332101, -122.576676 45.332281)"
1,32,"LINESTRING (-122.576676 45.332281, -122.576849 45.332309, -122.577426 45.3324, -122.577974 45.332485, -122.57846 45.33255, -122.578716 45.332583)"
1,32,"LINESTRING (-122.578716 45.332583, -122.578938 45.332612, -122.579099 45.332578, -122.579246 45.332595, -122.579623 45.332642, -122.57974 45.332706, -122.580085 45.332745, -122.58022 45.332711, -122.580435 45.332736, -122.58059 45.332753, -122.581077 45.332809, -122.581748 45.332885, -122.58237 45.332956, -122.582506 45.332971, -122.582654 45.332986, -122.58311 45.333037, -122.583208 45.333083)"
1,32,"LINESTRING (-122.583208 45.333083, -122.583255 45.333106, -122.58352 45.333135, -122.583786 45.333165, -122.584598 45.333257, -122.584723 45.333222, -122.584829 45.333238, -122.58495 45.333259, -122.585136 45.333293, -122.585267 45.333321, -122.585444 45.333363, -122.585612 45.333413, -122.58577 45.333466, -122.586282 45.333668, -122.586615 45.333799)"
1,32,"LINESTRING (-122.586615 45.333799, -122.586633 45.333806, -122.586756 45.333855, -122.586803 45.333871, -122.586869 45.333893, -122.587057 45.333945, -122.587125 45.33396, -122.587261 45.333977, -122.587363 45.333983, -122.58745 45.333985, -122.587542 45.333983, -122.587627 45.33398, -122.587718 45.333973, -122.587806 45.334188, -122.587827 45.334228, -122.587844 45.334254, -122.587864 45.334279, -122.587883 45.334298, -122.587918 45.334321, -122.587956 45.33434, -122.588599 45.334581, -122.588687 45.334627, -122.589 45.334749, -122.589105 45.334792, -122.589355 45.334901, -122.589596 45.335197)"
1,32,"LINESTRING (-122.589596 45.335197, -122.589643 45.335254, -122.589706 45.33533, -122.589772 45.335409, -122.590093 45.33582, -122.590156 45.335906, -122.590324 45.336133, -122.590354 45.336173, -122.590492 45.336357, -122.590719 45.336662, -122.590789 45.336747, -122.590857 45.336832, -122.591015 45.33704)"
1,32,"LINESTRING (-122.591015 45.33704, -122.591139 45.337204, -122.591409 45.33756, -122.591459 45.337628, -122.591826 45.338117, -122.591984 45.338324, -122.592143 45.338533, -122.592386 45.338858)"
1,32,"LINESTRING (-122.592386 45.338858, -122.592433 45.338922, -122.592681 45.339239, -122.593003 45.339672, -122.593181 45.339902, -122.59355 45.34039, -122.593842 45.340772)"
1,32,"LINESTRING (-122.593842 45.340772, -122.594189 45.341224, -122.594698 45.341891, -122.595196 45.342553)"
1,32,"LINESTRING (-122.595196 45.342553, -122.595258 45.342635, -122.595342 45.342744, -122.59541 45.342833, -122.595917 45.343504, -122.595995 45.343601, -122.596156 45.343814)"
1,32,"LINESTRING (-122.596156 45.343814, -122.59624 45.343926, -122.596439 45.344187, -122.59657 45.344374, -122.596607 45.344452, -122.596635 45.344589, -122.596636 45.344629, -122.596638 45.344759, -122.596638 45.344793, -122.596592 45.344855, -122.596592 45.345448, -122.596637 45.345519, -122.596643 45.346737)"
1,32,"LINESTRING (-122.596643 45.346737, -122.596644 45.346999, -122.596643 45.347167, -122.596641 45.347745, -122.596648 45.348272, -122.59665 45.348734)"
1,32,"LINESTRING (-122.59665 45.348734, -122.59665 45.348874, -122.596654 45.348958, -122.596657 45.349036, -122.596669 45.349562, -122.596675 45.349905, -122.596627 45.349991, -122.596633 45.350243, -122.59664 45.350495, -122.596682 45.350566, -122.596689 45.350729)"
1,32,"LINESTRING (-122.596689 45.350729, -122.596696 45.350879, -122.596695 45.350937, -122.596696 45.351136, -122.596699 45.351228, -122.596657 45.351273, -122.596662 45.351632, -122.596707 45.351699, -122.596034 45.351692, -122.595967 45.351699, -122.595911 45.351711, -122.595818 45.351727, -122.595754 45.351709, -122.59573 45.351703, -122.595702 45.3517, -122.595646 45.351695, -122.595234 45.351692, -122.59496 45.35169, -122.594831 45.351689, -122.594257 45.351684)"
1,32,"LINESTRING (-122.594257 45.351684, -122.594226 45.351684, -122.593995 45.351682, -122.592936 45.351674, -122.591274 45.35166, -122.591213 45.351659)"
1,32,"LINESTRING (-122.591213 45.351659, -122.591162 45.351658, -122.590727 45.351652, -122.590615 45.351655, -122.590552 45.35166, -122.590485 45.351668, -122.590421 45.351682, -122.590341 45.351708, -122.590211 45.351765, -122.589049 45.352303, -122.588781 45.352426, -122.588703 45.35247, -122.58865 45.352501, -122.58861 45.352527, -122.58857 45.352558, -122.588537 45.352589, -122.58851 45.352621, -122.588489 45.352651, -122.588478 45.352671, -122.588468 45.352695, -122.588458 45.352722, -122.588449 45.352746, -122.588448 45.352748)"
1,32,"LINESTRING (-122.588448 45.352748, -122.588443 45.352777, -122.588434 45.35286, -122.58843 45.352935, -122.588429 45.352967, -122.588424 45.353356, -122.588411 45.354116, -122.588403 45.354522)"
1,32,"LINESTRING (-122.588403 45.354522, -122.588401 45.354572, -122.588395 45.355056, -122.588392 45.35529, -122.58839 45.355417, -122.588389 45.35569, -122.588378 45.356111, -122.588377 45.356196)"
1,32,"LINESTRING (-122.588377 45.356196, -122.58837 45.356677, -122.588365 45.35697, -122.588359 45.357302, -122.588355 45.357586, -122.58835 45.357874, -122.588431 45.357876, -122.58935 45.358341, -122.590011 45.358669)"
1,32,"LINESTRING (-122.590011 45.358669, -122.590072 45.3587, -122.590806 45.359069, -122.591503 45.359417)"
1,32,"LINESTRING (-122.591503 45.359417, -122.591554 45.359442, -122.592443 45.359889, -122.592857 45.360098, -122.593214 45.36028)"
1,32,"LINESTRING (-122.593214 45.36028, -122.593295 45.360321, -122.593679 45.359944, -122.593991 45.359627)"
1,32,"LINESTRING (-122.593991 45.359627, -122.594046 45.359573, -122.594795 45.358827, -122.595168 45.358459, -122.595551 45.35808, -122.595929 45.357705, -122.59621 45.357424)"
1,32,"LINESTRING (-122.59621 45.357424, -122.596303 45.35733, -122.596487 45.357147, -122.59662 45.357016, -122.596753 45.356885, -122.597056 45.356585, -122.59763 45.356012, -122.598012 45.355634, -122.59831 45.355339)"
1,32,"LINESTRING (-122.59831 45.355339, -122.598393 45.355257, -122.599265 45.355697, -122.600001 45.356068)"
1,32,"LINESTRING (-122.600001 45.356068, -122.600118 45.356127, -122.600984 45.356556, -122.601752 45.356938)"
1,32,"LINESTRING (-122.601752 45.356938, -122.601851 45.356988, -122.602704 45.357417, -122.603454 45.357789)"
1,32,"LINESTRING (-122.603454 45.357789, -122.603563 45.357843, -122.603184 45.358219, -122.602809 45.358596, -122.602225 45.359174, -122.602042 45.359362, -122.601844 45.359558, -122.60178 45.359622, -122.601541 45.359859, -122.601478 45.35992, -122.602321 45.360334, -122.602746 45.36055, -122.603188 45.360774, -122.603618 45.360348, -122.603821 45.360144, -122.603887 45.360086, -122.603923 45.360058, -122.603976 45.360022, -122.604032 45.359988, -122.604262 45.35987, -122.604353 45.359965, -122.604461 45.360075)"
1,32,"LINESTRING (-122.604461 45.360075, -122.604485 45.360102, -122.604627 45.360259, -122.604756 45.360403, -122.604847 45.360508, -122.604581 45.360648, -122.604521 45.360681, -122.604399 45.360747, -122.604241 45.360836, -122.604104 45.360861, -122.603882 45.361011, -122.603775 45.361084, -122.603666 45.361166, -122.603437 45.361356, -122.603215 45.361555, -122.602993 45.361764, -122.60265 45.362106, -122.602211 45.362539, -122.602123 45.362627, -122.601827 45.362924, -122.601647 45.363115, -122.60148 45.363298, -122.601304 45.363491, -122.601205 45.363623, -122.601138 45.363718, -122.601079 45.36381, -122.601014 45.363927, -122.600971 45.364006, -122.600898 45.364161, -122.600942 45.364307, -122.600893 45.364486, -122.600844 45.364683, -122.600818 45.364813, -122.600795 45.36503, -122.600792 45.365097, -122.600791 45.3652, -122.600794 45.365346, -122.600798 45.365456, -122.600807 45.365575, -122.600826 45.365847, -122.600914 45.366657, -122.60092 45.366746, -122.600839 45.366887, -122.600846 45.366983, -122.600885 45.367385, -122.6009 45.367507, -122.600953 45.368108, -122.600953 45.368343, -122.600984 45.368588, -122.601002 45.368722, -122.601017 45.368837)"
1,32,"LINESTRING (-122.601017 45.368837, -122.601023 45.368885, -122.601049 45.369087, -122.60108 45.369349, -122.601101 45.369559, -122.601202 45.369637, -122.601266 45.370214, -122.601291 45.370505, -122.60135 45.371205, -122.601384 45.371632, -122.601432 45.372158, -122.601456 45.372386, -122.601509 45.372935, -122.6016 45.373827, -122.601631 45.37415, -122.601652 45.374401, -122.601682 45.374729, -122.601717 45.375044, -122.601753 45.375364, -122.601787 45.375553, -122.601809 45.375659, -122.601708 45.375661, -122.601597 45.375682, -122.6007 45.375938, -122.600476 45.376002, -122.600266 45.376062, -122.599935 45.376161, -122.599135 45.376401, -122.598861 45.376492)"
1,32,"LINESTRING (-122.598861 45.376492, -122.598768 45.376523, -122.596996 45.377108)"
1,32,"LINESTRING (-122.596996 45.377108, -122.596892 45.377142, -122.595084 45.377739)"
1,32,"LINESTRING (-122.595084 45.377739, -122.594957 45.37778, -122.594212 45.378026, -122.593455 45.378276)"
1,32,"LINESTRING (-122.593455 45.378276, -122.593296 45.378328, -122.591649 45.378874, -122.59087 45.379128, -122.590121 45.379374, -122.590117 45.379375)"
1,32,"LINESTRING (-122.590117 45.379375, -122.590023 45.379407, -122.588407 45.37994, -122.586885 45.380442)"
1,32,"LINESTRING (-122.586885 45.380442, -122.586786 45.380475, -122.585156 45.381013, -122.583847 45.381448)"
1,32,"LINESTRING (-122.583847 45.381448, -122.583475 45.381571, -122.583317 45.381626, -122.583303 45.381726, -122.583271 45.38201, -122.583245 45.382233, -122.583228 45.382385, -122.58321 45.382496, -122.583172 45.382675, -122.583132 45.382839, -122.583088 45.382961, -122.583053 45.383042, -122.583009 45.383143, -122.582943 45.38327, -122.583143 45.383318, -122.58322 45.383341, -122.583341 45.38339, -122.583442 45.383439, -122.583494 45.383477, -122.583544 45.383512, -122.58361 45.383568, -122.583656 45.383613, -122.583692 45.383659, -122.58374 45.383728, -122.583789 45.38382, -122.58392 45.384086, -122.584026 45.384303)"
1,32,"LINESTRING (-122.584026 45.384303, -122.584032 45.384314, -122.584078 45.384409, -122.584123 45.3845, -122.58422 45.384692, -122.584362 45.384977, -122.584456 45.385169, -122.584494 45.385244, -122.584797 45.385851, -122.585023 45.386303, -122.585091 45.386439)"
1,32,"LINESTRING (-122.585091 45.386439, -122.585137 45.38653, -122.585305 45.386873, -122.585441 45.387152, -122.585529 45.387331, -122.585636 45.387546, -122.5857 45.387664, -122.58576 45.387745, -122.585855 45.387834, -122.585907 45.387871, -122.58598 45.38792, -122.586055 45.387961, -122.586154 45.388022, -122.586246 45.388076, -122.586304 45.38811)"
1,32,"LINESTRING (-122.586304 45.38811, -122.586487 45.388216, -122.586607 45.388286, -122.586693 45.388344, -122.586788 45.388414, -122.586867 45.388478, -122.586963 45.38856, -122.587038 45.388631, -122.587154 45.388737, -122.58728 45.388858, -122.587543 45.389111, -122.587654 45.38923, -122.587773 45.389358, -122.588007 45.389617, -122.588286 45.389933, -122.588516 45.390191)"
1,32,"LINESTRING (-122.588516 45.390191, -122.588623 45.390313, -122.588896 45.390615, -122.589007 45.390736, -122.589158 45.390896, -122.589243 45.390979, -122.589374 45.391088, -122.589498 45.391192, -122.589758 45.391384, -122.590136 45.391659, -122.590848 45.392165)"
1,32,"LINESTRING (-122.590848 45.392165, -122.590954 45.39224, -122.591033 45.392295, -122.591263 45.392454, -122.591473 45.39259, -122.591634 45.392682, -122.591798 45.392768, -122.591983 45.39286, -122.592098 45.392913, -122.59218 45.392951, -122.592363 45.393034, -122.592665 45.393175, -122.592975 45.393314, -122.593357 45.393471, -122.593656 45.393586, -122.594146 45.393772, -122.594308 45.393834)"
1,32,"LINESTRING (-122.594308 45.393834, -122.594447 45.393887, -122.594566 45.393936, -122.594836 45.394059, -122.595104 45.3942, -122.595352 45.394342, -122.595552 45.394465, -122.595716 45.394579, -122.595971 45.394787, -122.596084 45.394869, -122.596159 45.394914, -122.596223 45.394951)"
1,32,"LINESTRING (-122.596223 45.394951, -122.59625 45.394964, -122.596285 45.394981, -122.5964 45.395029, -122.596501 45.395065, -122.596618 45.395103, -122.59701 45.395228, -122.597328 45.395328, -122.597772 45.395466, -122.597917 45.395513, -122.598064 45.395559, -122.598191 45.395602, -122.598289 45.395635, -122.598399 45.395677, -122.598462 45.395704, -122.598546 45.395742, -122.598677 45.395811, -122.598737 45.395845, -122.598784 45.395875, -122.598897 45.395951, -122.598961 45.395995, -122.599238 45.396199, -122.599447 45.39636, -122.599808 45.39665, -122.60016 45.396913, -122.600192 45.396936, -122.600427 45.397113)"
1,32,"LINESTRING (-122.600427 45.397113, -122.600465 45.397141, -122.60053 45.397188, -122.60065 45.397274, -122.600912 45.397473, -122.601205 45.397696, -122.601415 45.397843, -122.601575 45.397949, -122.602075 45.398263, -122.602501 45.398528, -122.602977 45.398818, -122.60322 45.398965, -122.603384 45.399058)"
1,32,"LINESTRING (-122.603384 45.399058, -122.603428 45.399083, -122.603846 45.399321, -122.605792 45.400389, -122.605897 45.400448)"
1,32,"LINESTRING (-122.605897 45.400448, -122.608119 45.401688, -122.60841 45.401849)"
1,32,"LINESTRING (-122.60841 45.401849, -122.608628 45.40197, -122.608968 45.402148, -122.609399 45.402393, -122.609562 45.402487, -122.609782 45.402619, -122.6099 45.402695, -122.609964 45.402737, -122.610151 45.402885, -122.610509 45.403155, -122.610581 45.403209, -122.610655 45.403266, -122.610736 45.403327, -122.610905 45.403455)"
1,32,"LINESTRING (-122.610905 45.403455, -122.610945 45.403485, -122.611429 45.40385, -122.611544 45.403937, -122.612 45.404288, -122.612986 45.405049, -122.613078 45.405119)"
1,32,"LINESTRING (-122.613078 45.405119, -122.613852 45.405708, -122.614177 45.405959, -122.614538 45.40623)"
1,32,"LINESTRING (-122.614538 45.40623, -122.614642 45.406308, -122.615233 45.406721, -122.615788 45.407091)"
1,32,"LINESTRING (-122.615788 45.407091, -122.61585 45.407132, -122.616029 45.407251, -122.616417 45.407511, -122.616838 45.407797, -122.61693 45.40786, -122.617277 45.408098)"
1,32,"LINESTRING (-122.617277 45.408098, -122.617402 45.408183, -122.617486 45.408237, -122.617806 45.40845, -122.618069 45.408625, -122.618773 45.409077, -122.618888 45.409153, -122.618992 45.409222, -122.619102 45.409297, -122.619166 45.409342)"
1,32,"LINESTRING (-122.619166 45.409342, -122.6192 45.409366, -122.619255 45.409409, -122.61929 45.409435, -122.619362 45.409494, -122.619524 45.409637, -122.619633 45.409735, -122.619985 45.410057, -122.620512 45.410538, -122.620814 45.410819, -122.620968 45.410958, -122.621111 45.411086, -122.621276 45.411234)"
1,32,"LINESTRING (-122.621276 45.411234, -122.621355 45.411305, -122.621419 45.411363, -122.621492 45.411429, -122.621748 45.411664, -122.622021 45.411915, -122.622281 45.41215, -122.622662 45.412493, -122.623472 45.413232, -122.62418 45.413879)"
1,32,"LINESTRING (-122.62418 45.413879, -122.624236 45.41393, -122.625361 45.414955, -122.625562 45.415138)"
1,32,"LINESTRING (-122.625562 45.415138, -122.626086 45.415617, -122.626426 45.415928, -122.626812 45.416294, -122.627459 45.416913, -122.62775 45.417202, -122.627954 45.417404)"
1,32,"LINESTRING (-122.627954 45.417404, -122.627982 45.417432, -122.628062 45.417507, -122.628133 45.417575, -122.628299 45.417748, -122.628369 45.417825, -122.628439 45.417912, -122.628514 45.418008, -122.628593 45.418127, -122.628684 45.418263, -122.62878 45.418425, -122.628832 45.41853, -122.628896 45.418688, -122.628952 45.418829, -122.628997 45.418956, -122.629055 45.419122, -122.629096 45.419241)"
1,32,"LINESTRING (-122.629096 45.419241, -122.629163 45.419439, -122.629347 45.42, -122.629704 45.421092, -122.629767 45.421284)"
1,32,"LINESTRING (-122.629767 45.421284, -122.630066 45.422196, -122.630186 45.422534, -122.630258 45.422748, -122.630337 45.42297)"
1,32,"LINESTRING (-122.630337 45.42297, -122.630572 45.423637, -122.630855 45.424428, -122.63093 45.424638, -122.631211 45.425426, -122.631302 45.425692)"
1,32,"LINESTRING (-122.631302 45.425692, -122.631419 45.426036, -122.631589 45.426535, -122.632018 45.427811, -122.632025 45.427841)"
1,32,"LINESTRING (-122.632025 45.427841, -122.632026 45.427843, -122.632223 45.428438, -122.632401 45.428983, -122.632564 45.429493, -122.632711 45.429993, -122.632737 45.430102)"
1,32,"LINESTRING (-122.632737 45.430102, -122.632749 45.430152, -122.632763 45.430231, -122.632769 45.430313, -122.632795 45.430579, -122.632831 45.430892, -122.632838 45.430963, -122.632837 45.431011, -122.632834 45.431052, -122.632826 45.431083, -122.63281 45.431133, -122.632792 45.431171, -122.632769 45.431213, -122.632736 45.431254, -122.632695 45.4313, -122.632655 45.431329, -122.632604 45.431363, -122.63254 45.431399, -122.632464 45.431432, -122.63236 45.431464, -122.632279 45.431484, -122.632169 45.431505, -122.632008 45.431531, -122.631913 45.431546, -122.631776 45.431561, -122.631412 45.431596, -122.631261 45.431606, -122.631146 45.431612, -122.63107 45.431612, -122.63099 45.431609, -122.630925 45.431604, -122.630858 45.431597, -122.630634 45.431567, -122.630589 45.431562, -122.630538 45.431559, -122.630495 45.431559, -122.630453 45.431562, -122.630416 45.431569)"
1,32,"LINESTRING (-122.630416 45.431569, -122.630373 45.431583, -122.63035 45.431596, -122.630321 45.431618, -122.630307 45.431631, -122.630288 45.431662, -122.63028 45.431679, -122.630278 45.431707, -122.630278 45.431729, -122.63028 45.431756, -122.630288 45.43179, -122.630296 45.431817, -122.630306 45.431841, -122.630325 45.431878, -122.630405 45.431994, -122.630476 45.432081, -122.630507 45.432116, -122.630945 45.432619, -122.631252 45.432973, -122.631275 45.433008, -122.631281 45.433032, -122.631285 45.433056, -122.631287 45.433077, -122.631288 45.433096, -122.63128 45.43313, -122.631264 45.433165, -122.631253 45.433184, -122.631241 45.433202, -122.631216 45.433234, -122.63119 45.433261, -122.631119 45.433334, -122.631063 45.433394, -122.631018 45.43344, -122.630884 45.433589, -122.630831 45.433653, -122.630637 45.433865, -122.630548 45.433959, -122.630464 45.434051, -122.630335 45.434194, -122.630206 45.434348, -122.630017 45.434581, -122.629892 45.434754, -122.629802 45.434883)"
1,32,"LINESTRING (-122.629802 45.434883, -122.629586 45.435193, -122.629443 45.435391, -122.62937 45.435495, -122.629309 45.435589, -122.629289 45.435626, -122.629281 45.435638, -122.629223 45.435744, -122.629167 45.435851, -122.629118 45.435952, -122.629081 45.436038, -122.629205 45.436091, -122.629575 45.436252, -122.629912 45.436402, -122.630007 45.436448)"
1,32,"LINESTRING (-122.630007 45.436448, -122.630265 45.436572, -122.630798 45.436808, -122.631487 45.437112, -122.631941 45.437313, -122.631994 45.437337)"
1,32,"LINESTRING (-122.631994 45.437337, -122.633198 45.437868, -122.633819 45.438139, -122.634045 45.438238, -122.634179 45.438298)"
1,32,"LINESTRING (-122.634179 45.438298, -122.634728 45.438541, -122.634799 45.438574, -122.63531 45.438796, -122.636064 45.43913, -122.636395 45.439276, -122.636492 45.439318, -122.63736 45.439701, -122.637888 45.439935, -122.638183 45.440061)"
1,32,"LINESTRING (-122.638183 45.440061, -122.638209 45.440072, -122.638284 45.440105, -122.639163 45.440498, -122.639282 45.440573, -122.639324 45.44063, -122.63936 45.440696, -122.639372 45.440756, -122.6395 45.441245, -122.639558 45.441462, -122.639585 45.441565)"
1,32,"LINESTRING (-122.639585 45.441565, -122.639598 45.441613, -122.639634 45.441769, -122.639665 45.441891, -122.639678 45.441949, -122.639698 45.442031, -122.639735 45.442202, -122.639824 45.442547, -122.639841 45.442616, -122.639993 45.443307, -122.640017 45.443409, -122.640029 45.443456, -122.640176 45.444089, -122.64019 45.444162, -122.640203 45.444233, -122.640286 45.444596, -122.64032 45.44474, -122.64036 45.444907, -122.640385 45.445015, -122.640392 45.445042, -122.64053 45.445576, -122.640556 45.445651, -122.640656 45.445644, -122.641512 45.445546, -122.641654 45.445522, -122.641633 45.445438, -122.641542 45.445061, -122.641499 45.44488, -122.641478 45.444784, -122.641333 45.4448, -122.640938 45.444843, -122.640505 45.444891)"
0,33,"LINESTRING (-122.568668 45.435588, -122.568822 45.435572, -122.568898 45.435565, -122.569036 45.435528, -122.569104 45.43595, -122.569123 45.43607, -122.569129 45.436107, -122.569157 45.436264, -122.569182 45.436415, -122.569201 45.436537, -122.569217 45.436637, -122.569231 45.43683, -122.569226 45.437007, -122.569233 45.437081, -122.569251 45.437114, -122.569296 45.437139, -122.569347 45.437162, -122.569407 45.437175, -122.569469 45.437176, -122.569685 45.43718, -122.569903 45.437184, -122.570119 45.437189, -122.570335 45.437193, -122.570562 45.437198, -122.570785 45.437202, -122.570998 45.437206, -122.571197 45.437212, -122.571433 45.437216, -122.571651 45.437221, -122.571679 45.437222, -122.571863 45.437224, -122.571976 45.437225, -122.572096 45.437236, -122.572174 45.437243, -122.572368 45.437284, -122.572789 45.437386, -122.572993 45.437398, -122.57317 45.4374, -122.574006 45.437411)"
0,33,"LINESTRING (-122.574006 45.437411, -122.574259 45.437414, -122.574347 45.437414, -122.574539 45.437416, -122.574575 45.437415, -122.574635 45.437412, -122.574718 45.437398, -122.574795 45.437375, -122.575012 45.43731, -122.575122 45.437277, -122.575233 45.437262, -122.575444 45.437255, -122.575546 45.437261, -122.575656 45.437263, -122.575662 45.437361, -122.575645 45.438135, -122.575642 45.438279, -122.576351 45.438279, -122.577252 45.43828, -122.577925 45.438279, -122.578663 45.438279, -122.579004 45.438278, -122.578974 45.438936, -122.578971 45.438996, -122.578955 45.439355, -122.578944 45.439556, -122.578933 45.439838, -122.57893 45.440371, -122.578928 45.440617, -122.578928 45.441049)"
0,33,"LINESTRING (-122.578928 45.441049, -122.578929 45.441274, -122.578928 45.441956, -122.578928 45.44225, -122.578927 45.442938, -122.578922 45.443581, -122.578921 45.443648)"
0,33,"LINESTRING (-122.578921 45.443648, -122.57892 45.443899, -122.578919 45.444013, -122.578919 45.444168, -122.578917 45.444401, -122.57892 45.444533, -122.578922 45.444649, -122.578924 45.444861, -122.578926 45.445098, -122.578925 45.445221, -122.578922 45.445523, -122.578921 45.44563, -122.578916 45.445924, -122.57891 45.446049, -122.578896 45.446311, -122.578896 45.446495, -122.578897 45.446912, -122.578904 45.447028, -122.579222 45.447028, -122.579393 45.447029, -122.57957 45.447029, -122.579907 45.44703, -122.580065 45.447031)"
0,33,"LINESTRING (-122.580065 45.447031, -122.580525 45.447034, -122.58078 45.447035, -122.580934 45.447035, -122.581234 45.447037, -122.581478 45.447038, -122.581885 45.447039, -122.582238 45.447041, -122.582545 45.447042, -122.583039 45.447044, -122.583298 45.447044, -122.58408 45.447047)"
0,33,"LINESTRING (-122.58408 45.447047, -122.584246 45.447048, -122.585145 45.44705, -122.585782 45.44705, -122.586326 45.447053, -122.587197 45.447061, -122.587301 45.447061, -122.588192 45.44706, -122.588619 45.447062)"
0,33,"LINESTRING (-122.588619 45.447062, -122.588753 45.447062, -122.590161 45.447067, -122.590421 45.447069, -122.59064 45.447088, -122.590787 45.44711, -122.590893 45.447129, -122.591015 45.44716, -122.591184 45.447211, -122.591414 45.447314, -122.591926 45.447587, -122.592084 45.447673, -122.592224 45.447738, -122.592391 45.447803, -122.592544 45.44785, -122.592596 45.447862)"
0,33,"LINESTRING (-122.592596 45.447862, -122.592722 45.447892, -122.592823 45.447905, -122.592916 45.447913, -122.593036 45.44792, -122.593283 45.447922, -122.595054 45.447931)"
0,33,"LINESTRING (-122.595054 45.447931, -122.595218 45.447932, -122.596113 45.447936, -122.597177 45.447942, -122.598339 45.447947, -122.59873 45.447949)"
0,33,"LINESTRING (-122.59873 45.447949, -122.598837 45.44795, -122.598964 45.447949, -122.599072 45.447949, -122.599596 45.447955, -122.599837 45.447957, -122.600644 45.44796, -122.600828 45.44796, -122.601007 45.447961, -122.601282 45.447962, -122.601963 45.447963, -122.602568 45.447965, -122.602671 45.447965)"
0,33,"LINESTRING (-122.602671 45.447965, -122.604104 45.447975, -122.604367 45.447976)"
0,33,"LINESTRING (-122.604367 45.447976, -122.604547 45.447977, -122.606114 45.447983, -122.606697 45.447986, -122.607521 45.44799, -122.607902 45.447991, -122.608598 45.447991, -122.609046 45.447993)"
0,33,"LINESTRING (-122.609046 45.447993, -122.609263 45.447995, -122.610095 45.447999, -122.611817 45.448009, -122.612044 45.44801)"
0,33,"LINESTRING (-122.612044 45.44801, -122.612575 45.448013, -122.614356 45.448021)"
0,33,"LINESTRING (-122.614356 45.448021, -122.614369 45.448021, -122.614536 45.44802, -122.615118 45.44802, -122.616956 45.448033, -122.618074 45.448038, -122.618448 45.44804, -122.618795 45.448041, -122.619237 45.448042, -122.619304 45.44804, -122.619357 45.448032, -122.619398 45.44802, -122.619454 45.447986, -122.619471 45.447973, -122.619499 45.447944, -122.619512 45.447917, -122.619522 45.447881, -122.619527 45.447842, -122.619532 45.447705, -122.619532 45.447691, -122.61953 45.447484)"
0,33,"LINESTRING (-122.61953 45.447484, -122.619529 45.447338, -122.619533 45.447118, -122.619535 45.446964, -122.619536 45.44686, -122.619539 45.446614, -122.619649 45.446614, -122.620053 45.446617, -122.62197 45.446626)"
0,33,"LINESTRING (-122.62197 45.446626, -122.622111 45.446627, -122.623334 45.446636, -122.624145 45.446641, -122.624239 45.446644, -122.624319 45.446647, -122.624399 45.446651, -122.624457 45.446656)"
0,33,"LINESTRING (-122.624457 45.446656, -122.624478 45.446658, -122.624597 45.446666, -122.624756 45.446677, -122.624878 45.446679, -122.624964 45.44668, -122.625842 45.446663, -122.627358 45.446634)"
0,33,"LINESTRING (-122.627358 45.446634, -122.6275 45.446632, -122.628476 45.446622, -122.628901 45.446605, -122.629248 45.446599, -122.629705 45.446591, -122.630268 45.44658)"
0,33,"LINESTRING (-122.630268 45.44658, -122.630349 45.446579, -122.630813 45.44657, -122.631168 45.44656, -122.631417 45.446553, -122.632069 45.446539, -122.63232 45.446531, -122.632535 45.446526, -122.632961 45.446518, -122.633352 45.446511)"
0,33,"LINESTRING (-122.633352 45.446511, -122.63345 45.446509, -122.633949 45.446499, -122.634323 45.446491, -122.634752 45.446481, -122.634944 45.446477, -122.635708 45.446461)"
0,33,"LINESTRING (-122.635708 45.446461, -122.635908 45.446456, -122.63641 45.446446, -122.636804 45.446438, -122.637135 45.446431, -122.637361 45.446425, -122.637418 45.446424, -122.638042 45.446411)"
0,33,"LINESTRING (-122.638042 45.446411, -122.638143 45.446409, -122.638375 45.446404, -122.638953 45.446392, -122.639151 45.446387, -122.639194 45.446385, -122.639229 45.446382, -122.639258 45.446378, -122.639286 45.446373, -122.639317 45.446364, -122.639345 45.446356, -122.639388 45.446339, -122.639425 45.446323, -122.639451 45.446307, -122.639489 45.446274, -122.639504 45.44626, -122.639527 45.446233, -122.639541 45.446214, -122.63955 45.446198, -122.639559 45.446178, -122.639565 45.446159, -122.639606 45.446037, -122.639636 45.445962, -122.639649 45.445939, -122.639663 45.445914, -122.639693 45.445875, -122.639714 45.44585, -122.639737 45.445827, -122.639763 45.445804, -122.639792 45.445784, -122.639821 45.445766, -122.639864 45.445749, -122.639903 45.445736, -122.639933 45.445728, -122.640008 45.445715, -122.640447 45.445658, -122.640556 45.445651, -122.640656 45.445644, -122.641512 45.445546, -122.641654 45.445522, -122.641633 45.445438, -122.641499 45.44488, -122.641478 45.444784, -122.641333 45.4448, -122.640938 45.444843, -122.640505 45.444891)"
0,33,"LINESTRING (-122.640505 45.444891, -122.64036 45.444907, -122.64032 45.44474, -122.640286 45.444596, -122.640203 45.444233, -122.64019 45.444162, -122.640176 45.444089, -122.640029 45.443456, -122.640017 45.443409, -122.639993 45.443307, -122.639863 45.442718)"
0,33,"LINESTRING (-122.639863 45.442718, -122.639841 45.442616, -122.639942 45.4426, -122.64077 45.44249, -122.640899 45.442474, -122.641558 45.442396, -122.642028 45.442341, -122.641979 45.442179, -122.641927 45.441973, -122.641804 45.441487, -122.641579 45.440559, -122.641475 45.440133, -122.641397 45.439847, -122.641352 45.4397, -122.641258 45.439447, -122.641166 45.439228, -122.641047 45.438987, -122.640926 45.438759, -122.640824 45.438581, -122.640731 45.438435, -122.640585 45.438215, -122.640419 45.437995, -122.64034 45.437894, -122.640245 45.437779, -122.640052 45.437538, -122.639924 45.437417, -122.639767 45.437262, -122.639635 45.43713, -122.639513 45.43702)"
0,33,"LINESTRING (-122.639513 45.43702, -122.639283 45.43681, -122.639035 45.436605, -122.638575 45.436238, -122.638084 45.435847, -122.637686 45.435529, -122.637563 45.435432, -122.637407 45.435309, -122.637081 45.435048, -122.636778 45.434804, -122.636567 45.434628, -122.636441 45.434515, -122.636353 45.434435)"
0,33,"LINESTRING (-122.636353 45.434435, -122.636334 45.434418, -122.63623 45.434319, -122.636212 45.43421, -122.636114 45.434098, -122.636085 45.434071, -122.636003 45.433975, -122.635888 45.433938, -122.635781 45.433799, -122.635639 45.433609, -122.635568 45.4335, -122.635486 45.43337, -122.635418 45.433256, -122.635295 45.433025, -122.635247 45.432927, -122.635202 45.432816, -122.635124 45.432612, -122.635075 45.432476, -122.63505 45.432401, -122.635012 45.43226, -122.634982 45.432125, -122.634926 45.431856, -122.634871 45.43152, -122.634831 45.43128)"
0,33,"LINESTRING (-122.634831 45.43128, -122.634795 45.431057, -122.634677 45.430295, -122.634658 45.430199, -122.634639 45.430104, -122.634577 45.429729, -122.634471 45.429059, -122.634346 45.428272, -122.634291 45.427927, -122.634271 45.427802, -122.634252 45.427695)"
0,33,"LINESTRING (-122.634252 45.427695, -122.634236 45.427605, -122.634182 45.427296, -122.634162 45.427183, -122.634118 45.426924, -122.634082 45.426716, -122.634066 45.426624, -122.633993 45.426129, -122.633934 45.425752, -122.633903 45.425552, -122.633831 45.425098, -122.633797 45.424889, -122.63376 45.424664)"
0,33,"LINESTRING (-122.63376 45.424664, -122.633728 45.42447, -122.633666 45.424092, -122.633588 45.423615, -122.633564 45.423452, -122.633506 45.423066)"
0,33,"LINESTRING (-122.633506 45.423066, -122.633504 45.423053, -122.633484 45.42293, -122.633433 45.422619, -122.633419 45.422548, -122.633403 45.422464, -122.633353 45.422169, -122.633338 45.422075, -122.633334 45.422049, -122.633235 45.421345, -122.633228 45.421294, -122.633209 45.421191, -122.63315 45.420877, -122.633027 45.420052, -122.633014 45.419981, -122.633003 45.419922)"
0,33,"LINESTRING (-122.633003 45.419922, -122.632995 45.41988, -122.632881 45.419126, -122.632775 45.418477)"
0,33,"LINESTRING (-122.632775 45.418477, -122.632755 45.418356, -122.632719 45.418132, -122.632691 45.417992, -122.632647 45.417805, -122.632613 45.417675, -122.632567 45.417529, -122.632544 45.417454, -122.632497 45.417333, -122.632393 45.417077, -122.632309 45.416877, -122.632305 45.416713, -122.632305 45.416691, -122.632163 45.416416, -122.632042 45.416194, -122.631883 45.415914, -122.631729 45.415808, -122.631655 45.415708, -122.631559 45.415578, -122.631407 45.415372)"
0,33,"LINESTRING (-122.631407 45.415372, -122.6314 45.415363, -122.631385 45.415343, -122.631342 45.415285, -122.631331 45.41527, -122.631293 45.415221, -122.631162 45.41505, -122.631088 45.414952, -122.631039 45.414885, -122.630858 45.414656, -122.630639 45.414364, -122.630525 45.41422, -122.630243 45.413848, -122.62984 45.413324, -122.629787 45.413255)"
0,33,"LINESTRING (-122.629787 45.413255, -122.629635 45.413057, -122.629554 45.412952, -122.629493 45.412872, -122.628548 45.411628, -122.628532 45.411488, -122.628321 45.411219)"
0,33,"LINESTRING (-122.628321 45.411219, -122.62823 45.411184, -122.628006 45.410929, -122.62789 45.410774, -122.627678 45.41049, -122.627472 45.410239, -122.62728 45.409977, -122.626789 45.409346, -122.626729 45.409268, -122.626519 45.408993, -122.626461 45.408922, -122.626395 45.408841, -122.626236 45.408633)"
0,33,"LINESTRING (-122.626236 45.408633, -122.626187 45.408568, -122.626123 45.408483, -122.625323 45.407433, -122.624785 45.406732, -122.624541 45.406415)"
0,33,"LINESTRING (-122.624541 45.406415, -122.624489 45.406348, -122.624037 45.405762, -122.623605 45.405196, -122.623561 45.405139, -122.623229 45.404707, -122.623235 45.40459, -122.623064 45.404357)"
0,33,"LINESTRING (-122.623064 45.404357, -122.622901 45.404277, -122.622829 45.404182, -122.62259 45.40387, -122.62249 45.403737, -122.622463 45.403703, -122.622293 45.403484, -122.622174 45.40333, -122.622139 45.403284, -122.622017 45.403128, -122.621851 45.402905, -122.621598 45.402564, -122.621545 45.402493, -122.621283 45.402145, -122.621232 45.402078, -122.621049 45.401835)"
0,33,"LINESTRING (-122.621049 45.401835, -122.620996 45.401764, -122.620941 45.401695, -122.620875 45.401611, -122.620694 45.401376, -122.620501 45.401124, -122.620419 45.401019, -122.620108 45.40062, -122.620009 45.400493, -122.619783 45.400203, -122.619313 45.399592, -122.619222 45.399473, -122.619145 45.399374, -122.619035 45.399224, -122.61896 45.399132, -122.618789 45.398903, -122.618731 45.398835, -122.618665 45.398753, -122.618604 45.398677, -122.61853 45.398579, -122.618324 45.398306)"
0,33,"LINESTRING (-122.618324 45.398306, -122.618316 45.398294, -122.618312 45.398289, -122.618274 45.398239, -122.618252 45.39821, -122.618183 45.398118, -122.618017 45.397897, -122.61777 45.397571, -122.617575 45.397321, -122.617363 45.39705, -122.617254 45.396906, -122.617166 45.396793, -122.61706 45.396657, -122.616935 45.396497, -122.616827 45.396355, -122.616719 45.396214, -122.616591 45.396046, -122.616495 45.395921, -122.616415 45.395817, -122.616298 45.395664, -122.616225 45.395568, -122.616147 45.395466, -122.616083 45.395383, -122.615837 45.395062, -122.61585 45.394959, -122.615656 45.394706)"
0,33,"LINESTRING (-122.615656 45.394706, -122.615618 45.394682, -122.615478 45.394588, -122.615338 45.394405, -122.615211 45.394241, -122.615049 45.394031, -122.615008 45.393978, -122.614911 45.393853, -122.614778 45.393681, -122.614625 45.39348, -122.614571 45.393409, -122.614466 45.393273, -122.614409 45.393198, -122.614259 45.393004, -122.614149 45.392859, -122.613914 45.392553, -122.61369 45.392261, -122.613452 45.391951, -122.613414 45.391902, -122.613064 45.391446, -122.613007 45.391372, -122.612948 45.391298, -122.612636 45.390889, -122.612578 45.390813, -122.612522 45.39074, -122.612459 45.390658)"
0,33,"LINESTRING (-122.612459 45.390658, -122.612193 45.390309, -122.611874 45.389892, -122.611723 45.389694, -122.61168 45.389638, -122.611596 45.389529, -122.611336 45.389191, -122.611348 45.389089, -122.611185 45.388876, -122.611109 45.388838)"
0,33,"LINESTRING (-122.611109 45.388838, -122.611041 45.388804, -122.611001 45.388751, -122.610959 45.388696, -122.610787 45.388473, -122.610725 45.388394, -122.61066 45.388309, -122.610596 45.388225, -122.610524 45.388132, -122.610262 45.38779, -122.610168 45.387667, -122.610097 45.387575, -122.610067 45.387536, -122.609748 45.38712)"
0,33,"LINESTRING (-122.609748 45.38712, -122.609656 45.387, -122.609592 45.386917, -122.609277 45.386499, -122.609114 45.386282, -122.608637 45.385671, -122.608559 45.385565, -122.60841 45.385375, -122.608284 45.385213, -122.608158 45.385051, -122.608016 45.384864, -122.607926 45.384745)"
0,33,"LINESTRING (-122.607926 45.384745, -122.607875 45.384677, -122.607798 45.384575, -122.607773 45.384541, -122.607592 45.384305, -122.607473 45.38415, -122.60745 45.384119, -122.607343 45.383979, -122.607248 45.383854, -122.607096 45.383654, -122.606864 45.383349, -122.606796 45.38326, -122.606661 45.383083, -122.606369 45.382701, -122.606175 45.382447, -122.605937 45.382136, -122.605718 45.381849, -122.60566 45.381773, -122.605469 45.381522)"
0,33,"LINESTRING (-122.605469 45.381522, -122.605373 45.381397, -122.605222 45.381199, -122.604692 45.380505, -122.604563 45.380337, -122.604526 45.380289, -122.60424 45.379915, -122.604176 45.379832, -122.604107 45.379742, -122.603751 45.379276, -122.603699 45.379209, -122.603558 45.379027)"
0,33,"LINESTRING (-122.603558 45.379027, -122.603517 45.378974, -122.603431 45.378863, -122.603349 45.378757, -122.603309 45.378707, -122.603225 45.378602, -122.603058 45.378384, -122.602909 45.378171, -122.602808 45.378028, -122.602715 45.377887, -122.602677 45.37783, -122.602562 45.377633, -122.60243 45.377387, -122.602234 45.376962, -122.602194 45.376879, -122.60213 45.376729, -122.60208 45.376606, -122.602042 45.376501, -122.602028 45.376463, -122.601935 45.376194, -122.601856 45.375878)"
0,33,"LINESTRING (-122.601856 45.375878, -122.60184 45.375813, -122.601809 45.375659, -122.601787 45.375553, -122.601753 45.375364, -122.601717 45.375044, -122.601682 45.374729, -122.601652 45.374401, -122.601631 45.37415, -122.6016 45.373827, -122.601509 45.372935, -122.601456 45.372386, -122.601432 45.372158, -122.601384 45.371632, -122.60135 45.371205, -122.601291 45.370505, -122.601266 45.370214, -122.601202 45.369637, -122.60127 45.369549, -122.601251 45.369344, -122.601228 45.36899, -122.601202 45.368574, -122.601191 45.36845)"
0,33,"LINESTRING (-122.601191 45.36845, -122.60118 45.368332, -122.601181 45.368212, -122.601182 45.368095, -122.601121 45.36749, -122.60106 45.366874, -122.60092 45.366746, -122.600914 45.366657, -122.600826 45.365847, -122.600807 45.365575, -122.600798 45.365456, -122.600794 45.365346, -122.600791 45.3652, -122.600792 45.365097, -122.600795 45.36503, -122.600818 45.364813, -122.600844 45.364683, -122.600893 45.364486, -122.600942 45.364307, -122.601091 45.364194, -122.601138 45.364079, -122.601215 45.363929, -122.601307 45.363759, -122.601409 45.363606, -122.601529 45.363444, -122.601647 45.363294, -122.601823 45.363094, -122.602015 45.362881, -122.602216 45.362673, -122.602311 45.36259, -122.602403 45.36251, -122.602863 45.362055, -122.603265 45.361665, -122.603323 45.361612, -122.603379 45.361561, -122.603516 45.36144, -122.603766 45.361231, -122.603875 45.361148, -122.603974 45.361075, -122.604206 45.360927, -122.604241 45.360836, -122.604399 45.360747, -122.604521 45.360681, -122.604581 45.360648, -122.604847 45.360508, -122.604756 45.360403, -122.604627 45.360259, -122.604461 45.360075)"
0,33,"LINESTRING (-122.604461 45.360075, -122.604432 45.360045, -122.604353 45.359965, -122.604262 45.35987, -122.604553 45.359726, -122.604719 45.359644, -122.605178 45.359415, -122.605258 45.359376, -122.605761 45.359131, -122.60632 45.358859, -122.606416 45.358813, -122.606868 45.358591, -122.607279 45.358385, -122.607317 45.358366)"
0,33,"LINESTRING (-122.607317 45.358366, -122.607397 45.358328, -122.607473 45.358291, -122.608385 45.357838, -122.608458 45.357803, -122.608865 45.357603, -122.609161 45.357458, -122.60922 45.357422, -122.609279 45.357374, -122.609574 45.357089, -122.609654 45.357011, -122.60996 45.356725, -122.610047 45.356639, -122.609858 45.356522, -122.609769 45.35646, -122.609702 45.356402, -122.609649 45.356351, -122.609595 45.356281, -122.609554 45.356211, -122.609522 45.356142, -122.60951 45.356066, -122.609513 45.355979, -122.609522 45.355904, -122.609536 45.355833, -122.609558 45.355761, -122.609586 45.355688, -122.609626 45.355634, -122.609664 45.355589, -122.609717 45.355533, -122.609811 45.35545, -122.61068 45.354743, -122.611481 45.354088, -122.612016 45.353648, -122.612232 45.353462, -122.612434 45.353286, -122.612701 45.35305, -122.613131 45.352655, -122.613716 45.352113, -122.614372 45.351522, -122.614516 45.351406, -122.614413 45.351358, -122.614378 45.35134, -122.614338 45.351325, -122.614296 45.351312, -122.614238 45.351302, -122.614176 45.351301, -122.614116 45.351304, -122.614051 45.351313, -122.61362 45.351389)"
0,33,"LINESTRING (-122.61362 45.351389, -122.613548 45.351402, -122.613353 45.351436, -122.613237 45.351446, -122.613208 45.35144, -122.613181 45.351432, -122.613107 45.351395, -122.61279 45.351234, -122.612419 45.351609, -122.612049 45.351977, -122.611664 45.352357, -122.611355 45.352666)"
0,33,"LINESTRING (-122.611355 45.352666, -122.611292 45.352729, -122.610914 45.353107, -122.61053 45.353486, -122.609862 45.354149)"
0,33,"LINESTRING (-122.609862 45.354149, -122.609791 45.354218, -122.609402 45.354604, -122.609029 45.35497, -122.608654 45.355346, -122.608502 45.355498)"
0,33,"LINESTRING (-122.608502 45.355498, -122.608284 45.355717, -122.608109 45.35563, -122.607914 45.355533, -122.607424 45.35529, -122.607343 45.355249, -122.606754 45.354953)"
0,33,"LINESTRING (-122.606754 45.354953, -122.606651 45.354902, -122.606565 45.354862, -122.606481 45.354823, -122.60571 45.354441, -122.604967 45.354069)"
0,33,"LINESTRING (-122.604967 45.354069, -122.604851 45.35401, -122.603985 45.353577, -122.603282 45.353224)"
0,33,"LINESTRING (-122.603282 45.353224, -122.603123 45.353144, -122.602271 45.352715, -122.601612 45.352384, -122.601422 45.352273, -122.601331 45.352212, -122.60127 45.35216, -122.601205 45.352095, -122.60114 45.352018, -122.601108 45.351969, -122.601074 45.351905, -122.601037 45.351822, -122.600974 45.35162, -122.600806 45.35102)"
0,33,"LINESTRING (-122.600806 45.35102, -122.600754 45.350834, -122.600691 45.350629, -122.600613 45.350339, -122.600606 45.35027, -122.600609 45.350207, -122.600615 45.350168, -122.600627 45.350122, -122.600649 45.350067, -122.600683 45.350016, -122.600746 45.349939, -122.601122 45.349595, -122.601436 45.349302)"
0,33,"LINESTRING (-122.601436 45.349302, -122.601512 45.349231, -122.601665 45.349085, -122.601829 45.348909, -122.601895 45.348836, -122.60202 45.348682, -122.60209 45.348587, -122.602202 45.348424, -122.602422 45.348105, -122.602533 45.347943, -122.602643 45.347791, -122.602736 45.347677, -122.602818 45.347581, -122.602897 45.347504, -122.603004 45.347408, -122.6032 45.347252, -122.603345 45.34713, -122.603415 45.347067, -122.603474 45.347005, -122.603529 45.346943, -122.603565 45.346896, -122.603577 45.346879, -122.603596 45.346852)"
0,33,"LINESTRING (-122.603596 45.346852, -122.603619 45.346814, -122.603646 45.346758, -122.603661 45.346712, -122.603672 45.34667, -122.603682 45.346621, -122.603685 45.346577, -122.603686 45.34652, -122.603681 45.346455, -122.603676 45.346298, -122.603672 45.346217, -122.603673 45.346128, -122.603678 45.346075, -122.603685 45.346024, -122.603699 45.345974, -122.603719 45.345912, -122.60375 45.34585, -122.603786 45.34579, -122.603847 45.345696, -122.603946 45.345567, -122.604256 45.345202, -122.604562 45.344884, -122.604828 45.344609, -122.604887 45.344546, -122.604929 45.344493, -122.604975 45.344428, -122.605008 45.344363, -122.605024 45.344311, -122.605038 45.344227, -122.605039 45.344168)"
0,33,"LINESTRING (-122.605039 45.344168, -122.605042 45.34404, -122.605025 45.342947, -122.605013 45.342035)"
0,33,"LINESTRING (-122.605013 45.342035, -122.605012 45.341956, -122.605011 45.3419, -122.605004 45.341433, -122.605002 45.341226, -122.605003 45.340869, -122.605002 45.340263)"
0,33,"LINESTRING (-122.605002 45.340263, -122.605002 45.340224, -122.605004 45.340151, -122.605008 45.339818, -122.60501 45.33953, -122.605009 45.33944, -122.605005 45.339096, -122.605007 45.338883, -122.604989 45.337821)"
0,33,"LINESTRING (-122.604989 45.337821, -122.604986 45.337622, -122.604989 45.336956, -122.604988 45.336901, -122.604984 45.336549, -122.604952 45.336417, -122.604771 45.336411, -122.60437 45.336413)"
0,33,"LINESTRING (-122.60437 45.336413, -122.603944 45.336416, -122.603619 45.336418, -122.602707 45.336419, -122.60236 45.336419, -122.602101 45.336422, -122.601633 45.336426, -122.601335 45.336429)"
0,33,"LINESTRING (-122.601335 45.336429, -122.601213 45.33643, -122.600693 45.336436, -122.600366 45.336438, -122.600269 45.336439, -122.599384 45.336443, -122.598668 45.336453)"
0,33,"LINESTRING (-122.598668 45.336453, -122.598405 45.336457, -122.598404 45.336343, -122.598407 45.335551, -122.598407 45.334646, -122.598401 45.33442, -122.598392 45.334363)"
0,33,"LINESTRING (-122.598392 45.334363, -122.598376 45.334273, -122.598335 45.334152, -122.59828 45.334052, -122.598211 45.333956, -122.598111 45.333833, -122.597996 45.33374, -122.597896 45.333672, -122.59777 45.333604, -122.597642 45.333554, -122.59757 45.333529, -122.597447 45.333495, -122.597313 45.333473, -122.597149 45.333461, -122.596855 45.33346, -122.596103 45.333468, -122.595325 45.333473)"
0,33,"LINESTRING (-122.595325 45.333473, -122.595282 45.333473, -122.59509 45.33348, -122.594812 45.333503, -122.594469 45.333545, -122.594059 45.333627, -122.593767 45.333679, -122.593564 45.333701, -122.593358 45.333721, -122.593289 45.333723, -122.593055 45.333729, -122.59266 45.333714, -122.592068 45.333693, -122.591869 45.333682)"
0,33,"LINESTRING (-122.591869 45.333682, -122.591712 45.333673, -122.591569 45.333665, -122.591425 45.333653, -122.590856 45.333598, -122.590593 45.333583, -122.590357 45.333576, -122.590055 45.333574, -122.589931 45.333577, -122.58984 45.333586, -122.589752 45.333595, -122.58967 45.333606, -122.58958 45.333619, -122.589143 45.333699)"
0,33,"LINESTRING (-122.589143 45.333699, -122.589097 45.333708, -122.588684 45.333791, -122.588473 45.333834, -122.588358 45.333703, -122.587995 45.333276, -122.587655 45.33286, -122.587598 45.33279, -122.58731 45.332452, -122.587282 45.332419, -122.587157 45.332273, -122.586868 45.331931, -122.586735 45.33177, -122.586613 45.331622, -122.586384 45.331342, -122.586298 45.331237, -122.585995 45.330872)"
0,33,"LINESTRING (-122.585995 45.330872, -122.585845 45.33069, -122.585617 45.330415, -122.585538 45.33032, -122.585211 45.329925, -122.585138 45.329832, -122.584925 45.329571)"
0,33,"LINESTRING (-122.584925 45.329571, -122.584803 45.329422, -122.584769 45.329382, -122.584722 45.329307, -122.58455 45.329115, -122.584391 45.328921, -122.584352 45.328873, -122.584289 45.328797, -122.584059 45.328516, -122.583989 45.32843, -122.583778 45.328175, -122.583706 45.328087, -122.583634 45.327998, -122.583487 45.327823, -122.583243 45.327515, -122.583043 45.327262, -122.582901 45.327087)"
0,33,"LINESTRING (-122.582901 45.327087, -122.58283 45.326999, -122.582733 45.326879, -122.582657 45.326787, -122.58257 45.326684, -122.582423 45.326507, -122.582209 45.326248, -122.58201 45.326015, -122.581945 45.325939, -122.581705 45.325638, -122.58163 45.32555, -122.581409 45.325286, -122.581145 45.324969, -122.58089 45.324666)"
0,33,"LINESTRING (-122.58089 45.324666, -122.580766 45.324518, -122.580517 45.324226, -122.580461 45.324169, -122.580408 45.324123, -122.58036 45.324087, -122.580288 45.324034, -122.580226 45.323995, -122.57995 45.323858, -122.579849 45.323817, -122.579645 45.32375, -122.579509 45.323712, -122.579412 45.32369, -122.57931 45.323672, -122.57919 45.323653, -122.57909 45.323638, -122.578845 45.323622, -122.578572 45.323606, -122.578375 45.323582, -122.578244 45.323564, -122.57811 45.323538, -122.577948 45.3235, -122.577797 45.323456, -122.577656 45.323407, -122.577564 45.323369, -122.577446 45.323311, -122.57734 45.32325, -122.577219 45.323179, -122.577071 45.323075, -122.576943 45.322971, -122.576898 45.322921, -122.576872 45.322865, -122.576837 45.322791, -122.57681 45.322704, -122.576801 45.322597, -122.5768 45.322547, -122.5768 45.322421, -122.576794 45.322347, -122.576787 45.322161, -122.576781 45.322053, -122.576773 45.321973, -122.576764 45.321926, -122.576754 45.321876, -122.576728 45.321804, -122.576684 45.321697, -122.576641 45.321624, -122.576575 45.321529, -122.576488 45.321437, -122.576398 45.321355, -122.576334 45.321303, -122.576245 45.321243, -122.5761 45.321165, -122.575987 45.321275, -122.575829 45.321352, -122.575248 45.321977)"
1,33,"LINESTRING (-122.575248 45.321977, -122.575052 45.322187, -122.575165 45.322264, -122.575229 45.322301, -122.575295 45.322338, -122.575369 45.322375, -122.575481 45.322426, -122.575611 45.32247, -122.575736 45.322504, -122.575879 45.322531, -122.575963 45.322543, -122.576061 45.322552, -122.576129 45.322555, -122.576265 45.322558, -122.576424 45.322555, -122.5768 45.322547, -122.576801 45.322597, -122.57681 45.322704, -122.576837 45.322791, -122.576872 45.322865, -122.576898 45.322921, -122.576943 45.322971, -122.577071 45.323075, -122.577219 45.323179, -122.57734 45.32325, -122.577446 45.323311, -122.577564 45.323369, -122.577656 45.323407, -122.577797 45.323456, -122.577948 45.3235, -122.57811 45.323538, -122.578244 45.323564, -122.578375 45.323582, -122.578572 45.323606, -122.578845 45.323622, -122.57909 45.323638, -122.57919 45.323653, -122.57931 45.323672, -122.579412 45.32369, -122.579509 45.323712, -122.579645 45.32375, -122.579849 45.323817, -122.57995 45.323858, -122.580226 45.323995, -122.580288 45.324034, -122.58036 45.324087, -122.580408 45.324123, -122.580461 45.324169, -122.580517 45.324226, -122.580766 45.324518, -122.581145 45.324969, -122.581254 45.3251)"
1,33,"LINESTRING (-122.581254 45.3251, -122.581409 45.325286, -122.58163 45.32555, -122.581705 45.325638, -122.581945 45.325939, -122.58201 45.326015, -122.582209 45.326248, -122.582423 45.326507, -122.58257 45.326684, -122.582657 45.326787, -122.582733 45.326879, -122.58283 45.326999, -122.583043 45.327262, -122.583151 45.327399)"
1,33,"LINESTRING (-122.583151 45.327399, -122.583243 45.327515, -122.583487 45.327823, -122.583634 45.327998, -122.583706 45.328087, -122.583778 45.328175, -122.583989 45.32843, -122.584059 45.328516, -122.584289 45.328797, -122.584352 45.328873, -122.584391 45.328921, -122.58455 45.329115, -122.584722 45.329307, -122.584769 45.329382, -122.584803 45.329422, -122.585138 45.329832, -122.585211 45.329925, -122.585459 45.330224)"
1,33,"LINESTRING (-122.585459 45.330224, -122.585538 45.33032, -122.585617 45.330415, -122.585845 45.33069, -122.586298 45.331237, -122.586384 45.331342, -122.586558 45.331555)"
1,33,"LINESTRING (-122.586558 45.331555, -122.586613 45.331622, -122.586735 45.33177, -122.586868 45.331931, -122.587157 45.332273, -122.587282 45.332419, -122.58731 45.332452, -122.587598 45.33279, -122.587655 45.33286, -122.587995 45.333276, -122.588358 45.333703, -122.588473 45.333834, -122.588684 45.333791, -122.589097 45.333708, -122.58958 45.333619, -122.58967 45.333606, -122.589752 45.333595, -122.58984 45.333586, -122.589931 45.333577, -122.590055 45.333574, -122.590357 45.333576, -122.590593 45.333583, -122.590856 45.333598, -122.591301 45.333641)"
1,33,"LINESTRING (-122.591301 45.333641, -122.591425 45.333653, -122.591569 45.333665, -122.591712 45.333673, -122.592068 45.333693, -122.59266 45.333714, -122.593055 45.333729, -122.593289 45.333723, -122.593358 45.333721, -122.593564 45.333701, -122.593767 45.333679, -122.594011 45.333636)"
1,33,"LINESTRING (-122.594011 45.333636, -122.594059 45.333627, -122.594469 45.333545, -122.594812 45.333503, -122.59509 45.33348, -122.595282 45.333473, -122.596103 45.333468, -122.596855 45.33346, -122.597149 45.333461, -122.597313 45.333473, -122.597447 45.333495, -122.59757 45.333529, -122.597642 45.333554, -122.59777 45.333604, -122.597896 45.333672, -122.597996 45.33374, -122.598111 45.333833, -122.598211 45.333956, -122.59828 45.334052, -122.598335 45.334152, -122.598376 45.334273, -122.598401 45.33442, -122.598407 45.334646, -122.598407 45.335058)"
1,33,"LINESTRING (-122.598407 45.335058, -122.598407 45.335551, -122.598404 45.336343, -122.598405 45.336457, -122.599384 45.336443, -122.600269 45.336439, -122.600366 45.336438, -122.600693 45.336436, -122.600836 45.336434)"
1,33,"LINESTRING (-122.600836 45.336434, -122.601213 45.33643, -122.601633 45.336426, -122.602101 45.336422, -122.60236 45.336419, -122.602707 45.336419, -122.603619 45.336418, -122.603944 45.336416, -122.604552 45.336412)"
1,33,"LINESTRING (-122.604552 45.336412, -122.604771 45.336411, -122.604952 45.336417, -122.604984 45.336549, -122.604988 45.336901, -122.604989 45.336956, -122.604987 45.337467)"
1,33,"LINESTRING (-122.604987 45.337467, -122.604986 45.337622, -122.605007 45.338883, -122.605005 45.339096, -122.605009 45.33944, -122.60501 45.33953, -122.605008 45.339818, -122.605005 45.340068)"
1,33,"LINESTRING (-122.605005 45.340068, -122.605004 45.340151, -122.605002 45.340224, -122.605003 45.340869, -122.605002 45.341226, -122.605004 45.341433, -122.605011 45.34188)"
1,33,"LINESTRING (-122.605011 45.34188, -122.605011 45.3419, -122.605012 45.341956, -122.605025 45.342947, -122.605042 45.34404, -122.605038 45.344227, -122.605037 45.344237)"
1,33,"LINESTRING (-122.605037 45.344237, -122.605024 45.344311, -122.605008 45.344363, -122.604975 45.344428, -122.604929 45.344493, -122.604887 45.344546, -122.604828 45.344609, -122.604562 45.344884, -122.604256 45.345202, -122.603946 45.345567, -122.603847 45.345696, -122.603786 45.34579, -122.60375 45.34585, -122.603719 45.345912, -122.603699 45.345974, -122.603685 45.346024, -122.603678 45.346075, -122.603673 45.346128, -122.603672 45.346217, -122.603676 45.346298, -122.603681 45.346455, -122.603686 45.34652, -122.603685 45.346577, -122.603682 45.346621, -122.603672 45.34667, -122.603661 45.346712, -122.603646 45.346758, -122.603619 45.346814, -122.603596 45.346852, -122.603565 45.346896, -122.603529 45.346943, -122.603474 45.347005, -122.603415 45.347067, -122.603345 45.34713, -122.6032 45.347252, -122.603004 45.347408, -122.602929 45.347475, -122.602897 45.347504)"
1,33,"LINESTRING (-122.602897 45.347504, -122.602818 45.347581, -122.602736 45.347677, -122.602643 45.347791, -122.602533 45.347943, -122.602422 45.348105, -122.602202 45.348424, -122.60209 45.348587, -122.60202 45.348682, -122.601895 45.348836, -122.601829 45.348909, -122.601665 45.349085, -122.601533 45.349211, -122.601512 45.349231)"
1,33,"LINESTRING (-122.601512 45.349231, -122.601122 45.349595, -122.600746 45.349939, -122.600683 45.350016, -122.600649 45.350067, -122.600627 45.350122, -122.600615 45.350168, -122.600609 45.350207, -122.600606 45.35027, -122.600613 45.350339, -122.600691 45.350629, -122.600754 45.350834, -122.600811 45.351041)"
1,33,"LINESTRING (-122.600811 45.351041, -122.600974 45.35162, -122.601037 45.351822, -122.601074 45.351905, -122.601108 45.351969, -122.60114 45.352018, -122.601205 45.352095, -122.60127 45.35216, -122.601331 45.352212, -122.601422 45.352273, -122.601612 45.352384, -122.602271 45.352715, -122.603 45.353083)"
1,33,"LINESTRING (-122.603 45.353083, -122.603123 45.353144, -122.603985 45.353577, -122.604778 45.353974)"
1,33,"LINESTRING (-122.604778 45.353974, -122.604851 45.35401, -122.60571 45.354441, -122.606455 45.35481)"
1,33,"LINESTRING (-122.606455 45.35481, -122.606481 45.354823, -122.606565 45.354862, -122.606651 45.354902, -122.607343 45.355249, -122.607424 45.35529, -122.607914 45.355533, -122.608109 45.35563)"
1,33,"LINESTRING (-122.608109 45.35563, -122.608147 45.355649, -122.608284 45.355717, -122.608654 45.355346, -122.609029 45.35497, -122.609402 45.354604, -122.609791 45.354218, -122.610319 45.353695)"
1,33,"LINESTRING (-122.610319 45.353695, -122.61053 45.353486, -122.610914 45.353107, -122.611292 45.352729, -122.611448 45.352573)"
1,33,"LINESTRING (-122.611448 45.352573, -122.611664 45.352357, -122.612049 45.351977, -122.612419 45.351609, -122.61279 45.351234, -122.613107 45.351395, -122.613181 45.351432, -122.613208 45.35144, -122.613237 45.351446, -122.613353 45.351436, -122.613492 45.351412)"
1,33,"LINESTRING (-122.613492 45.351412, -122.613548 45.351402, -122.614051 45.351313, -122.614116 45.351304, -122.614176 45.351301, -122.614238 45.351302, -122.614296 45.351312, -122.614338 45.351325, -122.614378 45.35134, -122.614413 45.351358, -122.614516 45.351406, -122.614372 45.351522, -122.613716 45.352113, -122.613131 45.352655, -122.612701 45.35305, -122.612434 45.353286, -122.612232 45.353462, -122.612016 45.353648, -122.611481 45.354088, -122.61068 45.354743, -122.609811 45.35545, -122.609717 45.355533, -122.609664 45.355589, -122.609626 45.355634, -122.609586 45.355688, -122.609558 45.355761, -122.609536 45.355833, -122.609522 45.355904, -122.609513 45.355979, -122.60951 45.356066, -122.609522 45.356142, -122.609554 45.356211, -122.609595 45.356281, -122.609649 45.356351, -122.609702 45.356402, -122.609769 45.35646, -122.609858 45.356522, -122.60995 45.35658, -122.610047 45.356639, -122.60996 45.356725, -122.609654 45.357011, -122.609574 45.357089, -122.609279 45.357374, -122.60922 45.357422, -122.609161 45.357458, -122.608865 45.357603, -122.608458 45.357803, -122.608385 45.357838, -122.607526 45.358265)"
1,33,"LINESTRING (-122.607526 45.358265, -122.607473 45.358291, -122.607397 45.358328, -122.607317 45.358366, -122.606868 45.358591, -122.606416 45.358813, -122.60632 45.358859, -122.605761 45.359131, -122.605258 45.359376, -122.605178 45.359415, -122.604719 45.359644, -122.604553 45.359726, -122.604262 45.35987, -122.604353 45.359965, -122.604461 45.360075, -122.604605 45.360236)"
1,33,"LINESTRING (-122.604605 45.360236, -122.604627 45.360259, -122.604756 45.360403, -122.604847 45.360508, -122.604581 45.360648, -122.604521 45.360681, -122.604399 45.360747, -122.604241 45.360836, -122.604104 45.360861, -122.603882 45.361011, -122.603775 45.361084, -122.603666 45.361166, -122.603437 45.361356, -122.603215 45.361555, -122.602993 45.361764, -122.60265 45.362106, -122.602211 45.362539, -122.602123 45.362627, -122.601827 45.362924, -122.601647 45.363115, -122.60148 45.363298, -122.601304 45.363491, -122.601205 45.363623, -122.601138 45.363718, -122.601079 45.36381, -122.601014 45.363927, -122.600971 45.364006, -122.600898 45.364161, -122.600942 45.364307, -122.600893 45.364486, -122.600844 45.364683, -122.600818 45.364813, -122.600795 45.36503, -122.600792 45.365097, -122.600791 45.3652, -122.600794 45.365346, -122.600798 45.365456, -122.600807 45.365575, -122.600826 45.365847, -122.600914 45.366657, -122.60092 45.366746, -122.600839 45.366887, -122.600846 45.366983, -122.600885 45.367385, -122.6009 45.367507, -122.600953 45.368108, -122.600953 45.368343, -122.600984 45.368588, -122.601002 45.368722, -122.601017 45.368837)"
1,33,"LINESTRING (-122.601017 45.368837, -122.601023 45.368885, -122.601049 45.369087, -122.60108 45.369349, -122.601101 45.369559, -122.601202 45.369637, -122.601266 45.370214, -122.601291 45.370505, -122.60135 45.371205, -122.601384 45.371632, -122.601432 45.372158, -122.601456 45.372386, -122.601509 45.372935, -122.6016 45.373827, -122.601631 45.37415, -122.601652 45.374401, -122.601682 45.374729, -122.601717 45.375044, -122.601753 45.375364, -122.601787 45.375553, -122.601809 45.375659, -122.60184 45.375813, -122.601935 45.376194)"
1,33,"LINESTRING (-122.601935 45.376194, -122.601936 45.376196, -122.602028 45.376463, -122.602042 45.376501, -122.60208 45.376606, -122.60213 45.376729, -122.602194 45.376879, -122.602234 45.376962, -122.60243 45.377387, -122.602562 45.377633, -122.602677 45.37783, -122.602715 45.377887, -122.602808 45.378028, -122.602909 45.378171, -122.603058 45.378384, -122.603225 45.378602, -122.603309 45.378707, -122.603349 45.378757, -122.603431 45.378863, -122.603558 45.379027, -122.603699 45.379209, -122.603751 45.379276, -122.604076 45.379701)"
1,33,"LINESTRING (-122.604076 45.379701, -122.604107 45.379742, -122.604176 45.379832, -122.60424 45.379915, -122.604526 45.380289, -122.604563 45.380337, -122.604692 45.380505, -122.605222 45.381199, -122.605373 45.381397, -122.605608 45.381705)"
1,33,"LINESTRING (-122.605608 45.381705, -122.60566 45.381773, -122.605718 45.381849, -122.605937 45.382136, -122.606175 45.382447, -122.606369 45.382701, -122.606661 45.383083, -122.606796 45.38326, -122.606864 45.383349, -122.607096 45.383654, -122.607248 45.383854, -122.607343 45.383979, -122.60745 45.384119, -122.607473 45.38415, -122.607592 45.384305, -122.607773 45.384541, -122.607798 45.384575, -122.607875 45.384677, -122.608016 45.384864, -122.608158 45.385051, -122.608284 45.385213, -122.60841 45.385375, -122.608559 45.385565)"
1,33,"LINESTRING (-122.608559 45.385565, -122.608562 45.385569, -122.608637 45.385671, -122.609114 45.386282, -122.609277 45.386499, -122.609592 45.386917, -122.609656 45.387, -122.609916 45.387339)"
1,33,"LINESTRING (-122.609916 45.387339, -122.610067 45.387536, -122.610097 45.387575, -122.610168 45.387667, -122.610262 45.38779, -122.610524 45.388132, -122.610596 45.388225, -122.61066 45.388309, -122.610725 45.388394, -122.610787 45.388473, -122.610959 45.388696, -122.611001 45.388751, -122.611041 45.388804, -122.611052 45.388933, -122.611206 45.389138, -122.611336 45.389191, -122.611531 45.389445)"
1,33,"LINESTRING (-122.611531 45.389445, -122.611596 45.389529, -122.61168 45.389638, -122.611723 45.389694, -122.611874 45.389892, -122.612193 45.390309, -122.612522 45.39074, -122.612578 45.390813, -122.612636 45.390889, -122.612948 45.391298, -122.613007 45.391372, -122.613064 45.391446, -122.613202 45.391626)"
1,33,"LINESTRING (-122.613202 45.391626, -122.613414 45.391902, -122.613452 45.391951, -122.61369 45.392261, -122.613914 45.392553, -122.614149 45.392859, -122.614259 45.393004, -122.614409 45.393198, -122.614466 45.393273, -122.614571 45.393409, -122.614625 45.39348, -122.614778 45.393681, -122.614911 45.393853, -122.615008 45.393978, -122.615049 45.394031, -122.615211 45.394241, -122.615338 45.394405, -122.615478 45.394588, -122.615536 45.394748, -122.615724 45.395003, -122.615837 45.395062, -122.616013 45.395292)"
1,33,"LINESTRING (-122.616013 45.395292, -122.616083 45.395383, -122.616147 45.395466, -122.616225 45.395568, -122.616298 45.395664, -122.616415 45.395817, -122.616495 45.395921, -122.616591 45.396046, -122.616719 45.396214, -122.616827 45.396355, -122.616935 45.396497, -122.61706 45.396657, -122.617166 45.396793, -122.617254 45.396906, -122.617363 45.39705, -122.617575 45.397321, -122.61777 45.397571, -122.618017 45.397897, -122.618183 45.398118, -122.618252 45.39821, -122.618274 45.398239, -122.618316 45.398294, -122.618324 45.398306, -122.61853 45.398579, -122.618604 45.398677, -122.618665 45.398753, -122.618731 45.398835, -122.618789 45.398903, -122.618876 45.399019)"
1,33,"LINESTRING (-122.618876 45.399019, -122.61896 45.399132, -122.619035 45.399224, -122.619145 45.399374, -122.619222 45.399473, -122.619313 45.399592, -122.619783 45.400203, -122.620009 45.400493, -122.620108 45.40062, -122.620419 45.401019, -122.620501 45.401124, -122.620694 45.401376, -122.620875 45.401611, -122.620941 45.401695, -122.620996 45.401764, -122.621169 45.401994)"
1,33,"LINESTRING (-122.621169 45.401994, -122.621232 45.402078, -122.621283 45.402145, -122.621545 45.402493, -122.621598 45.402564, -122.621851 45.402905, -122.622017 45.403128, -122.622139 45.403284, -122.622174 45.40333, -122.622293 45.403484, -122.622463 45.403703, -122.62249 45.403737, -122.62259 45.40387, -122.622829 45.404182, -122.622901 45.404277, -122.622924 45.404353, -122.622942 45.40441, -122.623111 45.404635, -122.623229 45.404707, -122.623474 45.405026)"
1,33,"LINESTRING (-122.623474 45.405026, -122.623561 45.405139, -122.623605 45.405196, -122.624037 45.405762, -122.624489 45.406348, -122.624753 45.406691)"
1,33,"LINESTRING (-122.624753 45.406691, -122.624785 45.406732, -122.625323 45.407433, -122.626123 45.408483, -122.626187 45.408568, -122.626395 45.408841, -122.626461 45.408922, -122.626519 45.408993, -122.626729 45.409268)"
1,33,"LINESTRING (-122.626729 45.409268, -122.626734 45.409274, -122.626789 45.409346, -122.62728 45.409977, -122.627472 45.410239, -122.627678 45.41049, -122.62789 45.410774, -122.628006 45.410929, -122.62823 45.411184, -122.628202 45.411263, -122.628413 45.411533, -122.628548 45.411628, -122.62881 45.411972)"
1,33,"LINESTRING (-122.62881 45.411972, -122.629493 45.412872, -122.629554 45.412952, -122.629635 45.413057)"
1,33,"LINESTRING (-122.629635 45.413057, -122.629662 45.413092, -122.62984 45.413324, -122.630243 45.413848, -122.630525 45.41422, -122.630639 45.414364, -122.630858 45.414656, -122.631039 45.414885, -122.631088 45.414952, -122.631162 45.41505, -122.631293 45.415221, -122.631331 45.41527, -122.631342 45.415285, -122.631385 45.415343, -122.631407 45.415372, -122.631559 45.415578, -122.631655 45.415708, -122.631729 45.415808, -122.631745 45.41591, -122.63187 45.416152)"
1,33,"LINESTRING (-122.63187 45.416152, -122.631917 45.416243, -122.632153 45.41671, -122.632309 45.416877, -122.632393 45.417077, -122.632497 45.417333, -122.632544 45.417454, -122.632567 45.417529, -122.632613 45.417675, -122.632647 45.417805, -122.632691 45.417992, -122.632719 45.418132, -122.632734 45.418227)"
1,33,"LINESTRING (-122.632734 45.418227, -122.632755 45.418356, -122.632881 45.419126, -122.632989 45.419843)"
1,33,"LINESTRING (-122.632989 45.419843, -122.632995 45.41988, -122.633014 45.419981, -122.633027 45.420052, -122.63315 45.420877, -122.633209 45.421191, -122.633228 45.421294, -122.633235 45.421345, -122.633334 45.422049, -122.633338 45.422075, -122.633353 45.422169, -122.633403 45.422464, -122.633419 45.422548, -122.633433 45.422619, -122.633465 45.422817)"
1,33,"LINESTRING (-122.633465 45.422817, -122.633484 45.42293, -122.633506 45.423066, -122.633564 45.423452, -122.633588 45.423615, -122.633666 45.424092, -122.633728 45.42447, -122.633797 45.424889, -122.633813 45.424987)"
1,33,"LINESTRING (-122.633813 45.424987, -122.633831 45.425098, -122.633903 45.425552, -122.633934 45.425752, -122.633993 45.426129, -122.634066 45.426624, -122.634082 45.426716, -122.634118 45.426924, -122.634162 45.427183, -122.634182 45.427296, -122.634236 45.427605)"
1,33,"LINESTRING (-122.634236 45.427605, -122.634238 45.427615, -122.634271 45.427802, -122.634291 45.427927, -122.634346 45.428272, -122.634471 45.429059, -122.634577 45.429729, -122.634639 45.430104, -122.634658 45.430199, -122.634677 45.430295, -122.634709 45.430499)"
1,33,"LINESTRING (-122.634709 45.430499, -122.634795 45.431057, -122.634871 45.43152, -122.634926 45.431856, -122.634982 45.432125, -122.635012 45.43226, -122.63505 45.432401, -122.635075 45.432476)"
1,33,"LINESTRING (-122.635075 45.432476, -122.63509 45.432517, -122.635124 45.432612, -122.635202 45.432816, -122.635247 45.432927, -122.635295 45.433025, -122.635418 45.433256, -122.635486 45.43337, -122.635568 45.4335, -122.635639 45.433609, -122.635781 45.433799, -122.635888 45.433938, -122.635883 45.434025, -122.635995 45.434147, -122.636094 45.434263, -122.63623 45.434319, -122.636334 45.434418, -122.636441 45.434515, -122.636567 45.434628, -122.636778 45.434804, -122.637081 45.435048, -122.637371 45.43528)"
1,33,"LINESTRING (-122.637371 45.43528, -122.637407 45.435309, -122.637563 45.435432, -122.637686 45.435529, -122.638084 45.435847, -122.638575 45.436238, -122.639035 45.436605, -122.639283 45.43681, -122.639635 45.43713, -122.639767 45.437262, -122.639924 45.437417, -122.640052 45.437538, -122.640245 45.437779, -122.64034 45.437894, -122.640419 45.437995, -122.640585 45.438215, -122.640731 45.438435, -122.640824 45.438581, -122.640926 45.438759, -122.641047 45.438987, -122.641166 45.439228, -122.641258 45.439447, -122.641352 45.4397, -122.641397 45.439847, -122.641475 45.440133, -122.641579 45.440559, -122.641804 45.441487, -122.641927 45.441973, -122.641979 45.442179, -122.642028 45.442341, -122.641558 45.442396, -122.640899 45.442474, -122.64077 45.44249, -122.640055 45.442585)"
1,33,"LINESTRING (-122.640055 45.442585, -122.639942 45.4426, -122.639841 45.442616, -122.639993 45.443307, -122.640017 45.443409, -122.640029 45.443456, -122.640176 45.444089, -122.64019 45.444162, -122.640203 45.444233, -122.640286 45.444596, -122.64032 45.44474, -122.64036 45.444907, -122.640938 45.444843, -122.641251 45.444809)"
1,33,"LINESTRING (-122.641251 45.444809, -122.641333 45.4448, -122.641478 45.444784, -122.641499 45.44488, -122.641633 45.445438, -122.641654 45.445522, -122.641512 45.445546, -122.640656 45.445644, -122.640556 45.445651, -122.640447 45.445658, -122.640008 45.445715, -122.639933 45.445728, -122.639903 45.445736, -122.639864 45.445749, -122.639821 45.445766, -122.639792 45.445784, -122.639763 45.445804, -122.639737 45.445827, -122.639714 45.44585, -122.639693 45.445875, -122.639663 45.445914, -122.639649 45.445939, -122.639636 45.445962, -122.639606 45.446037, -122.639565 45.446159, -122.639559 45.446178, -122.63955 45.446198, -122.639541 45.446214, -122.639527 45.446233, -122.639504 45.44626, -122.639489 45.446274, -122.639451 45.446307, -122.639425 45.446323, -122.639388 45.446339, -122.639345 45.446356, -122.639317 45.446364, -122.639286 45.446373, -122.639258 45.446378, -122.639229 45.446382, -122.639194 45.446385, -122.639151 45.446387, -122.638953 45.446392, -122.638375 45.446404, -122.638143 45.446409, -122.637889 45.446414)"
1,33,"LINESTRING (-122.637889 45.446414, -122.637418 45.446424, -122.637361 45.446425, -122.637135 45.446431, -122.636804 45.446438, -122.63641 45.446446, -122.635908 45.446456, -122.635004 45.446476)"
1,33,"LINESTRING (-122.635004 45.446476, -122.634944 45.446477, -122.634752 45.446481, -122.634323 45.446491, -122.633949 45.446499, -122.63345 45.446509, -122.632961 45.446518, -122.632659 45.446524)"
1,33,"LINESTRING (-122.632659 45.446524, -122.632535 45.446526, -122.63232 45.446531, -122.632069 45.446539, -122.631417 45.446553, -122.631168 45.44656, -122.630813 45.44657, -122.630349 45.446579, -122.629705 45.446591, -122.629248 45.446599, -122.628927 45.446604)"
1,33,"LINESTRING (-122.628927 45.446604, -122.628901 45.446605, -122.628476 45.446622, -122.6275 45.446632, -122.625842 45.446663, -122.624964 45.44668, -122.624878 45.446679, -122.624794 45.446678)"
1,33,"LINESTRING (-122.624794 45.446678, -122.624756 45.446677, -122.624597 45.446666, -122.624478 45.446658, -122.624399 45.446651, -122.624319 45.446647, -122.624239 45.446644, -122.624145 45.446641, -122.623334 45.446636, -122.622217 45.446628)"
1,33,"LINESTRING (-122.622217 45.446628, -122.622111 45.446627, -122.620053 45.446617, -122.619649 45.446614, -122.619539 45.446614, -122.619536 45.44686, -122.619535 45.446964, -122.619533 45.447118, -122.619531 45.447247, -122.619529 45.447338, -122.619531 45.447567)"
1,33,"LINESTRING (-122.619531 45.447567, -122.619532 45.447691, -122.619532 45.447705, -122.619527 45.447842, -122.619522 45.447881, -122.619512 45.447917, -122.619499 45.447944, -122.619471 45.447973, -122.619454 45.447986, -122.619398 45.44802, -122.619357 45.448032, -122.619304 45.44804, -122.619237 45.448042, -122.618795 45.448041, -122.618448 45.44804, -122.618074 45.448038, -122.616956 45.448033, -122.615118 45.44802, -122.614536 45.44802)"
1,33,"LINESTRING (-122.614536 45.44802, -122.614528 45.448021, -122.614369 45.448021, -122.612575 45.448013, -122.611817 45.448009, -122.611327 45.448006)"
1,33,"LINESTRING (-122.611327 45.448006, -122.610095 45.447999, -122.609366 45.447995)"
1,33,"LINESTRING (-122.609366 45.447995, -122.609263 45.447995, -122.608598 45.447991, -122.607902 45.447991, -122.607521 45.44799, -122.606697 45.447986, -122.606114 45.447983, -122.604547 45.447977, -122.604275 45.447976)"
1,33,"LINESTRING (-122.604275 45.447976, -122.604104 45.447975, -122.602621 45.447965)"
1,33,"LINESTRING (-122.602621 45.447965, -122.602568 45.447965, -122.601963 45.447963, -122.601282 45.447962, -122.601007 45.447961, -122.600828 45.44796, -122.600644 45.44796, -122.599837 45.447957, -122.599596 45.447955, -122.599072 45.447949, -122.598964 45.447949, -122.598837 45.44795, -122.598559 45.447949)"
1,33,"LINESTRING (-122.598559 45.447949, -122.598339 45.447947, -122.597177 45.447942, -122.596113 45.447936, -122.595346 45.447933)"
1,33,"LINESTRING (-122.595346 45.447933, -122.595218 45.447932, -122.593283 45.447922, -122.593036 45.44792, -122.592947 45.447915)"
1,33,"LINESTRING (-122.592947 45.447915, -122.592916 45.447913, -122.592823 45.447905, -122.592722 45.447892, -122.592544 45.44785, -122.592391 45.447803, -122.592224 45.447738, -122.592084 45.447673, -122.591926 45.447587, -122.591414 45.447314, -122.591184 45.447211, -122.591015 45.44716, -122.590893 45.447129, -122.590787 45.44711, -122.59064 45.447088, -122.590421 45.447069, -122.590271 45.447068)"
1,33,"LINESTRING (-122.590271 45.447068, -122.590161 45.447067, -122.588753 45.447062, -122.588192 45.44706, -122.587336 45.44706)"
1,33,"LINESTRING (-122.587336 45.44706, -122.587301 45.447061, -122.587197 45.447061, -122.586326 45.447053, -122.585782 45.44705, -122.585145 45.44705, -122.584246 45.447048, -122.583298 45.447044, -122.583039 45.447044, -122.582545 45.447042, -122.582238 45.447041, -122.582217 45.44704)"
1,33,"LINESTRING (-122.582217 45.44704, -122.581885 45.447039, -122.581478 45.447038, -122.581234 45.447037, -122.580934 45.447035, -122.58078 45.447035, -122.580525 45.447034, -122.579907 45.44703, -122.57957 45.447029, -122.579393 45.447029, -122.579222 45.447028, -122.578904 45.447028, -122.578897 45.446912, -122.578896 45.446588)"
1,33,"LINESTRING (-122.578896 45.446588, -122.578896 45.446311, -122.57891 45.446049, -122.578916 45.445924, -122.578921 45.44563, -122.578922 45.445523, -122.578925 45.445221, -122.578926 45.445098, -122.578924 45.444861, -122.578922 45.444649, -122.57892 45.444533, -122.578917 45.444401, -122.578918 45.44422)"
1,33,"LINESTRING (-122.578918 45.44422, -122.578919 45.444168, -122.578919 45.444013, -122.57892 45.443899, -122.578922 45.443581, -122.578927 45.442938, -122.578928 45.44225, -122.578928 45.441956, -122.578929 45.441553)"
1,33,"LINESTRING (-122.578929 45.441553, -122.578929 45.441274, -122.578928 45.440762, -122.578928 45.440617, -122.57893 45.440371, -122.578933 45.439838, -122.578944 45.439556, -122.578955 45.439355, -122.578971 45.438996, -122.578974 45.438936, -122.579004 45.438278, -122.5787 45.438278, -122.577925 45.438279, -122.577252 45.43828, -122.576351 45.438279, -122.575642 45.438279, -122.575645 45.438135, -122.575662 45.437361, -122.575656 45.437263, -122.575546 45.437261, -122.575444 45.437255, -122.575233 45.437262, -122.575122 45.437277, -122.575012 45.43731, -122.574795 45.437375, -122.574718 45.437398, -122.574635 45.437412, -122.574575 45.437415, -122.574539 45.437416, -122.574347 45.437414, -122.574259 45.437414, -122.57331 45.437402)"
1,33,"LINESTRING (-122.57331 45.437402, -122.57317 45.4374, -122.572993 45.437398, -122.572789 45.437386, -122.572368 45.437284, -122.572174 45.437243, -122.572096 45.437236, -122.571976 45.437225, -122.571863 45.437224, -122.571679 45.437222, -122.571651 45.437221, -122.571433 45.437216, -122.571197 45.437212, -122.570998 45.437206, -122.570785 45.437202, -122.570562 45.437198, -122.570335 45.437193, -122.570119 45.437189, -122.569903 45.437184, -122.569685 45.43718, -122.569469 45.437176, -122.569407 45.437175, -122.569347 45.437162, -122.569296 45.437139, -122.569251 45.437114, -122.569233 45.437081, -122.569226 45.437007, -122.569231 45.43683, -122.569217 45.436637, -122.569201 45.436537, -122.569182 45.436415, -122.569157 45.436264, -122.569129 45.436107, -122.569123 45.43607, -122.569104 45.43595, -122.569051 45.435618, -122.569036 45.435528, -122.568883 45.435508, -122.568653 45.435533, -122.568572 45.435564, -122.568479 45.435568, -122.568167 45.435599)"
1,33,"LINESTRING (-122.568167 45.435599, -122.568142 45.435602, -122.568101 45.435613, -122.56807 45.435626, -122.568073 45.43567, -122.568086 45.435735, -122.56809 45.435757, -122.568136 45.43581, -122.5682 45.436148, -122.568281 45.436575, -122.56838 45.436566, -122.568507 45.436554, -122.568749 45.436532, -122.568667 45.436108, -122.568601 45.435763, -122.56859 45.435689, -122.568589 45.435678)"
0,34,"LINESTRING (-122.568668 45.435588, -122.568822 45.435572, -122.568898 45.435565, -122.569036 45.435528, -122.569104 45.43595, -122.569123 45.43607, -122.569129 45.436107, -122.569157 45.436264, -122.569182 45.436415, -122.569201 45.436537, -122.569217 45.436637, -122.569231 45.43683, -122.569226 45.437007, -122.569233 45.437081, -122.569251 45.437114, -122.569296 45.437139, -122.569347 45.437162, -122.569407 45.437175, -122.569469 45.437176, -122.569685 45.43718, -122.569903 45.437184, -122.570119 45.437189, -122.570335 45.437193, -122.570562 45.437198, -122.570785 45.437202, -122.570998 45.437206, -122.571197 45.437212, -122.571433 45.437216, -122.571651 45.437221, -122.571679 45.437222, -122.571863 45.437224, -122.571976 45.437225, -122.572096 45.437236, -122.572174 45.437243, -122.572368 45.437284, -122.572789 45.437386, -122.572993 45.437398, -122.57317 45.4374, -122.574006 45.437411)"
0,34,"LINESTRING (-122.574006 45.437411, -122.574259 45.437414, -122.574347 45.437414, -122.574539 45.437416, -122.574575 45.437415, -122.574635 45.437412, -122.574718 45.437398, -122.574795 45.437375, -122.575012 45.43731, -122.575122 45.437277, -122.575233 45.437262, -122.575444 45.437255, -122.575546 45.437261, -122.575656 45.437263, -122.575662 45.437361, -122.575645 45.438135, -122.575642 45.438279, -122.576351 45.438279, -122.577252 45.43828, -122.577925 45.438279, -122.579004 45.438278, -122.57929 45.438274, -122.580288 45.43827, -122.58046 45.438269)"
0,34,"LINESTRING (-122.58046 45.438269, -122.580571 45.438268, -122.580817 45.438282, -122.58095 45.438301, -122.581173 45.438333, -122.581249 45.438346, -122.581349 45.438362, -122.581459 45.438375, -122.581537 45.438376, -122.581674 45.438375, -122.58337 45.438391)"
0,34,"LINESTRING (-122.58337 45.438391, -122.583674 45.438394, -122.583891 45.43797, -122.583982 45.4378, -122.584076 45.437641, -122.584187 45.437471, -122.584298 45.437315, -122.584375 45.437214, -122.584509 45.437048, -122.584796 45.436711, -122.584942 45.43654)"
0,34,"LINESTRING (-122.584942 45.43654, -122.585041 45.436425, -122.585723 45.435629, -122.586502 45.434726, -122.586743 45.434449, -122.58688 45.434289, -122.586933 45.434211, -122.586943 45.434198)"
0,34,"LINESTRING (-122.586943 45.434198, -122.586997 45.434086, -122.587042 45.433964, -122.587076 45.433867, -122.587098 45.433759, -122.587108 45.433662, -122.587107 45.433477, -122.587104 45.433314, -122.587105 45.432573, -122.587226 45.432574, -122.587448 45.432563, -122.587619 45.432551)"
0,34,"LINESTRING (-122.587619 45.432551, -122.587658 45.432548, -122.587818 45.432536, -122.587959 45.432519, -122.588121 45.432492, -122.588615 45.432395, -122.58883 45.432354, -122.588968 45.432328, -122.589186 45.432286, -122.589335 45.432259, -122.589755 45.432194, -122.589914 45.432179, -122.589966 45.432176, -122.590085 45.432172, -122.590202 45.432171, -122.590651 45.432189, -122.591231 45.432209, -122.591603 45.432218, -122.591833 45.432222, -122.592006 45.432217, -122.592145 45.43221, -122.592634 45.432163, -122.592989 45.432124, -122.593553 45.432072, -122.593777 45.432052, -122.596108 45.43191, -122.596289 45.431899)"
0,34,"LINESTRING (-122.596289 45.431899, -122.596459 45.431888, -122.597098 45.431846, -122.597317 45.431842, -122.597475 45.431848, -122.597534 45.431852, -122.597625 45.431858, -122.597772 45.431878, -122.597912 45.431903, -122.598113 45.431953, -122.598327 45.432019, -122.598468 45.432069, -122.598434 45.432137, -122.598423 45.432164, -122.598409 45.432206, -122.598392 45.43228, -122.598379 45.432351, -122.598376 45.432412, -122.598381 45.432493, -122.598392 45.432569, -122.598421 45.432717, -122.598427 45.432751, -122.598455 45.432911, -122.59848 45.433028, -122.598516 45.433128, -122.598528 45.433154, -122.598569 45.433239, -122.598587 45.433273, -122.598622 45.433338, -122.598689 45.433457, -122.598916 45.433862, -122.599073 45.434169, -122.599129 45.4343, -122.599173 45.434411, -122.599205 45.434501, -122.599232 45.434591, -122.599276 45.434769, -122.599317 45.434978, -122.59933 45.435051, -122.599342 45.43514, -122.599349 45.435259, -122.599349 45.435328)"
0,34,"LINESTRING (-122.599349 45.435328, -122.59935 45.435365, -122.59935 45.43547, -122.599343 45.435917, -122.599342 45.436046, -122.599338 45.436371, -122.599331 45.437006, -122.599323 45.437643, -122.599319 45.43795, -122.599319 45.437966)"
0,34,"LINESTRING (-122.599319 45.437966, -122.599308 45.438743, -122.599307 45.438842, -122.599302 45.439088, -122.599283 45.44003, -122.599221 45.442417, -122.599209 45.442901)"
0,34,"LINESTRING (-122.599209 45.442901, -122.599205 45.443035, -122.59918 45.443666, -122.599175 45.443883, -122.599162 45.444082, -122.599144 45.444229, -122.599105 45.444358, -122.599046 45.444566, -122.599037 45.444611, -122.599018 45.444759, -122.599011 45.444912, -122.599008 45.445095, -122.599007 45.4451)"
0,34,"LINESTRING (-122.599007 45.4451, -122.599005 45.445227, -122.599002 45.445431, -122.598998 45.445713, -122.598992 45.446063, -122.598988 45.446572, -122.598982 45.446826, -122.59898 45.446895, -122.598963 45.44737, -122.598965 45.447631, -122.598965 45.447864, -122.598964 45.447949, -122.598963 45.448039, -122.598968 45.448235)"
0,34,"LINESTRING (-122.598968 45.448235, -122.59897 45.448337, -122.598971 45.448758, -122.598973 45.449426, -122.598984 45.450155, -122.598985 45.450608, -122.59899 45.45116, -122.598991 45.45159, -122.598996 45.452024)"
0,34,"LINESTRING (-122.598996 45.452024, -122.598997 45.452092, -122.598991 45.453633, -122.598993 45.454563, -122.598993 45.45466, -122.598994 45.454864, -122.598988 45.455072, -122.598976 45.455621, -122.598976 45.455636, -122.598977 45.45581, -122.598977 45.45601, -122.598981 45.456122, -122.599121 45.456153, -122.599576 45.456288, -122.600152 45.456465, -122.600544 45.456589, -122.600721 45.456645, -122.600809 45.456673, -122.601544 45.456907, -122.601791 45.456983)"
0,34,"LINESTRING (-122.601791 45.456983, -122.601846 45.457, -122.602686 45.457267, -122.604159 45.457739, -122.604551 45.457873, -122.604752 45.457941)"
0,34,"LINESTRING (-122.604752 45.457941, -122.604976 45.458018, -122.606268 45.458433, -122.607334 45.458763, -122.60851 45.459125, -122.609343 45.459396, -122.609513 45.459453, -122.610025 45.459619, -122.611109 45.459965, -122.611493 45.460083, -122.612479 45.460394, -122.612793 45.460493)"
0,34,"LINESTRING (-122.612793 45.460493, -122.614377 45.460994, -122.614573 45.461057, -122.614699 45.461102, -122.61487 45.461172, -122.615007 45.461238, -122.615107 45.461294, -122.615266 45.461395, -122.615437 45.461517, -122.615758 45.461732, -122.615897 45.461814, -122.616 45.461867, -122.616104 45.461912, -122.61647 45.462038, -122.616587 45.462081, -122.616658 45.461972, -122.616733 45.461857, -122.616792 45.461829, -122.616821 45.46178, -122.616839 45.461747)"
0,34,"LINESTRING (-122.616839 45.461747, -122.616853 45.461721, -122.61686 45.461689, -122.616872 45.461642, -122.616877 45.461586, -122.616833 45.461521, -122.616882 45.46123, -122.616974 45.460739, -122.616992 45.460634, -122.617022 45.460552, -122.617059 45.460491, -122.617106 45.460434, -122.617114 45.460426)"
0,34,"LINESTRING (-122.617114 45.460426, -122.617171 45.460372, -122.617217 45.460337, -122.617296 45.460295, -122.617428 45.460237, -122.617747 45.460105, -122.617883 45.46005, -122.618015 45.460006, -122.618152 45.45997, -122.618305 45.459937, -122.618458 45.459916, -122.618559 45.45991, -122.618637 45.459909, -122.618764 45.459913, -122.618904 45.459931, -122.619087 45.459962, -122.619236 45.460003, -122.619402 45.460057, -122.620029 45.460288, -122.620108 45.46032, -122.6202 45.46035, -122.620295 45.460373, -122.620432 45.460393)"
0,34,"LINESTRING (-122.620432 45.460393, -122.620434 45.460393, -122.621095 45.46047, -122.622022 45.460576, -122.622585 45.460644, -122.623275 45.460722, -122.623476 45.460748, -122.623608 45.460778, -122.623689 45.4608, -122.623873 45.460874, -122.624248 45.461068, -122.624662 45.461276, -122.624963 45.461441, -122.625989 45.462034)"
0,34,"LINESTRING (-122.625989 45.462034, -122.626085 45.46209, -122.626179 45.462144, -122.626281 45.462204, -122.626461 45.462302, -122.626581 45.462359, -122.626636 45.462381, -122.62671 45.462403, -122.626783 45.462418, -122.626922 45.46244, -122.627264 45.462488, -122.627554 45.462524, -122.628342 45.462632, -122.628799 45.462691, -122.628868 45.4627, -122.628924 45.462698, -122.629027 45.462687, -122.629139 45.462669, -122.629535 45.46259, -122.629565 45.462586)"
0,34,"LINESTRING (-122.629565 45.462586, -122.629592 45.462583, -122.629654 45.462576, -122.62969 45.462575, -122.629735 45.462577, -122.629811 45.462587, -122.629858 45.462654, -122.6299 45.462702, -122.630083 45.4629, -122.630145 45.462953, -122.630225 45.463017, -122.630338 45.463077, -122.63041 45.463106, -122.630486 45.463129, -122.630543 45.463142, -122.630668 45.463158, -122.630773 45.463167, -122.632294 45.463267, -122.633041 45.463317, -122.633164 45.463331, -122.633288 45.463357, -122.633411 45.463396, -122.634177 45.463706, -122.634288 45.463754, -122.634337 45.46378, -122.634379 45.463806, -122.634426 45.463837, -122.634469 45.463871, -122.63451 45.463909, -122.634571 45.463952, -122.634557 45.463978, -122.634561 45.464004, -122.634591 45.464033, -122.634638 45.464071, -122.634671 45.464096, -122.634777 45.464108, -122.63486 45.464147, -122.634933 45.464174, -122.635034 45.464202, -122.635187 45.46423, -122.635355 45.46424, -122.635531 45.464246, -122.635578 45.464247, -122.636854 45.464273, -122.636965 45.464275, -122.637263 45.464283, -122.637484 45.464286, -122.637455 45.464209, -122.637444 45.464168, -122.637351 45.463697, -122.637294 45.463348, -122.637225 45.46305, -122.637201 45.462958, -122.637184 45.462908, -122.637115 45.462752, -122.637115 45.462751)"
0,34,"LINESTRING (-122.637115 45.462751, -122.637089 45.462703, -122.637065 45.462653, -122.637051 45.462598, -122.637045 45.46256, -122.637046 45.462535, -122.637052 45.462501, -122.637073 45.462459, -122.637126 45.462388, -122.637151 45.462353, -122.637172 45.462332, -122.637362 45.462063, -122.637226 45.462032, -122.637179 45.462015, -122.637157 45.461995, -122.63713 45.461939, -122.637042 45.461607, -122.637043 45.461589, -122.637051 45.461572, -122.637072 45.461562, -122.637097 45.461557, -122.63758 45.461559, -122.637581 45.461628, -122.637573 45.461656, -122.637551 45.461692, -122.637388 45.462015, -122.637362 45.462063, -122.637172 45.462332, -122.637151 45.462353, -122.637126 45.462388, -122.637073 45.462459, -122.637052 45.462501, -122.637046 45.462535, -122.637045 45.46256, -122.637051 45.462598, -122.637065 45.462653, -122.637089 45.462703, -122.637115 45.462752, -122.637184 45.462908, -122.637201 45.462958, -122.637225 45.46305, -122.637294 45.463348, -122.637351 45.463697, -122.637444 45.464168, -122.637455 45.464209, -122.637484 45.464286, -122.637609 45.464288, -122.638008 45.464292, -122.638147 45.46429, -122.638256 45.464289, -122.638465 45.464279, -122.638754 45.464264, -122.638921 45.464248, -122.63924 45.464214, -122.639565 45.464181, -122.639591 45.464133, -122.639596 45.464076, -122.639576 45.464003, -122.639509 45.463904, -122.639477 45.46385, -122.639427 45.46379, -122.63938 45.463753, -122.639308 45.463708, -122.639243 45.463678, -122.639197 45.463663, -122.639102 45.463639, -122.639012 45.463625, -122.638931 45.463617, -122.638922 45.463608, -122.638917 45.463603, -122.638909 45.463599, -122.638897 45.463594, -122.638887 45.463591, -122.638862 45.463587, -122.638844 45.463586, -122.638831 45.463585, -122.638817 45.463583, -122.638796 45.463578, -122.638777 45.463573, -122.638765 45.463567, -122.638752 45.463559, -122.638744 45.463552, -122.638737 45.463545, -122.638716 45.463525, -122.638704 45.46351, -122.638684 45.463478, -122.638678 45.463468, -122.638673 45.463455, -122.638668 45.463424, -122.638669 45.4634, -122.638675 45.463375, -122.63868 45.463346, -122.638682 45.463318, -122.638656 45.463273, -122.638635 45.46325, -122.638721 45.46288, -122.638982 45.461962, -122.639014 45.461849, -122.639082 45.461606, -122.639183 45.461254)"
0,34,"LINESTRING (-122.639183 45.461254, -122.639221 45.46112, -122.639325 45.460747, -122.63944 45.460353, -122.639625 45.459754, -122.63979 45.45913, -122.639886 45.458784, -122.639896 45.458708, -122.640082 45.45859, -122.640207 45.45837)"
0,34,"LINESTRING (-122.640207 45.45837, -122.640306 45.458196, -122.640381 45.458178, -122.640446 45.458168, -122.640562 45.458152, -122.641001 45.458148, -122.641076 45.458154, -122.641129 45.458162, -122.641174 45.458175, -122.64121 45.458189, -122.641245 45.458205, -122.641279 45.458227, -122.641306 45.458247, -122.641329 45.458268, -122.641347 45.458294, -122.641361 45.458335, -122.641367 45.458381, -122.64132 45.458469, -122.641286 45.458526, -122.641248 45.45857, -122.641217 45.458595, -122.641174 45.458619, -122.641015 45.458692, -122.640913 45.458693, -122.640806 45.458694, -122.640094 45.458701, -122.639896 45.458708, -122.639683 45.458716, -122.639539 45.458721, -122.639272 45.458727, -122.638895 45.458731, -122.638601 45.458733, -122.638272 45.458735, -122.638238 45.458583, -122.638203 45.458404, -122.638167 45.458204, -122.638156 45.458122, -122.638144 45.457997, -122.638142 45.457885, -122.638151 45.457716, -122.638165 45.457652, -122.638185 45.457587, -122.638215 45.457521, -122.638249 45.457465, -122.638283 45.457416, -122.638319 45.457374, -122.638356 45.457334, -122.638399 45.457293, -122.638451 45.457252, -122.638513 45.457207, -122.638551 45.457181, -122.6386 45.457152, -122.638661 45.457125, -122.638762 45.457087, -122.638773 45.457083)"
0,34,"LINESTRING (-122.638773 45.457083, -122.638852 45.45706, -122.638927 45.457042, -122.638982 45.45703, -122.63904 45.457021, -122.639112 45.457013, -122.639187 45.457008, -122.639268 45.457006, -122.639432 45.457006, -122.63949 45.457003, -122.639524 45.456999, -122.639556 45.456991, -122.639596 45.456977, -122.639623 45.456967, -122.639652 45.456951, -122.63968 45.45693, -122.639704 45.456905, -122.63972 45.456885, -122.639736 45.456862, -122.639747 45.45684, -122.63976 45.456804, -122.639988 45.455901, -122.640228 45.454875, -122.64042 45.45407, -122.640534 45.453635, -122.640566 45.453518, -122.640579 45.453453, -122.640585 45.453402, -122.640584 45.453354, -122.640568 45.453219, -122.640531 45.452975, -122.640529 45.452914, -122.640531 45.452841, -122.640542 45.452759, -122.640562 45.452676, -122.640591 45.452599, -122.64061 45.452557, -122.640634 45.452509, -122.640794 45.452246, -122.640812 45.452216)"
0,34,"LINESTRING (-122.640812 45.452216, -122.640849 45.452154, -122.64088 45.4521, -122.640911 45.452031, -122.640936 45.451973, -122.640959 45.451922, -122.641007 45.451811, -122.641049 45.451677, -122.641272 45.450807, -122.641379 45.450399, -122.641468 45.450061, -122.641603 45.449635, -122.64167 45.44945, -122.641737 45.449204, -122.641819 45.448917, -122.641892 45.448637)"
0,34,"LINESTRING (-122.641892 45.448637, -122.641898 45.448614, -122.641922 45.448535, -122.641985 45.448296, -122.642016 45.448156, -122.642031 45.448051, -122.642042 45.447897, -122.642047 45.447787, -122.642045 45.447736, -122.642044 45.447701, -122.642039 45.447496, -122.642034 45.447402, -122.642029 45.447337, -122.64202 45.447254, -122.642008 45.447166, -122.641998 45.447101, -122.641977 45.44697, -122.641963 45.446882, -122.64191 45.446596, -122.641851 45.446342)"
0,34,"LINESTRING (-122.641851 45.446342, -122.641822 45.446219, -122.641672 45.445591, -122.641654 45.445522, -122.641633 45.445438, -122.641499 45.44488, -122.641478 45.444784, -122.641333 45.4448, -122.640938 45.444843, -122.640505 45.444891)"
0,34,"LINESTRING (-122.640505 45.444891, -122.64036 45.444907, -122.64032 45.44474, -122.640286 45.444596, -122.640203 45.444233, -122.64019 45.444162, -122.640176 45.444089, -122.640029 45.443456, -122.640017 45.443409, -122.639993 45.443307, -122.639863 45.442718)"
0,34,"LINESTRING (-122.639863 45.442718, -122.639841 45.442616, -122.639942 45.4426, -122.64077 45.44249, -122.640899 45.442474, -122.641558 45.442396, -122.642028 45.442341, -122.641979 45.442179, -122.641927 45.441973, -122.641804 45.441487, -122.641579 45.440559, -122.641475 45.440133, -122.641397 45.439847, -122.641352 45.4397, -122.641258 45.439447, -122.641166 45.439228, -122.641047 45.438987, -122.640926 45.438759, -122.640918 45.438482, -122.640937 45.438174, -122.640932 45.438148, -122.640908 45.438093, -122.640922 45.437576)"
0,34,"LINESTRING (-122.640922 45.437576, -122.640924 45.437514, -122.640938 45.437452, -122.640955 45.437375, -122.640983 45.436478, -122.641002 45.435484, -122.641004 45.435342)"
0,34,"LINESTRING (-122.641004 45.435342, -122.641013 45.434803, -122.641013 45.434707, -122.641004 45.434649, -122.640987 45.434607, -122.640975 45.434589, -122.640948 45.434561, -122.6409 45.434534, -122.640845 45.434512, -122.640789 45.434495, -122.640728 45.434485, -122.640452 45.434478, -122.640342 45.43446, -122.640288 45.434455, -122.640244 45.434449, -122.640203 45.434436, -122.640172 45.434422, -122.640149 45.434408, -122.640127 45.434389, -122.640106 45.434368, -122.640093 45.434345, -122.640086 45.434319, -122.640084 45.434288, -122.640053 45.43425, -122.640058 45.433728, -122.640058 45.433689, -122.640067 45.433643, -122.640082 45.433612, -122.640114 45.433565, -122.640156 45.433515, -122.640218 45.43346, -122.640386 45.433315, -122.640581 45.433154, -122.640949 45.432857, -122.641521 45.432388, -122.641548 45.432367)"
0,34,"LINESTRING (-122.641548 45.432367, -122.641667 45.432271, -122.64186 45.432111, -122.641951 45.432031, -122.642035 45.431959, -122.642155 45.431844, -122.642229 45.431764, -122.642299 45.431683, -122.642347 45.431619, -122.642473 45.431446, -122.642699 45.431117, -122.642732 45.431069)"
0,34,"LINESTRING (-122.642732 45.431069, -122.643028 45.430638, -122.643388 45.430121, -122.643511 45.429948, -122.64366 45.429727, -122.644073 45.429129, -122.64417 45.42899, -122.644237 45.428895, -122.644341 45.428746, -122.64444 45.4286, -122.64445 45.428585)"
0,34,"LINESTRING (-122.64445 45.428585, -122.644803 45.428073, -122.644983 45.427812, -122.645049 45.427706, -122.645112 45.427593, -122.645157 45.427512, -122.645199 45.427428, -122.645241 45.427327, -122.64531 45.427151, -122.645335 45.427079, -122.645357 45.427015, -122.645391 45.426893, -122.645426 45.426756, -122.645443 45.426661, -122.645463 45.426499, -122.645466 45.426455, -122.64547 45.426395, -122.645477 45.426259, -122.64548 45.426057, -122.645485 45.425783, -122.645485 45.425589, -122.645486 45.425378)"
0,34,"LINESTRING (-122.645486 45.425378, -122.645486 45.424896, -122.645489 45.424822, -122.645489 45.424781, -122.645491 45.423828, -122.645493 45.423521, -122.645493 45.423205, -122.645492 45.422635, -122.645492 45.42263)"
0,34,"LINESTRING (-122.645492 45.42263, -122.64549 45.422529, -122.645492 45.42241, -122.645498 45.421143, -122.645498 45.42069)"
0,34,"LINESTRING (-122.645498 45.42069, -122.645497 45.419674, -122.645498 45.41922, -122.645501 45.418297, -122.645498 45.418222, -122.645498 45.418221)"
0,34,"LINESTRING (-122.645498 45.418221, -122.645492 45.417224, -122.645493 45.416745, -122.645493 45.416579, -122.645494 45.416475, -122.645494 45.416453)"
0,34,"LINESTRING (-122.645494 45.416453, -122.645495 45.416257, -122.645498 45.416015, -122.645498 45.41554, -122.645492 45.415051, -122.645478 45.414555, -122.645474 45.414448, -122.64547 45.414298)"
0,34,"LINESTRING (-122.64547 45.414298, -122.645465 45.414078, -122.645454 45.413589, -122.645448 45.413241, -122.645449 45.412813, -122.645459 45.412107, -122.645468 45.41189)"
0,34,"LINESTRING (-122.645468 45.41189, -122.645473 45.411764, -122.645478 45.411412, -122.645468 45.410669, -122.645462 45.410024, -122.645445 45.408973, -122.645442 45.408909, -122.645435 45.408851, -122.645421 45.408783, -122.645391 45.408701)"
0,34,"LINESTRING (-122.645391 45.408701, -122.64539 45.408699, -122.645357 45.408618, -122.645305 45.408503, -122.645254 45.408405, -122.64522 45.408342, -122.645169 45.408256, -122.64512 45.40818, -122.645052 45.408087, -122.644939 45.407955, -122.644856 45.407874, -122.644762 45.407795, -122.644605 45.407678, -122.644459 45.407573, -122.644354 45.407499)"
0,34,"LINESTRING (-122.644354 45.407499, -122.644258 45.407433, -122.644057 45.407295, -122.643949 45.407226, -122.643841 45.407163, -122.643798 45.407139, -122.643719 45.407102, -122.643635 45.407068, -122.643458 45.407002, -122.643306 45.406953, -122.642985 45.406859, -122.642715 45.406778, -122.642587 45.406737, -122.642516 45.406712, -122.642452 45.406688, -122.642372 45.406657, -122.642304 45.406627, -122.642219 45.406587, -122.64181 45.406382)"
0,34,"LINESTRING (-122.64181 45.406382, -122.641702 45.406328, -122.641178 45.40606, -122.640511 45.405722, -122.639986 45.405456, -122.63957 45.405242, -122.639358 45.40513, -122.639256 45.405073)"
0,34,"LINESTRING (-122.639256 45.405073, -122.63922 45.405053, -122.639146 45.405008, -122.63896 45.404864, -122.638701 45.404662, -122.638432 45.40445, -122.638252 45.404305, -122.638008 45.404114, -122.637799 45.40395, -122.637648 45.403829)"
0,34,"LINESTRING (-122.637648 45.403829, -122.637339 45.403583, -122.636995 45.403312, -122.636919 45.403249, -122.636865 45.403204, -122.636619 45.403022, -122.636429 45.40289, -122.636269 45.40279, -122.63597 45.402619, -122.635029 45.402089, -122.634556 45.401826, -122.634344 45.401708)"
0,34,"LINESTRING (-122.634344 45.401708, -122.633919 45.401469, -122.633345 45.401147, -122.63297 45.400938, -122.632895 45.400891, -122.632829 45.400846, -122.63269 45.400742, -122.632538 45.400608, -122.632193 45.400287, -122.632087 45.40019, -122.631974 45.400086)"
0,34,"LINESTRING (-122.631974 45.400086, -122.631616 45.399759, -122.631184 45.399358, -122.630605 45.398836, -122.630395 45.398656, -122.6303 45.398582, -122.630211 45.398516, -122.630086 45.398437, -122.629929 45.398343, -122.629394 45.398035, -122.62928 45.39797)"
0,34,"LINESTRING (-122.62928 45.39797, -122.62884 45.397719, -122.627509 45.396965, -122.626152 45.396187, -122.625285 45.395686, -122.625017 45.395519)"
0,34,"LINESTRING (-122.625017 45.395519, -122.624738 45.395344, -122.623775 45.394697, -122.622795 45.39403, -122.622294 45.393689, -122.621486 45.393142, -122.621286 45.393006)"
0,34,"LINESTRING (-122.621286 45.393006, -122.620978 45.392796, -122.620595 45.39254, -122.620055 45.392169, -122.619461 45.391767, -122.619179 45.391578)"
0,34,"LINESTRING (-122.619179 45.391578, -122.618635 45.391213, -122.61845 45.391088, -122.618222 45.390935, -122.617904 45.390721, -122.617683 45.390571, -122.617456 45.390419, -122.617076 45.390161)"
0,34,"LINESTRING (-122.617076 45.390161, -122.616962 45.390084, -122.616448 45.389731, -122.616287 45.389622, -122.615341 45.388987, -122.615061 45.388799, -122.614883 45.388677, -122.614783 45.388608, -122.614301 45.388279, -122.614213 45.38822, -122.613897 45.388009)"
0,34,"LINESTRING (-122.613897 45.388009, -122.61366 45.387852, -122.613121 45.387486, -122.612525 45.387083)"
0,34,"LINESTRING (-122.612525 45.387083, -122.612411 45.387006, -122.612067 45.386774, -122.611606 45.386463, -122.611081 45.386107)"
0,34,"LINESTRING (-122.611081 45.386107, -122.610973 45.386033, -122.609672 45.385156)"
0,34,"LINESTRING (-122.609672 45.385156, -122.609569 45.385086, -122.609194 45.38483, -122.609152 45.384802, -122.609102 45.384769, -122.608817 45.384581, -122.608532 45.384785, -122.608306 45.384946, -122.608158 45.385051, -122.608029 45.385143, -122.607905 45.385234, -122.607752 45.385346, -122.607686 45.385394)"
0,34,"LINESTRING (-122.607686 45.385394, -122.6076 45.385457, -122.607556 45.38549, -122.607408 45.385598, -122.606845 45.38601, -122.606096 45.386564, -122.605951 45.386668, -122.605885 45.386597, -122.604917 45.385942)"
0,34,"LINESTRING (-122.604917 45.385942, -122.60489 45.385924, -122.603375 45.384894, -122.603155 45.384746)"
0,34,"LINESTRING (-122.603155 45.384746, -122.603029 45.384661, -122.602877 45.384556, -122.602789 45.384499, -122.602668 45.384424, -122.602607 45.384391, -122.602548 45.38436, -122.602464 45.384321, -122.60241 45.384298, -122.602353 45.384274, -122.602266 45.384241, -122.602159 45.384203, -122.602048 45.384167, -122.601977 45.384148, -122.601886 45.384129, -122.601801 45.384114, -122.601722 45.384103, -122.601626 45.384092, -122.601522 45.384085, -122.601359 45.384077, -122.601274 45.384077, -122.601102 45.38408)"
0,34,"LINESTRING (-122.601102 45.38408, -122.600486 45.38409, -122.600077 45.384108, -122.599579 45.384121, -122.598788 45.384135, -122.597916 45.384168, -122.597816 45.384176, -122.597761 45.384183, -122.597729 45.384188, -122.597697 45.384195, -122.59759 45.384221, -122.597437 45.384269, -122.59741 45.384277)"
0,34,"LINESTRING (-122.59741 45.384277, -122.597281 45.38432, -122.597085 45.384032, -122.596966 45.383849, -122.596785 45.383572)"
0,34,"LINESTRING (-122.596785 45.383572, -122.596734 45.383495, -122.596301 45.382848, -122.595874 45.382203, -122.595497 45.381633)"
0,34,"LINESTRING (-122.595497 45.381633, -122.595443 45.38155, -122.595211 45.381204, -122.595017 45.380914, -122.594645 45.380357)"
0,34,"LINESTRING (-122.594645 45.380357, -122.594635 45.380342, -122.594581 45.380262, -122.594161 45.379621, -122.593726 45.378971, -122.593434 45.378533)"
0,34,"LINESTRING (-122.593434 45.378533, -122.593411 45.378498, -122.593296 45.378328, -122.594212 45.378026, -122.594854 45.377814)"
0,34,"LINESTRING (-122.594854 45.377814, -122.594957 45.37778, -122.59674 45.377192)"
0,34,"LINESTRING (-122.59674 45.377192, -122.596892 45.377142, -122.598639 45.376566)"
0,34,"LINESTRING (-122.598639 45.376566, -122.598768 45.376523, -122.599135 45.376401, -122.599935 45.376161, -122.600266 45.376062, -122.600476 45.376002, -122.6007 45.375938, -122.600853 45.375895)"
0,34,"LINESTRING (-122.600853 45.375895, -122.601597 45.375682, -122.601708 45.375661, -122.601809 45.375659, -122.601787 45.375553, -122.601753 45.375364, -122.601717 45.375044, -122.601682 45.374729, -122.601652 45.374401, -122.601631 45.37415, -122.6016 45.373827, -122.601509 45.372935, -122.601456 45.372386, -122.601432 45.372158, -122.601384 45.371632, -122.60135 45.371205, -122.601291 45.370505, -122.601266 45.370214, -122.601202 45.369637, -122.60127 45.369549, -122.601251 45.369344, -122.601228 45.36899, -122.601202 45.368574, -122.601191 45.36845)"
0,34,"LINESTRING (-122.601191 45.36845, -122.60118 45.368332, -122.601181 45.368212, -122.601182 45.368095, -122.601121 45.36749, -122.60106 45.366874, -122.60092 45.366746, -122.600914 45.366657, -122.600826 45.365847, -122.600807 45.365575, -122.600798 45.365456, -122.600794 45.365346, -122.600791 45.3652, -122.600792 45.365097, -122.600795 45.36503, -122.600818 45.364813, -122.600844 45.364683, -122.600893 45.364486, -122.600942 45.364307, -122.601091 45.364194, -122.601138 45.364079, -122.601215 45.363929, -122.601307 45.363759, -122.601409 45.363606, -122.601529 45.363444, -122.601647 45.363294, -122.601823 45.363094, -122.602015 45.362881, -122.602216 45.362673, -122.602311 45.36259, -122.602403 45.36251, -122.602863 45.362055, -122.603265 45.361665, -122.603323 45.361612, -122.603379 45.361561, -122.603516 45.36144, -122.603766 45.361231, -122.603875 45.361148, -122.603974 45.361075, -122.604206 45.360927, -122.604241 45.360836, -122.604399 45.360747, -122.604521 45.360681, -122.604581 45.360648, -122.604847 45.360508, -122.604707 45.360427, -122.604523 45.360319, -122.604338 45.360218, -122.604256 45.360173)"
1,34,"LINESTRING (-122.604256 45.360173, -122.604096 45.360086, -122.603976 45.360022, -122.603923 45.360058, -122.603887 45.360086, -122.603821 45.360144, -122.603618 45.360348, -122.603188 45.360774, -122.603544 45.360954, -122.603688 45.361029, -122.603708 45.361041, -122.603775 45.361084, -122.603666 45.361166, -122.603437 45.361356, -122.603215 45.361555, -122.602993 45.361764, -122.60265 45.362106, -122.602211 45.362539, -122.602123 45.362627, -122.601827 45.362924, -122.601647 45.363115, -122.60148 45.363298, -122.601304 45.363491, -122.601205 45.363623, -122.601138 45.363718, -122.601079 45.36381, -122.601014 45.363927, -122.600971 45.364006, -122.600898 45.364161, -122.600942 45.364307, -122.600893 45.364486, -122.600844 45.364683, -122.600818 45.364813, -122.600795 45.36503, -122.600792 45.365097, -122.600791 45.3652, -122.600794 45.365346, -122.600798 45.365456, -122.600807 45.365575, -122.600826 45.365847, -122.600914 45.366657, -122.60092 45.366746, -122.600839 45.366887, -122.600846 45.366983, -122.600885 45.367385, -122.6009 45.367507, -122.600953 45.368108, -122.600953 45.368343, -122.600984 45.368588, -122.601002 45.368722, -122.601017 45.368837)"
1,34,"LINESTRING (-122.601017 45.368837, -122.601023 45.368885, -122.601049 45.369087, -122.60108 45.369349, -122.601101 45.369559, -122.601202 45.369637, -122.601266 45.370214, -122.601291 45.370505, -122.60135 45.371205, -122.601384 45.371632, -122.601432 45.372158, -122.601456 45.372386, -122.601509 45.372935, -122.6016 45.373827, -122.601631 45.37415, -122.601652 45.374401, -122.601682 45.374729, -122.601717 45.375044, -122.601753 45.375364, -122.601787 45.375553, -122.601809 45.375659, -122.601708 45.375661, -122.601597 45.375682, -122.6007 45.375938, -122.600476 45.376002, -122.600266 45.376062, -122.599935 45.376161, -122.599135 45.376401, -122.598861 45.376492)"
1,34,"LINESTRING (-122.598861 45.376492, -122.598768 45.376523, -122.596996 45.377108)"
1,34,"LINESTRING (-122.596996 45.377108, -122.596892 45.377142, -122.595084 45.377739)"
1,34,"LINESTRING (-122.595084 45.377739, -122.594957 45.37778, -122.594212 45.378026, -122.593455 45.378276)"
1,34,"LINESTRING (-122.593455 45.378276, -122.593296 45.378328, -122.593411 45.378498, -122.593726 45.378971, -122.594161 45.379621, -122.594501 45.38014)"
1,34,"LINESTRING (-122.594501 45.38014, -122.594581 45.380262, -122.594635 45.380342, -122.595017 45.380914, -122.595211 45.381204, -122.595391 45.381474)"
1,34,"LINESTRING (-122.595391 45.381474, -122.595443 45.38155, -122.595874 45.382203, -122.596247 45.382766)"
1,34,"LINESTRING (-122.596247 45.382766, -122.596301 45.382848, -122.596734 45.383495, -122.596966 45.383849, -122.597085 45.384032, -122.597281 45.38432, -122.59741 45.384277, -122.59759 45.384221, -122.597697 45.384195, -122.597729 45.384188, -122.597761 45.384183, -122.597816 45.384176, -122.597916 45.384168, -122.598175 45.384158)"
1,34,"LINESTRING (-122.598175 45.384158, -122.598788 45.384135, -122.599579 45.384121, -122.600077 45.384108, -122.600486 45.38409, -122.601134 45.384079)"
1,34,"LINESTRING (-122.601134 45.384079, -122.601274 45.384077, -122.601359 45.384077, -122.601522 45.384085, -122.601626 45.384092, -122.601722 45.384103, -122.601801 45.384114, -122.601886 45.384129, -122.601977 45.384148, -122.602048 45.384167, -122.602159 45.384203, -122.602266 45.384241, -122.602353 45.384274, -122.60241 45.384298, -122.602464 45.384321, -122.602548 45.38436, -122.602607 45.384391, -122.602668 45.384424, -122.602789 45.384499, -122.602877 45.384556, -122.602938 45.384598)"
1,34,"LINESTRING (-122.602938 45.384598, -122.603029 45.384661, -122.603375 45.384894, -122.604782 45.38585)"
1,34,"LINESTRING (-122.604782 45.38585, -122.60489 45.385924, -122.605885 45.386597, -122.605951 45.386668, -122.606096 45.386564, -122.606845 45.38601, -122.607408 45.385598, -122.607556 45.38549, -122.6076 45.385457, -122.607664 45.38541)"
1,34,"LINESTRING (-122.607664 45.38541, -122.607752 45.385346, -122.607905 45.385234, -122.608029 45.385143, -122.608158 45.385051, -122.608306 45.384946, -122.608532 45.384785, -122.608817 45.384581, -122.609102 45.384769, -122.609152 45.384802, -122.609194 45.38483, -122.609427 45.384989)"
1,34,"LINESTRING (-122.609427 45.384989, -122.609569 45.385086, -122.610885 45.385974)"
1,34,"LINESTRING (-122.610885 45.385974, -122.610973 45.386033, -122.611606 45.386463, -122.612067 45.386774, -122.612355 45.386968)"
1,34,"LINESTRING (-122.612355 45.386968, -122.612411 45.387006, -122.613121 45.387486, -122.61366 45.387852, -122.613935 45.388034)"
1,34,"LINESTRING (-122.613935 45.388034, -122.614213 45.38822, -122.614301 45.388279, -122.614783 45.388608, -122.614883 45.388677, -122.615061 45.388799, -122.615341 45.388987, -122.616287 45.389622, -122.616448 45.389731, -122.616759 45.389945)"
1,34,"LINESTRING (-122.616759 45.389945, -122.616962 45.390084, -122.617456 45.390419, -122.617683 45.390571, -122.617904 45.390721, -122.618222 45.390935, -122.61845 45.391088, -122.618635 45.391213, -122.619461 45.391767, -122.620055 45.392169, -122.620595 45.39254, -122.620978 45.392796, -122.621346 45.393047)"
1,34,"LINESTRING (-122.621346 45.393047, -122.621486 45.393142, -122.622294 45.393689, -122.622678 45.393951)"
1,34,"LINESTRING (-122.622678 45.393951, -122.622795 45.39403, -122.623775 45.394697, -122.624738 45.395344, -122.625081 45.395559)"
1,34,"LINESTRING (-122.625081 45.395559, -122.625285 45.395686, -122.626152 45.396187, -122.627509 45.396965, -122.62884 45.397719, -122.629051 45.397839)"
1,34,"LINESTRING (-122.629051 45.397839, -122.629394 45.398035, -122.629929 45.398343, -122.630086 45.398437, -122.630211 45.398516, -122.6303 45.398582, -122.630395 45.398656, -122.630605 45.398836, -122.631184 45.399358)"
1,34,"LINESTRING (-122.631184 45.399358, -122.631195 45.399369, -122.631616 45.399759, -122.632087 45.40019, -122.632193 45.400287, -122.632301 45.400388)"
1,34,"LINESTRING (-122.632301 45.400388, -122.632538 45.400608, -122.63269 45.400742, -122.632829 45.400846, -122.632895 45.400891, -122.63297 45.400938, -122.633345 45.401147, -122.633919 45.401469, -122.63453 45.401812)"
1,34,"LINESTRING (-122.63453 45.401812, -122.634556 45.401826, -122.635029 45.402089, -122.63597 45.402619, -122.636269 45.40279, -122.636429 45.40289, -122.636619 45.403022, -122.636865 45.403204, -122.636919 45.403249, -122.636995 45.403312, -122.637265 45.403525)"
1,34,"LINESTRING (-122.637265 45.403525, -122.637339 45.403583, -122.637799 45.40395, -122.638008 45.404114, -122.638252 45.404305, -122.638432 45.40445, -122.638701 45.404662, -122.63896 45.404864, -122.639016 45.404907)"
1,34,"LINESTRING (-122.639016 45.404907, -122.639146 45.405008, -122.63922 45.405053, -122.639358 45.40513, -122.63957 45.405242, -122.639986 45.405456, -122.640511 45.405722, -122.641178 45.40606, -122.641702 45.406328, -122.641829 45.406392)"
1,34,"LINESTRING (-122.641829 45.406392, -122.642219 45.406587, -122.642304 45.406627, -122.642372 45.406657, -122.642452 45.406688, -122.642516 45.406712, -122.642587 45.406737, -122.642715 45.406778, -122.642985 45.406859, -122.643306 45.406953, -122.643458 45.407002, -122.643635 45.407068, -122.643719 45.407102, -122.643798 45.407139, -122.643841 45.407163, -122.643949 45.407226, -122.644057 45.407295, -122.644258 45.407433, -122.644349 45.407496)"
1,34,"LINESTRING (-122.644349 45.407496, -122.644459 45.407573, -122.644605 45.407678, -122.644762 45.407795, -122.644856 45.407874, -122.644939 45.407955, -122.645052 45.408087, -122.64512 45.40818, -122.645169 45.408256, -122.64522 45.408342, -122.645254 45.408405, -122.645305 45.408503, -122.645357 45.408618, -122.64539 45.408699, -122.645421 45.408783, -122.645435 45.408851, -122.645442 45.408909, -122.645445 45.408973, -122.645461 45.409949)"
1,34,"LINESTRING (-122.645461 45.409949, -122.645462 45.410024, -122.645468 45.410669, -122.645478 45.411412, -122.645473 45.411764, -122.645466 45.411937)"
1,34,"LINESTRING (-122.645466 45.411937, -122.645459 45.412107, -122.645449 45.412813, -122.645448 45.413241, -122.645454 45.413589, -122.645463 45.41402)"
1,34,"LINESTRING (-122.645463 45.41402, -122.645465 45.414078, -122.645474 45.414448, -122.645478 45.414555, -122.645492 45.415051, -122.645498 45.41554, -122.645498 45.416015, -122.645495 45.416257, -122.645494 45.416475, -122.645493 45.416579, -122.645493 45.416586)"
1,34,"LINESTRING (-122.645493 45.416586, -122.645493 45.416745, -122.645492 45.417224, -122.645498 45.418182)"
1,34,"LINESTRING (-122.645498 45.418182, -122.645498 45.418222, -122.645501 45.418297, -122.645498 45.41922, -122.645497 45.419674, -122.645498 45.42099)"
1,34,"LINESTRING (-122.645498 45.42099, -122.645498 45.421143, -122.645492 45.42241, -122.645492 45.422417)"
1,34,"LINESTRING (-122.645492 45.422417, -122.64549 45.422529, -122.645492 45.422635, -122.645493 45.423205, -122.645493 45.423521, -122.645491 45.423828, -122.64549 45.424754)"
1,34,"LINESTRING (-122.64549 45.424754, -122.645489 45.424781, -122.645489 45.424822, -122.645486 45.424896, -122.645486 45.425224, -122.645485 45.425589, -122.645485 45.425783, -122.64548 45.426057, -122.645477 45.426259, -122.64547 45.426395, -122.645466 45.426455, -122.645463 45.426499, -122.645443 45.426661, -122.645426 45.426756, -122.645391 45.426893, -122.645357 45.427015, -122.645335 45.427079, -122.64531 45.427151, -122.645241 45.427327, -122.645199 45.427428, -122.645157 45.427512, -122.645112 45.427593, -122.645049 45.427706, -122.644983 45.427812, -122.644803 45.428073, -122.64445 45.428585, -122.644341 45.428746, -122.644291 45.428818)"
1,34,"LINESTRING (-122.644291 45.428818, -122.644237 45.428895, -122.64417 45.42899, -122.644073 45.429129, -122.64366 45.429727, -122.643511 45.429948, -122.643388 45.430121, -122.643028 45.430638, -122.642699 45.431117, -122.642473 45.431446, -122.642347 45.431619, -122.642299 45.431683, -122.642229 45.431764, -122.642155 45.431844, -122.642035 45.431959, -122.641951 45.432031, -122.64186 45.432111, -122.641667 45.432271, -122.641521 45.432388, -122.641459 45.432439)"
1,34,"LINESTRING (-122.641459 45.432439, -122.640949 45.432857, -122.640581 45.433154, -122.640386 45.433315, -122.640218 45.43346, -122.640156 45.433515, -122.640114 45.433565, -122.640082 45.433612, -122.640067 45.433643, -122.640058 45.433689, -122.640058 45.433728, -122.640053 45.43425, -122.640022 45.434294, -122.640007 45.434529, -122.640009 45.434609, -122.640003 45.435177, -122.639997 45.435453, -122.63999 45.435764)"
1,34,"LINESTRING (-122.63999 45.435764, -122.639989 45.435818, -122.639978 45.436488, -122.639964 45.43703, -122.639955 45.437096, -122.639945 45.43721, -122.639924 45.437417, -122.640052 45.437538, -122.640245 45.437779, -122.64034 45.437894, -122.640419 45.437995, -122.640585 45.438215, -122.640731 45.438435, -122.640824 45.438581, -122.640926 45.438759, -122.641047 45.438987, -122.641166 45.439228, -122.641258 45.439447, -122.641352 45.4397, -122.641397 45.439847, -122.641475 45.440133, -122.641579 45.440559, -122.641804 45.441487, -122.641927 45.441973, -122.641979 45.442179, -122.642028 45.442341, -122.641558 45.442396, -122.640899 45.442474, -122.64077 45.44249, -122.640055 45.442585)"
1,34,"LINESTRING (-122.640055 45.442585, -122.639942 45.4426, -122.639841 45.442616, -122.639993 45.443307, -122.640017 45.443409, -122.640029 45.443456, -122.640176 45.444089, -122.64019 45.444162, -122.640203 45.444233, -122.640286 45.444596, -122.64032 45.44474, -122.64036 45.444907, -122.640938 45.444843, -122.641251 45.444809)"
1,34,"LINESTRING (-122.641251 45.444809, -122.641333 45.4448, -122.641478 45.444784, -122.641499 45.44488, -122.641633 45.445438, -122.641654 45.445522, -122.641672 45.445591, -122.641822 45.446219, -122.641888 45.446502)"
1,34,"LINESTRING (-122.641888 45.446502, -122.64191 45.446596, -122.641963 45.446882, -122.641977 45.44697, -122.641998 45.447101, -122.642008 45.447166, -122.64202 45.447254, -122.642029 45.447337, -122.642034 45.447402, -122.642039 45.447496, -122.642044 45.447701, -122.642045 45.447736, -122.642047 45.447787, -122.642042 45.447897, -122.642031 45.448051, -122.642016 45.448156, -122.641985 45.448296, -122.641922 45.448535, -122.641916 45.448555)"
1,34,"LINESTRING (-122.641916 45.448555, -122.641898 45.448614, -122.641819 45.448917, -122.641737 45.449204, -122.64167 45.44945, -122.641603 45.449635, -122.641468 45.450061, -122.641379 45.450399, -122.641272 45.450807, -122.641049 45.451677, -122.641007 45.451811, -122.640959 45.451922, -122.640936 45.451973, -122.640911 45.452031, -122.64088 45.4521, -122.640849 45.452154, -122.640812 45.452216, -122.640693 45.452412)"
1,34,"LINESTRING (-122.640693 45.452412, -122.640634 45.452509, -122.64061 45.452557, -122.640591 45.452599, -122.640562 45.452676, -122.640542 45.452759, -122.640531 45.452841, -122.640529 45.452914, -122.640531 45.452975, -122.640568 45.453219, -122.640584 45.453354, -122.640585 45.453402, -122.640579 45.453453, -122.640566 45.453518, -122.640534 45.453635, -122.64042 45.45407, -122.640228 45.454875, -122.640058 45.455601)"
1,34,"LINESTRING (-122.640058 45.455601, -122.639988 45.455901, -122.63976 45.456804, -122.639747 45.45684, -122.639736 45.456862, -122.63972 45.456885, -122.639704 45.456905, -122.63968 45.45693, -122.639652 45.456951, -122.639623 45.456967, -122.639596 45.456977, -122.639556 45.456991, -122.639524 45.456999, -122.63949 45.457003, -122.639432 45.457006, -122.639268 45.457006, -122.639187 45.457008, -122.639112 45.457013, -122.63904 45.457021, -122.638982 45.45703, -122.638927 45.457042, -122.638852 45.45706, -122.638774 45.457083, -122.638773 45.457083)"
1,34,"LINESTRING (-122.638773 45.457083, -122.638661 45.457125, -122.6386 45.457152, -122.638551 45.457181, -122.638513 45.457207, -122.638451 45.457252, -122.638399 45.457293, -122.638356 45.457334, -122.638319 45.457374, -122.638283 45.457416, -122.638249 45.457465, -122.638215 45.457521, -122.638185 45.457587, -122.638165 45.457652, -122.638151 45.457716, -122.638142 45.457885, -122.638144 45.457997, -122.638156 45.458122, -122.638167 45.458204, -122.638203 45.458404, -122.638238 45.458583, -122.638272 45.458735, -122.638601 45.458733, -122.638895 45.458731, -122.639272 45.458727, -122.639334 45.458726)"
1,34,"LINESTRING (-122.639334 45.458726, -122.639539 45.458721, -122.639683 45.458716, -122.639618 45.458972, -122.639584 45.459116, -122.639487 45.45948, -122.639314 45.460137, -122.639153 45.46071, -122.639035 45.46111, -122.638907 45.461582, -122.638776 45.461563, -122.638725 45.461556, -122.638678 45.461552, -122.63758 45.461559, -122.637581 45.461628, -122.637573 45.461656, -122.637551 45.461692, -122.637388 45.462015, -122.637362 45.462063, -122.637228 45.462253)"
1,34,"LINESTRING (-122.637228 45.462253, -122.637172 45.462332, -122.637151 45.462353, -122.637126 45.462388, -122.637073 45.462459, -122.637052 45.462501, -122.637046 45.462535, -122.637045 45.46256, -122.637051 45.462598, -122.637065 45.462653, -122.637089 45.462703, -122.637115 45.462752, -122.637184 45.462908, -122.637201 45.462958, -122.637225 45.46305, -122.637294 45.463348, -122.637351 45.463697, -122.637444 45.464168, -122.637455 45.464209, -122.637484 45.464286, -122.637263 45.464283, -122.636965 45.464275, -122.636854 45.464273, -122.635578 45.464247, -122.635531 45.464246, -122.635355 45.46424, -122.635187 45.46423, -122.635034 45.464202, -122.634933 45.464174, -122.63486 45.464147, -122.634777 45.464108, -122.63475 45.464043, -122.634651 45.463969, -122.634571 45.463952, -122.63451 45.463909, -122.634469 45.463871, -122.634426 45.463837, -122.634379 45.463806, -122.634337 45.46378, -122.634288 45.463754, -122.634177 45.463706, -122.633411 45.463396, -122.633288 45.463357, -122.633164 45.463331, -122.633041 45.463317, -122.632294 45.463267, -122.630773 45.463167, -122.630668 45.463158, -122.630543 45.463142, -122.630486 45.463129, -122.63041 45.463106, -122.630338 45.463077, -122.630225 45.463017, -122.630145 45.462953, -122.630083 45.4629, -122.6299 45.462702, -122.629858 45.462654, -122.629811 45.462587, -122.629735 45.462577, -122.62969 45.462575, -122.629654 45.462576, -122.629592 45.462583, -122.629535 45.46259, -122.629428 45.462611)"
1,34,"LINESTRING (-122.629428 45.462611, -122.629139 45.462669, -122.629027 45.462687, -122.628924 45.462698, -122.628868 45.4627, -122.628799 45.462691, -122.628342 45.462632, -122.627554 45.462524, -122.627264 45.462488, -122.626922 45.46244, -122.626783 45.462418, -122.62671 45.462403, -122.626636 45.462381, -122.626581 45.462359, -122.626461 45.462302, -122.62633 45.46223)"
1,34,"LINESTRING (-122.62633 45.46223, -122.626281 45.462204, -122.626179 45.462144, -122.626085 45.46209, -122.624963 45.461441, -122.624662 45.461276, -122.624248 45.461068, -122.623873 45.460874, -122.623689 45.4608, -122.623608 45.460778, -122.623476 45.460748, -122.623275 45.460722, -122.622585 45.460644, -122.622022 45.460576, -122.621095 45.46047, -122.620432 45.460393, -122.620295 45.460373, -122.6202 45.46035, -122.620108 45.46032, -122.620029 45.460288, -122.619675 45.460157)"
1,34,"LINESTRING (-122.619675 45.460157, -122.619402 45.460057, -122.619236 45.460003, -122.619087 45.459962, -122.618904 45.459931, -122.618764 45.459913, -122.618637 45.459909, -122.618559 45.45991, -122.618458 45.459916, -122.618305 45.459937, -122.618152 45.45997, -122.618015 45.460006, -122.617883 45.46005, -122.617747 45.460105, -122.617428 45.460237, -122.617296 45.460295, -122.617217 45.460337, -122.617171 45.460372, -122.617106 45.460434, -122.617059 45.460491, -122.617035 45.46053, -122.617022 45.460552)"
1,34,"LINESTRING (-122.617022 45.460552, -122.616992 45.460634, -122.616974 45.460739, -122.616882 45.46123, -122.616833 45.461521, -122.616808 45.461554, -122.616788 45.461579)"
1,34,"LINESTRING (-122.616788 45.461579, -122.616764 45.461691, -122.616754 45.461728, -122.61672 45.461805, -122.616733 45.461857, -122.616658 45.461972, -122.616587 45.462081, -122.61647 45.462038, -122.616104 45.461912, -122.616 45.461867, -122.615897 45.461814, -122.615758 45.461732, -122.615437 45.461517, -122.615266 45.461395, -122.615107 45.461294, -122.615007 45.461238, -122.61487 45.461172, -122.614699 45.461102, -122.614573 45.461057, -122.614377 45.460994, -122.612479 45.460394, -122.612341 45.460351)"
1,34,"LINESTRING (-122.612341 45.460351, -122.611493 45.460083, -122.611109 45.459965, -122.610025 45.459619, -122.609513 45.459453, -122.609343 45.459396, -122.60851 45.459125, -122.607334 45.458763, -122.606268 45.458433, -122.604976 45.458018, -122.604551 45.457873, -122.604159 45.457739)"
1,34,"LINESTRING (-122.604159 45.457739, -122.604128 45.457729, -122.602686 45.457267, -122.601846 45.457, -122.601544 45.456907, -122.600842 45.456683)"
1,34,"LINESTRING (-122.600842 45.456683, -122.600809 45.456673, -122.600721 45.456645, -122.600544 45.456589, -122.600152 45.456465, -122.599576 45.456288, -122.599121 45.456153, -122.598981 45.456122, -122.598977 45.45601, -122.598977 45.45581, -122.598976 45.455636, -122.598976 45.455621, -122.598988 45.455072, -122.598994 45.454864, -122.598993 45.45466, -122.598993 45.454563, -122.598991 45.453633, -122.598993 45.453124)"
1,34,"LINESTRING (-122.598993 45.453124, -122.598997 45.452092, -122.598991 45.45159, -122.59899 45.45116, -122.598985 45.450608, -122.598984 45.450155, -122.598973 45.449426, -122.598971 45.448758, -122.59897 45.448337, -122.598965 45.448104)"
1,34,"LINESTRING (-122.598965 45.448104, -122.598963 45.448039, -122.598964 45.447949, -122.598965 45.447864, -122.598965 45.447631, -122.598963 45.44737, -122.59898 45.446895, -122.598982 45.446826, -122.598988 45.446572, -122.598992 45.446063, -122.598998 45.445713, -122.599002 45.445431, -122.599005 45.445227, -122.599007 45.4451, -122.599011 45.444912, -122.599018 45.444759, -122.599025 45.444702)"
1,34,"LINESTRING (-122.599025 45.444702, -122.599037 45.444611, -122.599046 45.444566, -122.599105 45.444358, -122.599144 45.444229, -122.599162 45.444082, -122.599175 45.443883, -122.59918 45.443666, -122.599205 45.443035, -122.599221 45.442417, -122.599222 45.442367)"
1,34,"LINESTRING (-122.599222 45.442367, -122.599283 45.44003, -122.599302 45.439088, -122.599307 45.438842, -122.599308 45.438743, -122.599319 45.43795, -122.599323 45.437643, -122.599326 45.437408)"
1,34,"LINESTRING (-122.599326 45.437408, -122.599331 45.437006, -122.599338 45.436371, -122.599342 45.436046, -122.599343 45.435917, -122.59935 45.43547, -122.59935 45.435365, -122.599349 45.435259, -122.599342 45.43514, -122.59933 45.435051, -122.599317 45.434978, -122.599285 45.434812)"
1,34,"LINESTRING (-122.599285 45.434812, -122.599276 45.434769, -122.599232 45.434591, -122.599205 45.434501, -122.599173 45.434411, -122.599129 45.4343, -122.599073 45.434169, -122.598916 45.433862, -122.598689 45.433457, -122.598622 45.433338, -122.598587 45.433273, -122.598569 45.433239, -122.598516 45.433128, -122.59848 45.433028, -122.598455 45.432911, -122.598427 45.432751, -122.598421 45.432717, -122.598392 45.432569, -122.598381 45.432493, -122.598376 45.432412, -122.598379 45.432351, -122.598392 45.43228, -122.598409 45.432206, -122.598423 45.432164, -122.598434 45.432137, -122.598468 45.432069, -122.598327 45.432019, -122.598113 45.431953, -122.597912 45.431903)"
1,34,"LINESTRING (-122.597912 45.431903, -122.597891 45.4319, -122.597772 45.431878, -122.597625 45.431858, -122.597534 45.431852, -122.597475 45.431848, -122.597317 45.431842, -122.597098 45.431846, -122.596459 45.431888, -122.596108 45.43191, -122.593777 45.432052, -122.593553 45.432072, -122.592989 45.432124, -122.592634 45.432163, -122.592145 45.43221, -122.592006 45.432217, -122.591833 45.432222, -122.591603 45.432218, -122.591231 45.432209, -122.590651 45.432189, -122.590202 45.432171, -122.590085 45.432172, -122.589966 45.432176, -122.589914 45.432179, -122.589755 45.432194, -122.589335 45.432259, -122.589186 45.432286, -122.588968 45.432328, -122.58883 45.432354, -122.588615 45.432395, -122.588121 45.432492, -122.587959 45.432519, -122.587818 45.432536, -122.587658 45.432548, -122.587448 45.432563, -122.587226 45.432574, -122.587105 45.432573, -122.587104 45.433237)"
1,34,"LINESTRING (-122.587104 45.433237, -122.587104 45.433314, -122.587107 45.433477, -122.587108 45.433662, -122.587098 45.433759, -122.587076 45.433867, -122.587042 45.433964, -122.586997 45.434086, -122.586943 45.434198, -122.58688 45.434289, -122.586743 45.434449, -122.586618 45.434592)"
1,34,"LINESTRING (-122.586618 45.434592, -122.586502 45.434726, -122.585723 45.435629, -122.585041 45.436424)"
1,34,"LINESTRING (-122.585041 45.436424, -122.585041 45.436425, -122.584796 45.436711, -122.584509 45.437048, -122.584375 45.437214, -122.584298 45.437315, -122.584187 45.437471, -122.584076 45.437641, -122.583982 45.4378, -122.583891 45.43797, -122.583674 45.438394, -122.58329 45.43839)"
1,34,"LINESTRING (-122.58329 45.43839, -122.581674 45.438375, -122.581537 45.438376, -122.581459 45.438375, -122.581349 45.438362, -122.581249 45.438346, -122.581173 45.438333, -122.58095 45.438301, -122.580817 45.438282, -122.580571 45.438268, -122.580308 45.43827)"
1,34,"LINESTRING (-122.580308 45.43827, -122.580288 45.43827, -122.57929 45.438274, -122.579004 45.438278, -122.577925 45.438279, -122.577252 45.43828, -122.576351 45.438279, -122.575642 45.438279, -122.575645 45.438135, -122.575662 45.437361, -122.575656 45.437263, -122.575546 45.437261, -122.575444 45.437255, -122.575233 45.437262, -122.575122 45.437277, -122.575012 45.43731, -122.574795 45.437375, -122.574718 45.437398, -122.574635 45.437412, -122.574575 45.437415, -122.574539 45.437416, -122.574347 45.437414, -122.574259 45.437414, -122.57331 45.437402)"
1,34,"LINESTRING (-122.57331 45.437402, -122.57317 45.4374, -122.572993 45.437398, -122.572789 45.437386, -122.572368 45.437284, -122.572174 45.437243, -122.572096 45.437236, -122.571976 45.437225, -122.571863 45.437224, -122.571679 45.437222, -122.571651 45.437221, -122.571433 45.437216, -122.571197 45.437212, -122.570998 45.437206, -122.570785 45.437202, -122.570562 45.437198, -122.570335 45.437193, -122.570119 45.437189, -122.569903 45.437184, -122.569685 45.43718, -122.569469 45.437176, -122.569407 45.437175, -122.569347 45.437162, -122.569296 45.437139, -122.569251 45.437114, -122.569233 45.437081, -122.569226 45.437007, -122.569231 45.43683, -122.569217 45.436637, -122.569201 45.436537, -122.569182 45.436415, -122.569157 45.436264, -122.569129 45.436107, -122.569123 45.43607, -122.569104 45.43595, -122.569051 45.435618, -122.569036 45.435528, -122.568883 45.435508, -122.568653 45.435533, -122.568572 45.435564, -122.568479 45.435568, -122.568167 45.435599)"
1,34,"LINESTRING (-122.568167 45.435599, -122.568142 45.435602, -122.568101 45.435613, -122.56807 45.435626, -122.568073 45.43567, -122.568086 45.435735, -122.56809 45.435757, -122.568136 45.43581, -122.5682 45.436148, -122.568281 45.436575, -122.56838 45.436566, -122.568507 45.436554, -122.568749 45.436532, -122.568667 45.436108, -122.568601 45.435763, -122.56859 45.435689, -122.568589 45.435678)"
0,35,"LINESTRING (-122.728659 45.576316, -122.728794 45.576133, -122.728865 45.576042, -122.72941 45.576241, -122.730368 45.576595, -122.730094 45.576959, -122.72983 45.577316, -122.729732 45.577289, -122.728868 45.576967, -122.72846 45.576815, -122.728327 45.576766, -122.727851 45.5774)"
0,35,"LINESTRING (-122.727851 45.5774, -122.727794 45.577476, -122.72775 45.577536, -122.727265 45.578189, -122.726795 45.578822)"
0,35,"LINESTRING (-122.726795 45.578822, -122.726735 45.578903, -122.726204 45.579612, -122.725674 45.580324, -122.725635 45.580377)"
0,35,"LINESTRING (-122.725635 45.580377, -122.725143 45.581036, -122.724614 45.581747, -122.724556 45.581824, -122.724257 45.582201, -122.72413 45.582375, -122.724113 45.582397)"
0,35,"LINESTRING (-122.724113 45.582397, -122.724053 45.582479, -122.723993 45.582559, -122.722654 45.584368)"
0,35,"LINESTRING (-122.722654 45.584368, -122.722603 45.584436, -122.721919 45.584183, -122.721589 45.584064, -122.721517 45.584039, -122.721472 45.584025, -122.721426 45.584018, -122.721367 45.584019, -122.720922 45.584041, -122.720518 45.584058, -122.720423 45.584059, -122.720178 45.58406, -122.720005 45.584062)"
0,35,"LINESTRING (-122.720005 45.584062, -122.719418 45.584065, -122.719194 45.584067, -122.718407 45.584074, -122.717528 45.584083)"
0,35,"LINESTRING (-122.717528 45.584083, -122.71739 45.584085, -122.716379 45.584093, -122.715513 45.5841)"
0,35,"LINESTRING (-122.715513 45.5841, -122.715503 45.5841, -122.71536 45.584091, -122.715226 45.584082, -122.714527 45.584047, -122.71441 45.584042, -122.714211 45.584039, -122.713582 45.584038)"
0,35,"LINESTRING (-122.713582 45.584038, -122.713455 45.584038, -122.712384 45.584033, -122.711969 45.584031, -122.711458 45.584029)"
0,35,"LINESTRING (-122.711458 45.584029, -122.711208 45.584029, -122.710763 45.584027, -122.710231 45.584025, -122.709668 45.584023, -122.709155 45.584021, -122.708198 45.584016, -122.708073 45.584015)"
0,35,"LINESTRING (-122.708073 45.584015, -122.707922 45.584015, -122.707182 45.584012, -122.707 45.584012, -122.706589 45.58401, -122.706168 45.584009, -122.705466 45.584008)"
0,35,"LINESTRING (-122.705466 45.584008, -122.705342 45.584008, -122.704342 45.584007, -122.703456 45.584007, -122.70337 45.584006, -122.702794 45.584006)"
0,35,"LINESTRING (-122.702794 45.584006, -122.702658 45.584006, -122.702395 45.584007, -122.701857 45.584006, -122.701416 45.584004, -122.70044 45.584003, -122.70034 45.583975, -122.700056 45.583969)"
0,35,"LINESTRING (-122.700056 45.583969, -122.700033 45.583968, -122.699902 45.583972, -122.699838 45.583973, -122.69958 45.583975, -122.699465 45.584, -122.698484 45.583999, -122.697869 45.583998, -122.697357 45.583997)"
0,35,"LINESTRING (-122.697357 45.583997, -122.697205 45.583997, -122.697207 45.583786, -122.697211 45.583325, -122.697211 45.583123, -122.697212 45.582923, -122.697216 45.582868, -122.697217 45.582851)"
0,35,"LINESTRING (-122.697217 45.582851, -122.697221 45.582806, -122.697226 45.582668, -122.697229 45.582581, -122.697229 45.582531, -122.697226 45.582499, -122.697218 45.582454, -122.697216 45.582418, -122.697216 45.582183, -122.697218 45.581983, -122.697223 45.581372)"
0,35,"LINESTRING (-122.697223 45.581372, -122.697224 45.581285, -122.697231 45.58057, -122.697234 45.579924, -122.697234 45.579856, -122.697236 45.579786, -122.69724 45.579223)"
0,35,"LINESTRING (-122.69724 45.579223, -122.697241 45.579153, -122.697237 45.578471, -122.697238 45.578031, -122.697237 45.577843)"
0,35,"LINESTRING (-122.697237 45.577843, -122.697237 45.577118, -122.696499 45.577116, -122.696429 45.577116, -122.695482 45.577115, -122.695485 45.577034, -122.695485 45.576735)"
0,35,"LINESTRING (-122.695485 45.576735, -122.695485 45.576714, -122.695499 45.575376, -122.695513 45.574072, -122.695517 45.57366)"
0,35,"LINESTRING (-122.695517 45.57366, -122.695518 45.57356, -122.695517 45.573495, -122.695524 45.572823, -122.695536 45.57176, -122.695542 45.571303, -122.695551 45.570056, -122.695549 45.569952, -122.695546 45.569831, -122.695548 45.569647)"
0,35,"LINESTRING (-122.695548 45.569647, -122.695549 45.569598, -122.695562 45.568967, -122.695569 45.568189, -122.695588 45.566492)"
0,35,"LINESTRING (-122.695588 45.566492, -122.695588 45.566393, -122.69559 45.566322, -122.695604 45.564575, -122.695621 45.562853)"
0,35,"LINESTRING (-122.695621 45.562853, -122.695622 45.562735, -122.695623 45.562666, -122.695623 45.562192, -122.695616 45.562142, -122.695602 45.562098, -122.695567 45.562033, -122.695342 45.561704, -122.695302 45.561638, -122.695244 45.561527, -122.695174 45.561379, -122.695121 45.561257, -122.694936 45.56087, -122.694842 45.560673, -122.694794 45.560552, -122.69475 45.560441, -122.694663 45.560255, -122.69463 45.560184, -122.694514 45.559947)"
0,35,"LINESTRING (-122.694514 45.559947, -122.694441 45.559797, -122.694426 45.559768, -122.694297 45.559531, -122.694261 45.559472, -122.694197 45.559376, -122.694111 45.559259, -122.693983 45.559121, -122.693909 45.559046, -122.693764 45.558884, -122.693695 45.558795, -122.693637 45.558699, -122.693594 45.55861, -122.693518 45.558427, -122.693496 45.558344, -122.693459 45.558068, -122.693416 45.557805, -122.693373 45.557564, -122.693274 45.557034, -122.693218 45.556752, -122.6932 45.556675, -122.693191 45.556649, -122.69316 45.556551, -122.693133 45.556485)"
0,35,"LINESTRING (-122.693133 45.556485, -122.693126 45.556473, -122.693095 45.556414, -122.692998 45.556265, -122.69293 45.556161, -122.692679 45.555778, -122.69255 45.555571, -122.692414 45.555336, -122.692363 45.555225, -122.692288 45.555062, -122.692257 45.55497, -122.692211 45.554845, -122.692165 45.554733, -122.692099 45.554592, -122.692017 45.55444, -122.691946 45.554306, -122.691824 45.554089, -122.6917 45.553849, -122.691604 45.553712, -122.691496 45.553553, -122.691408 45.553436, -122.691289 45.553287, -122.691177 45.553161, -122.691073 45.553052, -122.690834 45.552825, -122.689907 45.551975, -122.688985 45.551129, -122.688806 45.550981, -122.688616 45.550837, -122.687777 45.550218, -122.687334 45.549892, -122.68602 45.548918, -122.685557 45.548578, -122.68357 45.547111, -122.682694 45.546464, -122.682499 45.546319, -122.682298 45.546178, -122.682012 45.546015, -122.681901 45.545966, -122.681797 45.545923, -122.681692 45.545886, -122.68152 45.545832, -122.678855 45.545127, -122.678275 45.544979, -122.67816 45.544926, -122.678023 45.544874, -122.677927 45.544843, -122.677829 45.544805, -122.67774 45.544756, -122.677689 45.544717, -122.677639 45.544668, -122.677586 45.544584, -122.677529 45.544486, -122.677476 45.54438, -122.677431 45.544271, -122.677393 45.544154, -122.67736 45.544001, -122.677337 45.543835, -122.677326 45.543739, -122.677319 45.543642, -122.677323 45.543273)"
0,35,"LINESTRING (-122.677323 45.543273, -122.677324 45.543173, -122.677297 45.542805, -122.677296 45.542356, -122.677292 45.541103, -122.677294 45.541009, -122.677296 45.540924, -122.677302 45.540749, -122.677296 45.540695, -122.677286 45.540642, -122.677263 45.540571, -122.677234 45.540505, -122.6772 45.54044, -122.677128 45.540351, -122.67708 45.540307, -122.676989 45.540245, -122.676881 45.540181, -122.676344 45.539897, -122.675947 45.539682, -122.67587 45.539641, -122.675649 45.539521, -122.675543 45.53947, -122.675423 45.539411, -122.675213 45.539306)"
0,35,"LINESTRING (-122.675213 45.539306, -122.675181 45.539289, -122.675099 45.539243, -122.675076 45.539229, -122.675023 45.539197, -122.674959 45.539152, -122.674897 45.5391, -122.674848 45.539052, -122.674799 45.53899, -122.674761 45.538934, -122.674732 45.538882, -122.674713 45.538839, -122.674686 45.538769, -122.674675 45.538724, -122.674666 45.538682, -122.674661 45.538616, -122.674658 45.538474, -122.674672 45.538299, -122.674673 45.538131, -122.674675 45.538048)"
0,35,"LINESTRING (-122.674675 45.538048, -122.674679 45.53793, -122.674696 45.537858, -122.674723 45.537742, -122.674742 45.537658, -122.674755 45.537545, -122.674766 45.53721, -122.674706 45.536804, -122.674685 45.536672, -122.674662 45.536563, -122.674637 45.536463, -122.674605 45.536365, -122.674565 45.536267, -122.674515 45.536169, -122.674428 45.536018, -122.674291 45.53581, -122.674192 45.535678, -122.673487 45.534757, -122.67267 45.533685, -122.672415 45.533374, -122.672214 45.533156, -122.671979 45.532913, -122.671723 45.532654, -122.671509 45.532439, -122.671464 45.532395, -122.671266 45.532224)"
0,35,"LINESTRING (-122.671266 45.532224, -122.671114 45.532093, -122.670468 45.531533, -122.670428 45.531499, -122.670258 45.531358, -122.670086 45.531225, -122.669877 45.531078, -122.669738 45.530991, -122.669475 45.530828, -122.668922 45.530529, -122.668658 45.530402, -122.668367 45.530272, -122.668126 45.530168, -122.6676 45.52994)"
0,35,"LINESTRING (-122.6676 45.52994, -122.667489 45.529892, -122.667303 45.529813, -122.66731 45.529775, -122.667311 45.529749, -122.667308 45.529725, -122.667283 45.529665, -122.667229 45.529559, -122.667161 45.52942, -122.667126 45.529298, -122.667116 45.529213, -122.667112 45.529096, -122.667116 45.528988, -122.667158 45.52887, -122.667212 45.528774, -122.667259 45.528694, -122.667346 45.528584, -122.667415 45.528514, -122.667506 45.528435, -122.667624 45.528354, -122.667779 45.528269, -122.668873 45.527772, -122.669277 45.527588, -122.669581 45.52745, -122.670373 45.527077, -122.670603 45.526965, -122.670724 45.526904, -122.670807 45.526867, -122.670828 45.526859, -122.670881 45.526845, -122.670939 45.526834, -122.670996 45.52683, -122.671101 45.526828, -122.672382 45.52688, -122.672503 45.526879, -122.672738 45.526872, -122.672975 45.526863, -122.673192 45.52686, -122.673331 45.526844, -122.673421 45.526834, -122.673573 45.526817, -122.673643 45.526809, -122.67409 45.526755)"
0,35,"LINESTRING (-122.67409 45.526755, -122.67443 45.526714, -122.674539 45.526679, -122.674659 45.526674, -122.674755 45.52667, -122.67494 45.526661, -122.675469 45.526646, -122.675527 45.526645, -122.675524 45.526585, -122.675512 45.52599, -122.67551 45.52593, -122.675481 45.525224, -122.675459 45.524707)"
0,35,"LINESTRING (-122.675459 45.524707, -122.675451 45.524508, -122.675457 45.524455, -122.675435 45.523856, -122.675434 45.523796, -122.675433 45.523744, -122.675414 45.523208, -122.675403 45.523141, -122.675386 45.523025, -122.67538 45.522962, -122.675383 45.522922, -122.675394 45.52288, -122.675478 45.522703, -122.675527 45.522612, -122.675542 45.52258, -122.675556 45.522549, -122.675715 45.522215, -122.67573 45.522184)"
0,35,"LINESTRING (-122.67573 45.522184, -122.67575 45.522128, -122.675774 45.52206, -122.676064 45.521534, -122.67611 45.521457, -122.67616 45.52137, -122.676429 45.520857, -122.676466 45.52079, -122.676796 45.520181, -122.676825 45.520125, -122.676865 45.520048, -122.677126 45.519579, -122.677133 45.519566)"
0,35,"LINESTRING (-122.677133 45.519566, -122.677166 45.519507, -122.67719 45.519457, -122.677239 45.519358, -122.677521 45.518833, -122.677543 45.518798, -122.67756 45.51877, -122.677579 45.51874, -122.677878 45.518179, -122.677899 45.518142, -122.677916 45.518112, -122.677953 45.518045, -122.678221 45.517539, -122.678283 45.517462, -122.678644 45.516795, -122.67894 45.516249)"
0,35,"LINESTRING (-122.67894 45.516249, -122.679004 45.51613, -122.679366 45.515462, -122.67973 45.51479, -122.680086 45.514133, -122.680392 45.513568)"
0,35,"LINESTRING (-122.680392 45.513568, -122.680448 45.513466, -122.680565 45.513249, -122.68069 45.513019, -122.68081 45.512796, -122.680848 45.512727, -122.68104 45.512371, -122.68117 45.512133, -122.681241 45.512001, -122.681401 45.511705, -122.681461 45.511595, -122.68153 45.511468, -122.68154 45.511448, -122.681664 45.511222, -122.681849 45.510879, -122.681893 45.510797, -122.681808 45.510773, -122.681642 45.510729, -122.681067 45.510576)"
0,35,"LINESTRING (-122.681067 45.510576, -122.68101 45.510561, -122.68096 45.510549, -122.680922 45.510544, -122.680883 45.510543, -122.68077 45.510474, -122.679017 45.510009)"
0,35,"LINESTRING (-122.679017 45.510009, -122.678882 45.509972, -122.678091 45.50976, -122.677233 45.50953, -122.677118 45.5095, -122.676975 45.50946, -122.676838 45.509417, -122.676809 45.509404, -122.676777 45.509387, -122.676749 45.509368, -122.676706 45.509333, -122.676674 45.509297, -122.676652 45.509264, -122.676634 45.509225, -122.676625 45.509188, -122.676621 45.50915, -122.676636 45.50878, -122.676635 45.508725, -122.676642 45.50855, -122.676648 45.508326, -122.676635 45.508045, -122.676605 45.507686, -122.676595 45.50763, -122.676576 45.50758, -122.676557 45.507548, -122.676536 45.507519, -122.6765 45.507483, -122.676453 45.507448, -122.676415 45.507425, -122.676356 45.507399, -122.676289 45.50738, -122.676233 45.507367, -122.676181 45.507362, -122.676111 45.507357, -122.676013 45.507358, -122.675842 45.50736, -122.675454 45.507361, -122.675381 45.50736, -122.675242 45.507353, -122.675155 45.507343, -122.675065 45.507329, -122.67499 45.507315, -122.674902 45.507292, -122.674418 45.507162, -122.674346 45.507144, -122.674205 45.507107, -122.673582 45.506943, -122.673415 45.506893, -122.673392 45.506886, -122.6734 45.506872, -122.673438 45.506804, -122.673457 45.506768, -122.673494 45.506697, -122.673793 45.506145, -122.673886 45.505974, -122.673922 45.505906, -122.673959 45.505827, -122.673986 45.505753, -122.674009 45.505665, -122.674023 45.505595, -122.674027 45.505506, -122.674026 45.50544, -122.674013 45.505338, -122.674006 45.505314)"
0,35,"LINESTRING (-122.674006 45.505314, -122.673987 45.505249, -122.673967 45.505193, -122.673946 45.505146, -122.673923 45.505098, -122.673881 45.505074, -122.673814 45.505036, -122.673784 45.504993, -122.673536 45.504617, -122.67346 45.504496, -122.67339 45.504381, -122.673177 45.50396, -122.672986 45.503579, -122.672938 45.503487, -122.672901 45.503419, -122.672859 45.503344, -122.672769 45.503191, -122.672732 45.503134)"
0,35,"LINESTRING (-122.672732 45.503134, -122.672452 45.502693, -122.672361 45.50255, -122.672351 45.502533, -122.672285 45.502427, -122.672248 45.502372, -122.672218 45.502326, -122.672196 45.50229, -122.672116 45.502165, -122.672091 45.502125, -122.672015 45.501996, -122.671945 45.501865, -122.671901 45.501773, -122.671867 45.501687, -122.671833 45.501597, -122.671798 45.501493, -122.671765 45.501376, -122.671743 45.501277, -122.671717 45.501154, -122.671704 45.50105, -122.671698 45.500956, -122.671696 45.500844, -122.671699 45.50069, -122.671726 45.499996, -122.671732 45.49984, -122.671743 45.499629, -122.671753 45.499551, -122.671767 45.499336)"
0,35,"LINESTRING (-122.671767 45.499336, -122.671775 45.499199, -122.67178 45.499076, -122.671785 45.498969, -122.671796 45.498644, -122.671802 45.498572, -122.671808 45.498504, -122.671823 45.498211, -122.671831 45.497933, -122.671836 45.497862, -122.671837 45.497795, -122.671856 45.497313, -122.671863 45.497147, -122.671877 45.496646, -122.671883 45.49643, -122.671893 45.496185)"
0,35,"LINESTRING (-122.671893 45.496185, -122.671939 45.495007, -122.671957 45.494386)"
0,35,"LINESTRING (-122.671957 45.494386, -122.67196 45.494297, -122.671961 45.494044, -122.67196 45.494029, -122.671961 45.493965, -122.671961 45.493887, -122.671962 45.493855, -122.671966 45.493811, -122.671999 45.493578, -122.672008 45.493167, -122.672164 45.493166, -122.672285 45.493159, -122.672408 45.493154, -122.672515 45.493141, -122.672603 45.493123, -122.672684 45.493094, -122.67277 45.493058, -122.672858 45.493018, -122.672926 45.49298, -122.672973 45.492948, -122.67307 45.492783, -122.673051 45.492433, -122.673027 45.492207, -122.673006 45.491998, -122.673031 45.491917, -122.673031 45.491836, -122.673035 45.491768, -122.67305 45.491663, -122.673071 45.491571, -122.673119 45.491405, -122.673201 45.491189, -122.673321 45.490884, -122.673442 45.490588, -122.673483 45.4905, -122.673581 45.490289, -122.673707 45.490083, -122.673747 45.490014, -122.673784 45.489955, -122.673789 45.489948)"
0,35,"LINESTRING (-122.673789 45.489948, -122.673865 45.489823, -122.674045 45.489552, -122.674224 45.489303, -122.674486 45.489, -122.674682 45.488789, -122.67476 45.488712, -122.675042 45.488404, -122.675202 45.488188, -122.675303 45.488033, -122.675335 45.487975, -122.67542 45.487822, -122.675465 45.487724, -122.675493 45.48766, -122.675495 45.487655)"
0,35,"LINESTRING (-122.675495 45.487655, -122.67554 45.487524, -122.675583 45.487379, -122.675619 45.487205, -122.675652 45.486986, -122.675668 45.486762, -122.675645 45.486458, -122.675614 45.48627, -122.675575 45.486059, -122.675496 45.485755, -122.675424 45.485523, -122.675359 45.485339, -122.675276 45.48514)"
0,35,"LINESTRING (-122.675276 45.48514, -122.675233 45.485038, -122.674596 45.483806, -122.674373 45.483388, -122.674205 45.483074, -122.67408 45.482808, -122.674046 45.482737, -122.673932 45.482463, -122.67383 45.482203, -122.673741 45.481957, -122.67363 45.481611, -122.673598 45.481511, -122.673535 45.481302)"
0,35,"LINESTRING (-122.673535 45.481302, -122.6735 45.481187, -122.673478 45.48112, -122.673459 45.481062, -122.673273 45.480548, -122.673087 45.480025, -122.673029 45.479858, -122.672928 45.479548, -122.6729 45.479458, -122.672757 45.479002, -122.672655 45.47868, -122.672419 45.47797, -122.672341 45.477721, -122.672225 45.477354)"
0,35,"LINESTRING (-122.672225 45.477354, -122.672193 45.477253, -122.672098 45.476953, -122.671989 45.476542, -122.671919 45.476181, -122.671904 45.476075, -122.671868 45.47582, -122.671797 45.475114, -122.671756 45.474718, -122.671723 45.474394, -122.67171 45.474281, -122.671646 45.473689, -122.67163 45.473543, -122.671612 45.473369, -122.6716 45.473259, -122.671576 45.47304)"
0,35,"LINESTRING (-122.671576 45.47304, -122.67157 45.472981, -122.671562 45.472907, -122.671546 45.472688, -122.671548 45.472543, -122.671564 45.472398, -122.671588 45.472169, -122.671666 45.471786, -122.671692 45.471625, -122.671698 45.471597, -122.671743 45.471351, -122.671666 45.471294, -122.671684 45.470976, -122.671674 45.470796, -122.671659 45.470634, -122.671625 45.470352, -122.671613 45.47026, -122.671553 45.469807, -122.671547 45.469754, -122.671603 45.469666, -122.671547 45.469261, -122.671518 45.469112, -122.671483 45.468984, -122.671447 45.468876, -122.671401 45.468781, -122.671354 45.468694, -122.671251 45.46854, -122.671174 45.468438, -122.671067 45.468422, -122.670976 45.468325, -122.670778 45.468136, -122.670568 45.467951, -122.670459 45.467841, -122.670238 45.467606, -122.670175 45.467518, -122.670085 45.467377, -122.670098 45.467289, -122.67002 45.467108, -122.669921 45.466796, -122.669808 45.466477, -122.669559 45.465971, -122.669372 45.465545, -122.669317 45.465434, -122.66922 45.465154, -122.669204 45.465086, -122.669115 45.46477, -122.669062 45.464574)"
0,35,"LINESTRING (-122.669062 45.464574, -122.669045 45.464513, -122.669006 45.464283, -122.668944 45.463646, -122.668645 45.462522, -122.668502 45.462198, -122.668314 45.462055, -122.668239 45.461923, -122.668158 45.461762, -122.668077 45.46162, -122.668001 45.461498, -122.66775 45.461163, -122.667474 45.46084, -122.666893 45.46021, -122.666291 45.459556, -122.665905 45.459134, -122.665297 45.458478, -122.664657 45.457772, -122.664082 45.457152, -122.663594 45.45662, -122.662837 45.4558, -122.661717 45.454584, -122.661517 45.454368, -122.660541 45.453301, -122.660445 45.453185, -122.660363 45.453091, -122.660262 45.45296, -122.66012 45.452744, -122.660018 45.452563, -122.659914 45.452366, -122.659843 45.452227, -122.659796 45.452147)"
0,35,"LINESTRING (-122.659796 45.452147, -122.659795 45.452146, -122.659583 45.451747, -122.659385 45.451373, -122.659023 45.450702)"
0,35,"LINESTRING (-122.659023 45.450702, -122.658971 45.450604, -122.658948 45.45056, -122.658625 45.449956, -122.65831 45.449348, -122.65809 45.448915, -122.657663 45.448055, -122.65745 45.44763, -122.657338 45.44742, -122.657226 45.447217)"
0,35,"LINESTRING (-122.657226 45.447217, -122.657215 45.447202, -122.657138 45.447098, -122.656947 45.446766, -122.656889 45.446601, -122.656828 45.446375, -122.656791 45.446101, -122.656806 45.445852, -122.656815 45.445764, -122.656831 45.445616)"
0,35,"LINESTRING (-122.656831 45.445616, -122.656897 45.445012, -122.656906 45.444798, -122.656892 45.44458, -122.656871 45.444456, -122.656832 45.444359, -122.656746 45.444152, -122.656623 45.443962, -122.655785 45.442853, -122.654913 45.441738)"
0,35,"LINESTRING (-122.654913 45.441738, -122.654869 45.441682, -122.654797 45.441585, -122.654645 45.441381, -122.654443 45.441114, -122.654155 45.440721, -122.653936 45.440416, -122.65343 45.439614, -122.653236 45.439304, -122.652975 45.438862, -122.652921 45.438768, -122.652872 45.438655, -122.652832 45.438543, -122.652797 45.438402, -122.652781 45.438269, -122.65278 45.438167, -122.652781 45.438056, -122.652791 45.437953, -122.652825 45.437764, -122.652916 45.437489, -122.653033 45.437189, -122.653195 45.436751, -122.65348 45.435878)"
0,35,"LINESTRING (-122.65348 45.435878, -122.653489 45.43585, -122.653538 45.435713, -122.653572 45.435596, -122.653642 45.43538, -122.653685 45.43524, -122.653814 45.434852, -122.65392 45.434575, -122.653988 45.434438, -122.654059 45.434303, -122.654215 45.434026, -122.654386 45.433738, -122.65454 45.433474, -122.654708 45.433196, -122.655003 45.432666, -122.655182 45.432339, -122.655346 45.431984, -122.655526 45.43158, -122.655612 45.431408, -122.655678 45.431288, -122.655751 45.43116, -122.655817 45.431043, -122.655886 45.430943, -122.655894 45.430932)"
0,35,"LINESTRING (-122.655894 45.430932, -122.655965 45.430835, -122.656097 45.430667, -122.656242 45.430506, -122.656401 45.430351, -122.656548 45.430212, -122.656572 45.430192, -122.656787 45.430026, -122.657104 45.429806, -122.657191 45.42975, -122.657427 45.429586, -122.657615 45.429443, -122.657658 45.429409, -122.657786 45.429293, -122.657875 45.429193, -122.657961 45.429085, -122.658026 45.428988, -122.658076 45.42891, -122.658149 45.428757, -122.65819 45.428648, -122.658234 45.428521, -122.658272 45.428384)"
0,35,"LINESTRING (-122.658272 45.428384, -122.658302 45.428278, -122.658399 45.427885, -122.658562 45.427254, -122.658643 45.426994, -122.658686 45.426883, -122.658735 45.426769, -122.658802 45.426645, -122.658874 45.426526, -122.659008 45.426343, -122.659171 45.426141, -122.659348 45.425933, -122.659721 45.42549, -122.660457 45.424574, -122.660546 45.424467, -122.660659 45.424331, -122.660932 45.424011, -122.660962 45.423976, -122.661011 45.423915, -122.661075 45.423836, -122.661181 45.423695, -122.661257 45.423587, -122.661379 45.423416, -122.66149 45.423356, -122.661655 45.423083, -122.661668 45.422976, -122.661776 45.422797, -122.661859 45.422774, -122.661941 45.42265)"
0,35,"LINESTRING (-122.661941 45.42265, -122.66199 45.422577, -122.661973 45.422492, -122.662069 45.422324, -122.66217 45.42213, -122.662273 45.421901, -122.662325 45.421773, -122.662365 45.421661, -122.662395 45.421556, -122.662477 45.421511, -122.662505 45.421415, -122.662526 45.421322, -122.662482 45.421245, -122.662492 45.4212, -122.662587 45.420759)"
0,35,"LINESTRING (-122.662587 45.420759, -122.662595 45.420724, -122.662621 45.420602, -122.66264 45.420523, -122.6633 45.420595, -122.663954 45.420667, -122.664219 45.420696, -122.664544 45.420732, -122.664606 45.420739, -122.665124 45.420796)"
0,35,"LINESTRING (-122.665124 45.420796, -122.665224 45.420807, -122.66585 45.420875, -122.666457 45.420942, -122.66708 45.42101, -122.667683 45.421076, -122.667709 45.420963, -122.667785 45.42062)"
0,35,"LINESTRING (-122.667785 45.42062, -122.667811 45.420506, -122.667972 45.419783, -122.667883 45.419723, -122.667362 45.419665, -122.667099 45.419637, -122.666756 45.4196, -122.666307 45.419552, -122.665803 45.419498, -122.665522 45.419468, -122.665158 45.419428)"
0,35,"LINESTRING (-122.665158 45.419428, -122.664722 45.419379, -122.664614 45.419364, -122.664256 45.419311, -122.663766 45.419256, -122.663346 45.419204, -122.663217 45.419185, -122.663137 45.419162, -122.663071 45.419136, -122.662956 45.419076, -122.663022 45.418787, -122.663062 45.418613, -122.66314 45.418538, -122.663215 45.418221, -122.663249 45.418069, -122.663203 45.417998, -122.663255 45.417746, -122.663298 45.417538)"
0,35,"LINESTRING (-122.663298 45.417538, -122.663307 45.417493, -122.663321 45.417423, -122.6634 45.417352, -122.663413 45.417304, -122.663466 45.417068, -122.663419 45.417006, -122.663555 45.416382, -122.663632 45.416045, -122.663652 45.415946, -122.663692 45.415748)"
0,35,"LINESTRING (-122.663692 45.415748, -122.663701 45.415701, -122.663735 45.415561, -122.663755 45.415475, -122.663806 45.41525, -122.66389 45.414878, -122.663964 45.414806, -122.664102 45.414197, -122.664055 45.414123, -122.664132 45.413758, -122.664211 45.413691, -122.664282 45.41337, -122.664241 45.413289, -122.664271 45.413145)"
0,35,"LINESTRING (-122.664271 45.413145, -122.664277 45.413117, -122.664293 45.413038, -122.664351 45.412761, -122.664371 45.412669, -122.664454 45.412278, -122.664469 45.412209, -122.664536 45.412152, -122.664563 45.412014, -122.664575 45.411944, -122.664534 45.411865, -122.664551 45.411782, -122.664596 45.411562, -122.66462 45.411446, -122.664642 45.411314, -122.66465 45.411218, -122.664643 45.411126, -122.66461 45.410999, -122.664562 45.410902, -122.664493 45.410801, -122.664349 45.41063, -122.664083 45.410323, -122.663801 45.410012, -122.663746 45.409957, -122.663647 45.409878, -122.663543 45.409814, -122.663417 45.409764, -122.663252 45.409706, -122.663103 45.409668, -122.66295 45.409639, -122.662803 45.409624, -122.662549 45.4096, -122.662352 45.409576, -122.660912 45.409363, -122.660758 45.40933, -122.660671 45.409306, -122.660561 45.409267, -122.660431 45.409202, -122.660326 45.409124, -122.660241 45.40904, -122.660181 45.408974, -122.660136 45.408893, -122.660096 45.408789, -122.660082 45.408706, -122.66007 45.40823, -122.660067 45.407965, -122.66006 45.407386, -122.66006 45.407333, -122.6601 45.407292, -122.6601 45.407262)"
0,35,"LINESTRING (-122.6601 45.407262, -122.6601 45.407253, -122.660095 45.407112, -122.660055 45.407079, -122.660046 45.406566, -122.660034 45.405611, -122.66003 45.405177, -122.660019 45.404838, -122.659999 45.40464, -122.659974 45.404513, -122.659933 45.404391, -122.659883 45.40427, -122.659821 45.404157, -122.659744 45.404044)"
0,35,"LINESTRING (-122.659744 45.404044, -122.659694 45.403972, -122.659583 45.403845, -122.659441 45.403704, -122.658977 45.403279, -122.658963 45.403221, -122.658881 45.403148, -122.658827 45.403142, -122.658684 45.40301, -122.658546 45.402887, -122.658301 45.402663, -122.658163 45.402529, -122.657976 45.402358, -122.657689 45.402094, -122.657596 45.402008)"
0,35,"LINESTRING (-122.657596 45.402008, -122.657374 45.401805, -122.657144 45.401593, -122.657109 45.401559, -122.656887 45.401353, -122.656881 45.40129, -122.656485 45.400917, -122.656109 45.400548, -122.655444 45.399945, -122.655311 45.399909, -122.655022 45.399643, -122.65479 45.39943, -122.654489 45.399153, -122.654231 45.398918)"
0,35,"LINESTRING (-122.654231 45.398918, -122.654137 45.398834, -122.654093 45.398793, -122.653988 45.398696, -122.653137 45.39791, -122.653016 45.397798, -122.652724 45.397528, -122.652601 45.397421, -122.652489 45.397325, -122.652366 45.397213)"
0,35,"LINESTRING (-122.652366 45.397213, -122.652327 45.397177, -122.652134 45.396998, -122.65165 45.396548, -122.651062 45.396004, -122.650875 45.395828, -122.650618 45.395592)"
0,35,"LINESTRING (-122.650618 45.395592, -122.650527 45.395509, -122.64849 45.393644, -122.648199 45.393396, -122.647881 45.393083, -122.647541 45.392772)"
0,35,"LINESTRING (-122.647541 45.392772, -122.647451 45.392689, -122.64708 45.392349, -122.646485 45.391797, -122.646399 45.39172, -122.646301 45.391632, -122.646127 45.391468)"
0,35,"LINESTRING (-122.646127 45.391468, -122.646111 45.391454, -122.645764 45.391134, -122.645421 45.390841, -122.645153 45.390606, -122.64509 45.390548, -122.644764 45.390249, -122.644342 45.389852, -122.644145 45.389672, -122.644041 45.389576)"
0,35,"LINESTRING (-122.644041 45.389576, -122.643884 45.389433, -122.643217 45.388813, -122.643148 45.38875, -122.64256 45.388192, -122.642412 45.388052, -122.642373 45.388015, -122.642056 45.387738, -122.641853 45.387558, -122.641763 45.387476, -122.641522 45.387253, -122.6414 45.387141, -122.64109 45.386856, -122.640867 45.38665, -122.640573 45.386377, -122.640228 45.386057)"
0,35,"LINESTRING (-122.640228 45.386057, -122.640203 45.386034, -122.640048 45.385896, -122.639928 45.385787, -122.639593 45.385459, -122.639507 45.385371, -122.639372 45.385205, -122.63929 45.385081, -122.639231 45.384966, -122.639171 45.38482, -122.63915 45.384771, -122.639115 45.384637, -122.639092 45.38453, -122.639039 45.384235, -122.638989 45.383973)"
0,35,"LINESTRING (-122.638989 45.383973, -122.638971 45.383882, -122.638921 45.383706, -122.638857 45.383558, -122.638797 45.383454, -122.638736 45.383355, -122.638644 45.383228, -122.638571 45.383141, -122.638475 45.383023, -122.638169 45.382666, -122.638034 45.38252, -122.637803 45.382244, -122.63777 45.382202, -122.637652 45.382056, -122.637559 45.381935, -122.637473 45.381819, -122.637314 45.381558, -122.637252 45.381432, -122.637175 45.38124, -122.637134 45.381121, -122.637089 45.380967, -122.637021 45.380717, -122.636983 45.380581, -122.63696 45.380516, -122.636918 45.380401, -122.636882 45.380323, -122.636836 45.38023, -122.636744 45.380063, -122.636644 45.379924, -122.63649 45.379734, -122.636425 45.379659, -122.636348 45.379586, -122.636229 45.379479, -122.636084 45.379349, -122.635809 45.379124)"
0,35,"LINESTRING (-122.635809 45.379124, -122.63574 45.379068, -122.63568 45.379019, -122.63559 45.378945, -122.635194 45.37861, -122.634393 45.377911, -122.634252 45.377792, -122.633903 45.37749)"
0,35,"LINESTRING (-122.633903 45.37749, -122.633504 45.377143, -122.632987 45.376692, -122.632712 45.376459)"
0,35,"LINESTRING (-122.632712 45.376459, -122.632536 45.37631, -122.63246 45.376242, -122.632135 45.375946, -122.632088 45.375906, -122.631907 45.375752, -122.631607 45.375498, -122.631499 45.375401, -122.631288 45.37524, -122.63089 45.374959, -122.630465 45.374671, -122.630423 45.374642, -122.63012 45.37444)"
0,35,"LINESTRING (-122.63012 45.37444, -122.630106 45.374431, -122.629751 45.374193, -122.629278 45.373873, -122.628958 45.373656, -122.628917 45.373629, -122.628524 45.37338)"
0,35,"LINESTRING (-122.628524 45.37338, -122.628365 45.37328, -122.628034 45.37311, -122.627855 45.373019, -122.62765 45.372918, -122.627417 45.372805, -122.6267 45.372466, -122.626233 45.372245, -122.625799 45.372042, -122.624951 45.37164, -122.624765 45.371548, -122.624676 45.371512, -122.623955 45.371173, -122.623538 45.370986, -122.623391 45.370924, -122.623237 45.370859)"
0,35,"LINESTRING (-122.623237 45.370859, -122.62314 45.370818, -122.622978 45.370764, -122.622366 45.370558, -122.621715 45.370344, -122.620996 45.370113, -122.620669 45.370009, -122.620505 45.36995, -122.620336 45.369886, -122.620075 45.369765, -122.619857 45.369642, -122.619227 45.369272, -122.618986 45.369134)"
0,35,"LINESTRING (-122.618986 45.369134, -122.618888 45.369077, -122.61875 45.368997, -122.61812 45.36862, -122.617313 45.368144, -122.61712 45.368027)"
0,35,"LINESTRING (-122.61712 45.368027, -122.61703 45.367973, -122.616461 45.367636, -122.616047 45.367408, -122.615996 45.367381, -122.615827 45.3673, -122.615677 45.367234, -122.615515 45.367167, -122.615374 45.36711, -122.615169 45.367027, -122.615098 45.367, -122.615038 45.366974, -122.614535 45.366762, -122.614425 45.366716, -122.61393 45.366516, -122.613872 45.36645, -122.613818 45.366427, -122.61368 45.366363, -122.613502 45.366278, -122.613391 45.366271, -122.613179 45.366173, -122.613131 45.366148, -122.612921 45.36601, -122.612709 45.365866, -122.612464 45.365695)"
0,35,"LINESTRING (-122.612464 45.365695, -122.612419 45.365664, -122.612273 45.365563, -122.612111 45.365452, -122.611858 45.365275, -122.611785 45.365218, -122.611603 45.365062, -122.611552 45.365019, -122.611441 45.364914, -122.611395 45.364861, -122.611198 45.364645, -122.610964 45.364384)"
0,35,"LINESTRING (-122.610964 45.364384, -122.610962 45.364382, -122.610868 45.364277, -122.610777 45.364176, -122.610617 45.363998, -122.610581 45.363957, -122.610501 45.363867, -122.610338 45.363684, -122.610067 45.363375, -122.60998 45.363279, -122.609815 45.363078, -122.609644 45.362628, -122.609576 45.362457, -122.609536 45.362283, -122.609526 45.362117, -122.609565 45.361939, -122.609611 45.361842, -122.609652 45.361781, -122.609692 45.361747, -122.609785 45.36168, -122.609956 45.361616, -122.610115 45.361593, -122.610267 45.361596, -122.610392 45.361628, -122.610496 45.36167, -122.610548 45.361702, -122.610591 45.361729, -122.610679 45.361811, -122.610726 45.36189, -122.610754 45.361995, -122.610742 45.362102, -122.610677 45.362224, -122.610601 45.362304, -122.610458 45.362408, -122.610306 45.362493, -122.610043 45.362605, -122.609736 45.362732, -122.609361 45.362873, -122.60922 45.362995, -122.609094 45.36303, -122.608288 45.363262, -122.607476 45.363493, -122.606094 45.363862, -122.605821 45.36392, -122.604066 45.364414, -122.601971 45.365001, -122.601783 45.365013, -122.601509 45.365087, -122.601296 45.365138, -122.601083 45.365185, -122.600872 45.365226, -122.60072 45.365252, -122.600591 45.365266, -122.60046 45.365274, -122.600341 45.365273, -122.600243 45.365267, -122.600133 45.365251, -122.599971 45.365211, -122.599812 45.36513, -122.599726 45.365056, -122.599675 45.364988, -122.599616 45.364864, -122.599611 45.364764, -122.599625 45.364677, -122.599668 45.364582, -122.599761 45.364483, -122.599875 45.364407, -122.599995 45.364356, -122.600101 45.364326, -122.600125 45.364321, -122.600153 45.364315, -122.600237 45.364293, -122.600717 45.364284, -122.600779 45.364286, -122.600864 45.364293, -122.600942 45.364307, -122.601091 45.364194, -122.601138 45.364079, -122.601215 45.363929, -122.601307 45.363759, -122.601409 45.363606, -122.601529 45.363444, -122.601647 45.363294, -122.601823 45.363094, -122.602015 45.362881, -122.602216 45.362673, -122.602311 45.36259, -122.602403 45.36251, -122.602863 45.362055, -122.603079 45.361845, -122.603265 45.361665, -122.603323 45.361612, -122.603379 45.361561, -122.603516 45.36144, -122.603766 45.361231, -122.603875 45.361148, -122.603775 45.361084, -122.603688 45.361029, -122.603589 45.360978, -122.603544 45.360954, -122.603188 45.360774, -122.603618 45.360348, -122.603821 45.360144, -122.603887 45.360086, -122.603923 45.360058, -122.603976 45.360022, -122.604032 45.359988, -122.604262 45.35987, -122.604553 45.359726, -122.60456 45.359722)"
1,35,"LINESTRING (-122.60456 45.359722, -122.604719 45.359644, -122.605178 45.359415, -122.605258 45.359376, -122.605318 45.359435, -122.605634 45.359757, -122.605801 45.359927, -122.60587 45.359997, -122.60577 45.360048, -122.605329 45.360266, -122.605003 45.360427, -122.604952 45.360453, -122.604847 45.360508, -122.604581 45.360648, -122.604521 45.360681, -122.604399 45.360747, -122.604241 45.360836, -122.604104 45.360861, -122.603882 45.361011, -122.603775 45.361084, -122.603666 45.361166, -122.603437 45.361356, -122.603215 45.361555, -122.602993 45.361764, -122.60265 45.362106, -122.602211 45.362539, -122.602123 45.362627, -122.601827 45.362924, -122.601647 45.363115, -122.60148 45.363298, -122.601304 45.363491, -122.601205 45.363623, -122.601138 45.363718, -122.601079 45.36381, -122.601014 45.363927, -122.600971 45.364006, -122.600898 45.364161, -122.600942 45.364307, -122.600893 45.364486, -122.600844 45.364683, -122.600818 45.364813, -122.600795 45.36503, -122.600792 45.365097, -122.600791 45.3652, -122.600794 45.365346, -122.600798 45.365456, -122.600807 45.365575, -122.600826 45.365847, -122.600655 45.366126, -122.600681 45.366426, -122.600671 45.366479, -122.600604 45.366569, -122.600563 45.366603, -122.600475 45.366649, -122.600314 45.366691, -122.599977 45.366708, -122.599872 45.366705, -122.599742 45.366677, -122.599639 45.366635, -122.599562 45.366593, -122.59949 45.366533, -122.599428 45.366456, -122.599399 45.366396, -122.59938 45.366332, -122.599379 45.366291, -122.599378 45.366261, -122.599392 45.366184, -122.59944 45.366102, -122.599504 45.366028, -122.599608 45.365949, -122.599741 45.365877, -122.599884 45.365814, -122.600194 45.365715, -122.600944 45.365479, -122.601103 45.365394, -122.603067 45.364847, -122.60581 45.364079, -122.605996 45.364068, -122.606414 45.363957, -122.606952 45.363841, -122.607784 45.363667, -122.608181 45.363593, -122.608511 45.363543, -122.608988 45.363484, -122.609672 45.363429, -122.609887 45.363411, -122.610067 45.363375, -122.610338 45.363684, -122.610501 45.363867, -122.610581 45.363957, -122.610617 45.363998, -122.610777 45.364176, -122.610868 45.364277, -122.610962 45.364382, -122.611189 45.364634)"
1,35,"LINESTRING (-122.611189 45.364634, -122.611198 45.364645, -122.611395 45.364861, -122.611441 45.364914, -122.611552 45.365019, -122.611603 45.365062, -122.611785 45.365218, -122.611858 45.365275, -122.612111 45.365452, -122.612273 45.365563, -122.612419 45.365664, -122.612709 45.365866, -122.612921 45.36601, -122.613131 45.366148, -122.613179 45.366173, -122.613391 45.366271, -122.613435 45.366333, -122.613596 45.366406, -122.613822 45.366506, -122.613853 45.366509)"
1,35,"LINESTRING (-122.613853 45.366509, -122.61393 45.366516, -122.614425 45.366716, -122.614535 45.366762, -122.615038 45.366974, -122.615098 45.367, -122.615169 45.367027, -122.615374 45.36711, -122.615515 45.367167, -122.615677 45.367234, -122.615827 45.3673, -122.615996 45.367381, -122.616047 45.367408, -122.616461 45.367636, -122.6166 45.367718)"
1,35,"LINESTRING (-122.6166 45.367718, -122.61703 45.367973, -122.617313 45.368144, -122.61812 45.36862, -122.618574 45.368892)"
1,35,"LINESTRING (-122.618574 45.368892, -122.61875 45.368997, -122.618888 45.369077, -122.619227 45.369272, -122.619857 45.369642, -122.620075 45.369765, -122.620336 45.369886, -122.620505 45.36995, -122.620669 45.370009, -122.620996 45.370113, -122.621715 45.370344, -122.622366 45.370558, -122.622978 45.370764, -122.62314 45.370818, -122.623391 45.370924, -122.623538 45.370986)"
1,35,"LINESTRING (-122.623538 45.370986, -122.623588 45.371008, -122.623955 45.371173, -122.624676 45.371512, -122.624765 45.371548, -122.624951 45.37164, -122.625799 45.372042, -122.626233 45.372245, -122.6267 45.372466, -122.627417 45.372805, -122.62765 45.372918, -122.627855 45.373019, -122.628034 45.37311, -122.628242 45.373217)"
1,35,"LINESTRING (-122.628242 45.373217, -122.628365 45.37328, -122.628917 45.373629, -122.628958 45.373656, -122.629278 45.373873, -122.629751 45.374193, -122.630106 45.374431, -122.6303 45.37456)"
1,35,"LINESTRING (-122.6303 45.37456, -122.630423 45.374642, -122.630465 45.374671, -122.63089 45.374959, -122.631288 45.37524, -122.631499 45.375401, -122.631607 45.375498, -122.631907 45.375752, -122.632088 45.375906, -122.632135 45.375946, -122.63246 45.376242, -122.632536 45.37631, -122.632778 45.376515)"
1,35,"LINESTRING (-122.632778 45.376515, -122.632987 45.376692, -122.633504 45.377143, -122.634042 45.37761)"
1,35,"LINESTRING (-122.634042 45.37761, -122.634252 45.377792, -122.634393 45.377911, -122.635194 45.37861, -122.635545 45.378907)"
1,35,"LINESTRING (-122.635545 45.378907, -122.63559 45.378945, -122.63568 45.379019, -122.63574 45.379068, -122.636084 45.379349, -122.636229 45.379479, -122.636348 45.379586, -122.636425 45.379659, -122.63649 45.379734, -122.636644 45.379924, -122.636744 45.380063, -122.636836 45.38023, -122.636882 45.380323, -122.636918 45.380401, -122.63696 45.380516, -122.636983 45.380581, -122.637021 45.380717, -122.637089 45.380967, -122.637134 45.381121, -122.637175 45.38124, -122.637252 45.381432, -122.637314 45.381558, -122.637473 45.381819, -122.637559 45.381935, -122.637652 45.382056, -122.63777 45.382202, -122.637803 45.382244, -122.638034 45.38252, -122.638169 45.382666, -122.638475 45.383023, -122.638571 45.383141, -122.638644 45.383228, -122.638736 45.383355, -122.638797 45.383454, -122.638857 45.383558, -122.638921 45.383706, -122.638971 45.383882, -122.639039 45.384235, -122.639062 45.384363)"
1,35,"LINESTRING (-122.639062 45.384363, -122.639092 45.38453, -122.639115 45.384637, -122.63915 45.384771, -122.639171 45.38482, -122.639231 45.384966, -122.63929 45.385081, -122.639372 45.385205, -122.639507 45.385371, -122.639593 45.385459, -122.639928 45.385787, -122.640048 45.385896, -122.640203 45.386034, -122.640573 45.386377, -122.640867 45.38665, -122.64109 45.386856, -122.6414 45.387141, -122.641522 45.387253, -122.641655 45.387376)"
1,35,"LINESTRING (-122.641655 45.387376, -122.641763 45.387476, -122.641853 45.387558, -122.642056 45.387738, -122.642373 45.388015, -122.642412 45.388052, -122.64256 45.388192, -122.643148 45.38875, -122.643217 45.388813, -122.643884 45.389433, -122.644145 45.389672, -122.644221 45.389741)"
1,35,"LINESTRING (-122.644221 45.389741, -122.644342 45.389852, -122.644764 45.390249, -122.64509 45.390548, -122.645153 45.390606, -122.645421 45.390841, -122.645764 45.391134, -122.646127 45.391468, -122.646272 45.391605)"
1,35,"LINESTRING (-122.646272 45.391605, -122.646301 45.391632, -122.646399 45.39172, -122.646485 45.391797, -122.64708 45.392349, -122.6473 45.392551)"
1,35,"LINESTRING (-122.6473 45.392551, -122.647451 45.392689, -122.647881 45.393083, -122.648199 45.393396, -122.64849 45.393644, -122.650344 45.395342)"
1,35,"LINESTRING (-122.650344 45.395342, -122.650527 45.395509, -122.650875 45.395828, -122.651062 45.396004, -122.65165 45.396548, -122.652134 45.396998, -122.652366 45.397213, -122.652489 45.397325, -122.652601 45.397421, -122.652724 45.397528, -122.65298 45.397765)"
1,35,"LINESTRING (-122.65298 45.397765, -122.653016 45.397798, -122.653137 45.39791, -122.653988 45.398696, -122.654093 45.398793, -122.654137 45.398834, -122.654489 45.399153, -122.65479 45.39943, -122.654884 45.399516)"
1,35,"LINESTRING (-122.654884 45.399516, -122.655022 45.399643, -122.655311 45.399909, -122.655315 45.399995, -122.656339 45.400949, -122.656788 45.40133, -122.656887 45.401353, -122.657109 45.401559, -122.657144 45.401593, -122.657374 45.401805, -122.657689 45.402094, -122.657778 45.402176)"
1,35,"LINESTRING (-122.657778 45.402176, -122.657976 45.402358, -122.658163 45.402529, -122.658301 45.402663, -122.658546 45.402887, -122.658684 45.40301, -122.658827 45.403142, -122.658821 45.403186, -122.658897 45.403258, -122.658977 45.403279, -122.659441 45.403704, -122.659583 45.403845)"
1,35,"LINESTRING (-122.659583 45.403845, -122.659615 45.403882, -122.659694 45.403972, -122.659821 45.404157, -122.659883 45.40427, -122.659933 45.404391, -122.659974 45.404513, -122.659999 45.40464, -122.660019 45.404838, -122.66003 45.405177, -122.660034 45.405611, -122.660046 45.406566, -122.660055 45.407079, -122.660012 45.407112, -122.660016 45.407299, -122.66006 45.407333, -122.66006 45.407386, -122.660066 45.40785)"
1,35,"LINESTRING (-122.660066 45.40785, -122.660067 45.407965, -122.66007 45.40823, -122.660082 45.408706, -122.660096 45.408789, -122.660136 45.408893, -122.660181 45.408974, -122.660241 45.40904, -122.660326 45.409124, -122.660431 45.409202, -122.660561 45.409267, -122.660671 45.409306, -122.660758 45.40933, -122.660912 45.409363, -122.662352 45.409576, -122.662549 45.4096, -122.662803 45.409624, -122.66295 45.409639, -122.663103 45.409668, -122.663252 45.409706, -122.663417 45.409764, -122.663543 45.409814, -122.663647 45.409878, -122.663746 45.409957, -122.663801 45.410012, -122.664083 45.410323, -122.664349 45.41063, -122.664493 45.410801, -122.664562 45.410902, -122.66461 45.410999, -122.664643 45.411126, -122.66465 45.411218, -122.664642 45.411314, -122.66462 45.411446, -122.664596 45.411562, -122.664551 45.411782, -122.664534 45.411865, -122.66446 45.411927, -122.664418 45.412138, -122.664469 45.412209, -122.664454 45.412278, -122.664371 45.412669, -122.664351 45.412761, -122.664312 45.412947)"
1,35,"LINESTRING (-122.664312 45.412947, -122.664293 45.413038, -122.664277 45.413117, -122.664241 45.413289, -122.664156 45.413357, -122.66409 45.41367, -122.664132 45.413758, -122.664055 45.414123, -122.663974 45.414184, -122.663914 45.414452, -122.663881 45.414605, -122.663841 45.414787, -122.66389 45.414878, -122.663806 45.41525, -122.663755 45.415475, -122.663751 45.415493)"
1,35,"LINESTRING (-122.663751 45.415493, -122.663735 45.415561, -122.663701 45.415701, -122.663652 45.415946, -122.663632 45.416045, -122.663555 45.416382, -122.663419 45.417006, -122.663344 45.417051, -122.663332 45.417098, -122.663303 45.417219, -122.663283 45.417294, -122.66327 45.417339, -122.663321 45.417423, -122.663307 45.417493, -122.663255 45.417746, -122.663203 45.417998, -122.663124 45.418052, -122.663123 45.418057)"
1,35,"LINESTRING (-122.663123 45.418057, -122.66309 45.418194, -122.663021 45.418508, -122.663062 45.418613, -122.663022 45.418787, -122.662956 45.419076, -122.662933 45.419174, -122.662881 45.419237, -122.662855 45.419275, -122.662836 45.419347, -122.662721 45.419865, -122.6628 45.419952, -122.662729 45.420198, -122.662656 45.420452, -122.66264 45.420523, -122.6633 45.420595, -122.663954 45.420667, -122.664219 45.420696, -122.664544 45.420732, -122.664606 45.420739, -122.665124 45.420796)"
1,35,"LINESTRING (-122.665124 45.420796, -122.665224 45.420807, -122.66585 45.420875, -122.666457 45.420942, -122.66708 45.42101, -122.667683 45.421076, -122.667709 45.420963, -122.667811 45.420506, -122.667886 45.420167)"
1,35,"LINESTRING (-122.667886 45.420167, -122.667972 45.419783, -122.667883 45.419723, -122.667362 45.419665, -122.667099 45.419637, -122.666756 45.4196, -122.666307 45.419552, -122.665803 45.419498, -122.665522 45.419468, -122.665158 45.419428)"
1,35,"LINESTRING (-122.665158 45.419428, -122.664722 45.419379, -122.664614 45.419364, -122.664256 45.419311, -122.663766 45.419256, -122.663683 45.419284, -122.663375 45.419268, -122.663078 45.419249, -122.663007 45.419245, -122.662855 45.419275, -122.662836 45.419347, -122.662721 45.419865, -122.6628 45.419952, -122.662729 45.420198, -122.662656 45.420452, -122.66264 45.420523, -122.662621 45.420602, -122.662595 45.420724, -122.66254 45.420979)"
1,35,"LINESTRING (-122.66254 45.420979, -122.662492 45.4212, -122.662482 45.421245, -122.662399 45.421313, -122.66235 45.421481, -122.662395 45.421556, -122.662365 45.421661, -122.662325 45.421773, -122.662273 45.421901, -122.66217 45.42213, -122.662069 45.422324, -122.661973 45.422492, -122.661879 45.422535, -122.661755 45.42273, -122.661776 45.422797, -122.661668 45.422976, -122.661543 45.423042, -122.661425 45.42323, -122.661367 45.423331, -122.661379 45.423416, -122.661337 45.423475)"
1,35,"LINESTRING (-122.661337 45.423475, -122.661257 45.423587, -122.661181 45.423695, -122.661075 45.423836, -122.661011 45.423915, -122.660962 45.423976, -122.660932 45.424011, -122.660659 45.424331, -122.660546 45.424467, -122.660457 45.424574, -122.659721 45.42549, -122.659348 45.425933, -122.659171 45.426141, -122.659008 45.426343, -122.658874 45.426526, -122.658802 45.426645, -122.658735 45.426769, -122.658686 45.426883, -122.658643 45.426994, -122.658562 45.427254, -122.658399 45.427885, -122.658344 45.428108)"
1,35,"LINESTRING (-122.658344 45.428108, -122.658302 45.428278, -122.658234 45.428521, -122.65819 45.428648, -122.658149 45.428757, -122.658076 45.42891, -122.658026 45.428988, -122.657961 45.429085, -122.657875 45.429193, -122.657786 45.429293, -122.657658 45.429409, -122.657615 45.429443, -122.657427 45.429586, -122.657191 45.42975, -122.657104 45.429806, -122.656787 45.430026, -122.656572 45.430192, -122.656548 45.430212, -122.656401 45.430351, -122.656242 45.430506, -122.656097 45.430667, -122.655965 45.430835, -122.655886 45.430943, -122.655817 45.431043, -122.655751 45.43116, -122.655678 45.431288, -122.655612 45.431408, -122.655567 45.431496)"
1,35,"LINESTRING (-122.655567 45.431496, -122.655526 45.43158, -122.655346 45.431984, -122.655182 45.432339, -122.655003 45.432666, -122.654708 45.433196, -122.65454 45.433474, -122.654386 45.433738, -122.654215 45.434026, -122.654059 45.434303, -122.653988 45.434438, -122.65392 45.434575, -122.653814 45.434852, -122.653685 45.43524, -122.653642 45.43538, -122.653572 45.435596, -122.653538 45.435713, -122.653489 45.43585, -122.653453 45.435961)"
1,35,"LINESTRING (-122.653453 45.435961, -122.653195 45.436751, -122.653033 45.437189, -122.652916 45.437489, -122.652825 45.437764, -122.652791 45.437953, -122.652781 45.438056, -122.65278 45.438167, -122.652781 45.438269, -122.652797 45.438402, -122.652832 45.438543, -122.652872 45.438655, -122.652921 45.438768, -122.652975 45.438862, -122.653236 45.439304, -122.65343 45.439614, -122.653936 45.440416, -122.654155 45.440721, -122.654443 45.441114, -122.654645 45.441381, -122.654715 45.441475)"
1,35,"LINESTRING (-122.654715 45.441475, -122.654797 45.441585, -122.654869 45.441682, -122.655785 45.442853, -122.656623 45.443962, -122.656746 45.444152, -122.656832 45.444359, -122.656871 45.444456, -122.656892 45.44458, -122.656906 45.444798, -122.656897 45.445012, -122.656815 45.445764, -122.656806 45.445852, -122.656795 45.446031)"
1,35,"LINESTRING (-122.656795 45.446031, -122.656791 45.446101, -122.656828 45.446375, -122.656889 45.446601, -122.656947 45.446766, -122.657053 45.446951)"
1,35,"LINESTRING (-122.657053 45.446951, -122.657138 45.447098, -122.657226 45.447217, -122.657338 45.44742, -122.65745 45.44763, -122.657663 45.448055, -122.65809 45.448915, -122.65831 45.449348, -122.658625 45.449956, -122.658948 45.45056, -122.658971 45.450604, -122.659053 45.450758)"
1,35,"LINESTRING (-122.659053 45.450758, -122.659385 45.451373, -122.659583 45.451747, -122.659795 45.452146, -122.659843 45.452227, -122.659914 45.452366, -122.660018 45.452563, -122.66012 45.452744, -122.660262 45.45296, -122.660363 45.453091, -122.660445 45.453185, -122.660541 45.453301, -122.661517 45.454368, -122.661717 45.454584, -122.662837 45.4558, -122.663594 45.45662, -122.664082 45.457152, -122.664657 45.457772, -122.665297 45.458478, -122.665905 45.459134, -122.666291 45.459556, -122.666893 45.46021, -122.667474 45.46084, -122.66775 45.461163, -122.668001 45.461498, -122.668077 45.46162, -122.668158 45.461762, -122.668239 45.461923, -122.668314 45.462055, -122.668304 45.462258, -122.668426 45.462808, -122.668526 45.463581, -122.668557 45.464018, -122.668588 45.464283, -122.668809 45.46495, -122.668904 45.465167, -122.668939 45.465273, -122.66899 45.465395)"
1,35,"LINESTRING (-122.66899 45.465395, -122.669043 45.465522, -122.66912 45.465653, -122.669425 45.466269, -122.669615 45.466451, -122.669741 45.466724, -122.67 45.467226, -122.670085 45.467377, -122.670175 45.467518, -122.670238 45.467606, -122.670459 45.467841, -122.670568 45.467951, -122.670778 45.468136, -122.670976 45.468325, -122.671067 45.468422, -122.671071 45.468486, -122.671163 45.468618, -122.671238 45.468744, -122.671288 45.468841, -122.671322 45.468925, -122.671342 45.468974, -122.671362 45.469038, -122.671413 45.469272, -122.671471 45.469674, -122.671547 45.469754, -122.671553 45.469807, -122.671613 45.47026, -122.671625 45.470352, -122.671659 45.470634, -122.671674 45.470796, -122.671684 45.470976, -122.671666 45.471294, -122.671567 45.471354, -122.671524 45.471657, -122.671513 45.471741, -122.67147 45.471949, -122.671433 45.47218, -122.671412 45.472432, -122.671406 45.472562, -122.671408 45.472613, -122.671411 45.472709, -122.671424 45.472873)"
1,35,"LINESTRING (-122.671424 45.472873, -122.671433 45.472995, -122.671476 45.473364, -122.671515 45.473696, -122.671558 45.4741, -122.671589 45.474394, -122.671664 45.475137, -122.671671 45.475203, -122.671704 45.475518, -122.671738 45.475822, -122.671791 45.476218, -122.671857 45.476549, -122.671891 45.476708, -122.6719 45.476755, -122.67198 45.477011, -122.67201 45.477114)"
1,35,"LINESTRING (-122.67201 45.477114, -122.672029 45.477178, -122.672058 45.477252, -122.672222 45.477772, -122.672284 45.477972, -122.672327 45.478102, -122.672416 45.478376, -122.672516 45.478684, -122.672702 45.479274, -122.672805 45.479607, -122.672905 45.4799, -122.673011 45.480219, -122.673139 45.480553, -122.673149 45.48058, -122.673258 45.480896)"
1,35,"LINESTRING (-122.673258 45.480896, -122.67331 45.481046, -122.673334 45.481116, -122.673357 45.481187, -122.673588 45.481914, -122.673682 45.482186, -122.673694 45.482219, -122.673763 45.482402, -122.673799 45.482485, -122.673911 45.482742, -122.674076 45.483083, -122.674141 45.483209, -122.674322 45.483545, -122.674432 45.483768, -122.674467 45.483835, -122.674831 45.484526, -122.675001 45.484849)"
1,35,"LINESTRING (-122.675001 45.484849, -122.675031 45.484907, -122.675094 45.485034, -122.67522 45.485329, -122.675296 45.485542, -122.675359 45.485745, -122.675459 45.486147, -122.675467 45.486196, -122.675491 45.486339, -122.675509 45.486464, -122.675527 45.486757, -122.675521 45.486989, -122.675507 45.487113, -122.675495 45.487186, -122.675456 45.487365, -122.675399 45.487541, -122.675346 45.487682, -122.675265 45.487841, -122.675184 45.487999, -122.675132 45.488078)"
1,35,"LINESTRING (-122.675132 45.488078, -122.67508 45.488156, -122.675034 45.488215, -122.674898 45.488387, -122.674879 45.488411, -122.674608 45.488707, -122.674318 45.489021, -122.674068 45.489316, -122.673883 45.489572, -122.673702 45.489853)"
1,35,"LINESTRING (-122.673702 45.489853, -122.673667 45.489907, -122.673625 45.489967, -122.673454 45.490263, -122.673325 45.490536, -122.673156 45.490956, -122.673039 45.491243, -122.672982 45.491398, -122.672942 45.491554, -122.672927 45.491622, -122.672912 45.491705, -122.672899 45.491844, -122.672901 45.491973, -122.672905 45.492173, -122.672923 45.492484, -122.67294 45.492799, -122.672973 45.492948, -122.672947 45.493101, -122.672951 45.493209, -122.672954 45.493472)"
1,35,"LINESTRING (-122.672954 45.493472, -122.672955 45.49364, -122.672953 45.493771, -122.672941 45.494044, -122.672937 45.494305, -122.672933 45.494706, -122.672914 45.495027, -122.672896 45.495336, -122.67288 45.495692, -122.672866 45.496382)"
1,35,"LINESTRING (-122.672866 45.496382, -122.672864 45.49648, -122.672839 45.497872, -122.672842 45.497974, -122.672881 45.498157, -122.672843 45.498873, -122.672807 45.499096, -122.6728 45.499188)"
1,35,"LINESTRING (-122.6728 45.499188, -122.672797 45.499215, -122.672778 45.499404, -122.672756 45.499529, -122.672722 45.499678, -122.672672 45.499882, -122.67258 45.500224, -122.672547 45.50034, -122.672535 45.500406, -122.672526 45.500492, -122.672525 45.500609, -122.672546 45.500714, -122.672568 45.50079, -122.672603 45.500874, -122.672644 45.500951, -122.672683 45.501014, -122.672728 45.50108, -122.6728 45.501158, -122.67289 45.501244, -122.673021 45.501345, -122.673112 45.501399, -122.673225 45.501458, -122.673372 45.501523, -122.67364 45.501612, -122.673751 45.501656, -122.674538 45.501849, -122.674611 45.501864, -122.674832 45.501934, -122.675087 45.502036, -122.675182 45.502084, -122.675344 45.502181, -122.675408 45.502217, -122.675442 45.502234, -122.675499 45.502257, -122.6756 45.502296, -122.675846 45.502482, -122.676272 45.502803, -122.676445 45.502921, -122.67652 45.502975, -122.676622 45.503052, -122.677138 45.503426, -122.677174 45.503452, -122.67722 45.50346, -122.677258 45.503483, -122.67739 45.50352, -122.677448 45.503559, -122.677498 45.503588, -122.677549 45.503615, -122.677609 45.503641, -122.677652 45.503656, -122.677705 45.503671, -122.67776 45.50368, -122.677891 45.503694, -122.677998 45.503737, -122.67829 45.503757, -122.678457 45.503767)"
1,35,"LINESTRING (-122.678457 45.503767, -122.678505 45.50377, -122.678623 45.503775, -122.678635 45.503998, -122.678642 45.504297, -122.678647 45.504522, -122.678642 45.50469, -122.678632 45.505055, -122.678628 45.505275, -122.678617 45.505868, -122.678617 45.506003, -122.678605 45.506512, -122.678605 45.506549, -122.678602 45.506688)"
1,35,"LINESTRING (-122.678602 45.506688, -122.678597 45.507015, -122.678594 45.507197, -122.678594 45.507708, -122.678593 45.507919, -122.678593 45.50796, -122.678592 45.508002, -122.678589 45.508046, -122.678576 45.508306, -122.678554 45.508457, -122.678533 45.508546, -122.678506 45.508623, -122.678478 45.508705, -122.678445 45.508782, -122.678428 45.508824, -122.678378 45.508929, -122.678118 45.509475, -122.678089 45.509562, -122.678061 45.509679, -122.678091 45.50976, -122.678085 45.509778, -122.678063 45.509835, -122.678055 45.509856, -122.678357 45.509935, -122.678652 45.510013, -122.678834 45.510061, -122.678955 45.510094)"
1,35,"LINESTRING (-122.678955 45.510094, -122.679871 45.510342, -122.680368 45.510468, -122.680453 45.510487, -122.680617 45.510541, -122.680732 45.510548, -122.680835 45.510543, -122.680883 45.510543, -122.680922 45.510544, -122.68096 45.510549, -122.68101 45.510561, -122.681642 45.510729, -122.681808 45.510773, -122.681893 45.510797, -122.68192 45.510804, -122.682196 45.510877, -122.682207 45.51088, -122.682675 45.511005)"
1,35,"LINESTRING (-122.682675 45.511005, -122.682884 45.51106, -122.682953 45.511078, -122.682625 45.511684, -122.682585 45.511759, -122.682249 45.512378, -122.682229 45.512415, -122.68195 45.51293, -122.681932 45.512963, -122.68187 45.513078, -122.681852 45.513111, -122.681689 45.513413, -122.681507 45.513748, -122.681213 45.514291, -122.681209 45.514298)"
1,35,"LINESTRING (-122.681209 45.514298, -122.681146 45.514415, -122.68079 45.515072, -122.680426 45.515744, -122.680391 45.515808, -122.680124 45.516359, -122.680091 45.516423, -122.680049 45.516492, -122.679796 45.516963)"
1,35,"LINESTRING (-122.679796 45.516963, -122.679756 45.517036, -122.67973 45.517087, -122.679685 45.517171, -122.679401 45.517691, -122.679367 45.51775, -122.679321 45.517829, -122.679025 45.518361, -122.679004 45.518406, -122.678987 45.518432, -122.67897 45.518466, -122.67868 45.519024, -122.678655 45.51907, -122.678641 45.519096, -122.678611 45.519151, -122.678345 45.519656, -122.678297 45.519751, -122.678266 45.519811, -122.678006 45.520283)"
1,35,"LINESTRING (-122.678006 45.520283, -122.677963 45.520361, -122.677932 45.520421, -122.677904 45.520477, -122.677604 45.521016, -122.677569 45.521084, -122.677242 45.521685, -122.677205 45.521751, -122.677162 45.521828, -122.676848 45.522399, -122.676775 45.522446, -122.676527 45.52291, -122.676511 45.522939)"
1,35,"LINESTRING (-122.676511 45.522939, -122.676486 45.523003, -122.676468 45.523068, -122.676459 45.523122, -122.676451 45.52319, -122.676473 45.523722, -122.676474 45.523777, -122.676474 45.523839, -122.676497 45.524491, -122.676527 45.525135, -122.676534 45.525203, -122.676508 45.525206, -122.675623 45.525222)"
1,35,"LINESTRING (-122.675623 45.525222, -122.675507 45.525224, -122.675481 45.525224, -122.674483 45.525242, -122.673462 45.52526, -122.673355 45.525261, -122.672598 45.525275)"
1,35,"LINESTRING (-122.672598 45.525275, -122.672572 45.525275, -122.672471 45.525276, -122.672349 45.525277, -122.67187 45.525287, -122.671672 45.525294, -122.671576 45.525301, -122.671457 45.525314, -122.671403 45.525324, -122.671324 45.525343, -122.671238 45.525365, -122.671156 45.525392, -122.671111 45.525407, -122.671063 45.525427, -122.671014 45.52545, -122.670958 45.525482, -122.670909 45.525515, -122.67086 45.525554, -122.670829 45.525582, -122.670794 45.525619, -122.670759 45.52566, -122.67071 45.525729, -122.670689 45.525774, -122.670674 45.525825, -122.670662 45.525884, -122.670655 45.525945, -122.670656 45.526016, -122.670663 45.52607, -122.670722 45.526291, -122.670752 45.526372, -122.670758 45.526407, -122.67076 45.52645, -122.67076 45.526493, -122.670756 45.526536, -122.670734 45.526604, -122.67072 45.526638, -122.670702 45.526671, -122.67067 45.526716, -122.670644 45.52675, -122.67061 45.526785, -122.670557 45.526829, -122.670494 45.526873, -122.670434 45.526904, -122.669479 45.527335, -122.66877 45.527667, -122.668126 45.527963, -122.667916 45.52806, -122.667724 45.528164, -122.667407 45.52834, -122.667091 45.528488, -122.666987 45.528534, -122.666926 45.528559, -122.666845 45.528585, -122.666741 45.528614, -122.666676 45.528627, -122.666585 45.528639, -122.66648 45.52865, -122.666372 45.528657, -122.666257 45.528661, -122.666015 45.528662, -122.665857 45.52866, -122.665755 45.528661, -122.665758 45.528741, -122.665759 45.528992, -122.665767 45.529088, -122.66578 45.529148, -122.665794 45.529192, -122.665819 45.529239, -122.665836 45.529314, -122.665864 45.529388, -122.665896 45.529436, -122.665956 45.529474, -122.66637 45.529676)"
1,35,"LINESTRING (-122.66637 45.529676, -122.666465 45.529722, -122.66653 45.529752, -122.666575 45.529774, -122.666594 45.529782, -122.666637 45.529802, -122.666665 45.529814, -122.666749 45.529851, -122.667165 45.530029, -122.667316 45.530098, -122.667537 45.530193, -122.668179 45.530472, -122.668381 45.530551, -122.668523 45.530606, -122.668677 45.530673, -122.668819 45.530738, -122.669078 45.530859, -122.669265 45.530962, -122.669453 45.531071, -122.669555 45.531126, -122.669731 45.531227, -122.670028 45.531442, -122.670234 45.531609, -122.670436 45.531775, -122.670498 45.53183, -122.670798 45.532098, -122.670929 45.53222, -122.671039 45.532324, -122.671252 45.532508)"
1,35,"LINESTRING (-122.671252 45.532508, -122.67157 45.532783, -122.671785 45.532993, -122.672119 45.533347, -122.672546 45.533845, -122.672964 45.534334, -122.673182 45.534608, -122.674007 45.5357, -122.674167 45.535938, -122.674295 45.536138, -122.674327 45.536197, -122.674359 45.536265, -122.674395 45.536366, -122.674421 45.536449, -122.674452 45.53657, -122.674469 45.536692, -122.674476 45.536797, -122.67448 45.536919, -122.674487 45.537189, -122.674487 45.537659, -122.674481 45.537791, -122.674477 45.537933, -122.674479 45.538114)"
1,35,"LINESTRING (-122.674479 45.538114, -122.674483 45.538429, -122.674483 45.538522, -122.674491 45.538771, -122.674512 45.53886, -122.674553 45.538953, -122.674607 45.539037, -122.674669 45.539116, -122.674734 45.539182, -122.674789 45.539231, -122.674861 45.539287, -122.674936 45.539338, -122.675057 45.539404, -122.675268 45.539518)"
1,35,"LINESTRING (-122.675268 45.539518, -122.675795 45.539802, -122.675917 45.539868, -122.676045 45.539931, -122.676368 45.540074, -122.676583 45.540184, -122.676715 45.540255, -122.676784 45.540296, -122.676841 45.540334, -122.676887 45.54037, -122.676932 45.540413, -122.676968 45.54045, -122.676999 45.54049, -122.677044 45.540562, -122.677075 45.540632, -122.677089 45.540682, -122.677103 45.540748, -122.677108 45.540827, -122.677111 45.540931, -122.677122 45.541009, -122.677132 45.541078, -122.677134 45.541926, -122.677132 45.542428, -122.677123 45.542832, -122.67712 45.542997, -122.677109 45.543117)"
1,35,"LINESTRING (-122.677109 45.543117, -122.677099 45.543233, -122.677097 45.543405, -122.677098 45.543503, -122.677109 45.543644, -122.677138 45.54387, -122.677161 45.544067, -122.677177 45.544151, -122.677202 45.544253, -122.67724 45.544372, -122.677279 45.544473, -122.677316 45.544537, -122.677383 45.544619, -122.677445 45.544685, -122.677512 45.544738, -122.677601 45.544784, -122.677695 45.544826, -122.677793 45.544866, -122.678005 45.54493, -122.678178 45.544966, -122.678275 45.544979, -122.678855 45.545127, -122.68152 45.545832, -122.681692 45.545886, -122.681797 45.545923, -122.681901 45.545966, -122.682012 45.546015, -122.682298 45.546178, -122.682499 45.546319, -122.682694 45.546464, -122.68357 45.547111, -122.685557 45.548578, -122.68602 45.548918, -122.687334 45.549892, -122.687777 45.550218, -122.688616 45.550837, -122.688806 45.550981, -122.688985 45.551129, -122.689907 45.551975, -122.690834 45.552825, -122.691073 45.553052, -122.691177 45.553161, -122.691289 45.553287, -122.691408 45.553436, -122.691496 45.553553, -122.691604 45.553712, -122.6917 45.553849, -122.691824 45.554089, -122.691946 45.554306, -122.692017 45.55444, -122.692099 45.554592, -122.692165 45.554733, -122.692211 45.554845, -122.692257 45.55497, -122.692288 45.555062, -122.692363 45.555225, -122.692414 45.555336, -122.69253 45.555537)"
1,35,"LINESTRING (-122.69253 45.555537, -122.69255 45.555571, -122.692679 45.555778, -122.69293 45.556161, -122.692998 45.556265, -122.693095 45.556414, -122.693133 45.556485, -122.69316 45.556551, -122.693191 45.556649, -122.6932 45.556675, -122.693218 45.556752, -122.693274 45.557034, -122.693373 45.557564, -122.693416 45.557805, -122.693459 45.558068, -122.693496 45.558344, -122.693518 45.558427, -122.693594 45.55861, -122.693637 45.558699, -122.693695 45.558795, -122.693764 45.558884, -122.693909 45.559046, -122.693983 45.559121, -122.694111 45.559259, -122.694197 45.559376, -122.694261 45.559472, -122.694297 45.559531, -122.694426 45.559768, -122.694441 45.559797, -122.69463 45.560184, -122.694663 45.560255, -122.69475 45.560441, -122.694779 45.560514)"
1,35,"LINESTRING (-122.694779 45.560514, -122.694794 45.560552, -122.694842 45.560673, -122.694936 45.56087, -122.695121 45.561257, -122.695174 45.561379, -122.695244 45.561527, -122.695302 45.561638, -122.695342 45.561704, -122.695567 45.562033, -122.695602 45.562098, -122.695616 45.562142, -122.695623 45.562192, -122.695623 45.562591)"
1,35,"LINESTRING (-122.695623 45.562591, -122.695623 45.562666, -122.695622 45.562735, -122.695604 45.564575, -122.69559 45.566282)"
1,35,"LINESTRING (-122.69559 45.566282, -122.69559 45.566322, -122.695588 45.566393, -122.695569 45.568189, -122.695562 45.568967, -122.695549 45.569598, -122.695546 45.569831, -122.695549 45.569952, -122.695551 45.570056, -122.695549 45.570299)"
1,35,"LINESTRING (-122.695549 45.570299, -122.695542 45.571303, -122.695536 45.57176, -122.695524 45.572823, -122.695517 45.573466)"
1,35,"LINESTRING (-122.695517 45.573466, -122.695517 45.573495, -122.695518 45.57356, -122.695513 45.574072, -122.695499 45.575376, -122.695485 45.576714, -122.695485 45.576728)"
1,35,"LINESTRING (-122.695485 45.576728, -122.695485 45.577034, -122.695482 45.577115, -122.696429 45.577116, -122.696499 45.577116, -122.696995 45.577117)"
1,35,"LINESTRING (-122.696995 45.577117, -122.697237 45.577118, -122.697237 45.577783, -122.697238 45.578031, -122.697237 45.578471, -122.697241 45.579153, -122.69724 45.5792)"
1,35,"LINESTRING (-122.69724 45.5792, -122.697236 45.579786, -122.697234 45.579856, -122.697234 45.579924, -122.697231 45.58057, -122.697224 45.581285, -122.697223 45.581374)"
1,35,"LINESTRING (-122.697223 45.581374, -122.697218 45.581983, -122.697216 45.582183, -122.697216 45.582418, -122.697218 45.582454, -122.697226 45.582499, -122.697227 45.582511)"
1,35,"LINESTRING (-122.697227 45.582511, -122.697229 45.582531, -122.697229 45.582581, -122.697226 45.582668, -122.697221 45.582806, -122.697216 45.582868, -122.697212 45.582923, -122.697211 45.583123, -122.697211 45.583325, -122.697207 45.583786, -122.697205 45.583997, -122.697644 45.583998)"
1,35,"LINESTRING (-122.697644 45.583998, -122.697869 45.583998, -122.698484 45.583999, -122.699465 45.584, -122.699577 45.584033, -122.699901 45.584037, -122.700028 45.584038, -122.700324 45.584033)"
1,35,"LINESTRING (-122.700324 45.584033, -122.700336 45.584032, -122.70044 45.584003, -122.701416 45.584004, -122.701857 45.584006, -122.702395 45.584007, -122.702658 45.584006, -122.702763 45.584006)"
1,35,"LINESTRING (-122.702763 45.584006, -122.70337 45.584006, -122.703456 45.584007, -122.704342 45.584007, -122.705342 45.584008, -122.705596 45.584008)"
1,35,"LINESTRING (-122.705596 45.584008, -122.706168 45.584009, -122.706589 45.58401, -122.707 45.584012, -122.707182 45.584012, -122.70766 45.584014)"
1,35,"LINESTRING (-122.70766 45.584014, -122.707922 45.584015, -122.708073 45.584015, -122.708198 45.584016, -122.709155 45.584021, -122.709668 45.584023, -122.710231 45.584025, -122.710763 45.584027, -122.711145 45.584029)"
1,35,"LINESTRING (-122.711145 45.584029, -122.711305 45.584029, -122.711969 45.584031, -122.712384 45.584033, -122.713326 45.584037)"
1,35,"LINESTRING (-122.713326 45.584037, -122.713455 45.584038, -122.714211 45.584039, -122.71441 45.584042, -122.714527 45.584047, -122.715226 45.584082, -122.71536 45.584091, -122.715503 45.5841, -122.715636 45.584099)"
1,35,"LINESTRING (-122.715636 45.584099, -122.716379 45.584093, -122.71739 45.584085, -122.717745 45.584081)"
1,35,"LINESTRING (-122.717745 45.584081, -122.718407 45.584074, -122.719194 45.584067, -122.719418 45.584065, -122.720178 45.58406, -122.720423 45.584059, -122.720518 45.584058, -122.720593 45.584055)"
1,35,"LINESTRING (-122.720593 45.584055, -122.720922 45.584041, -122.721367 45.584019, -122.721426 45.584018, -122.721472 45.584025, -122.721517 45.584039, -122.721589 45.584064, -122.721919 45.584183, -122.722423 45.58437)"
1,35,"LINESTRING (-122.722423 45.58437, -122.722603 45.584436, -122.723835 45.582772)"
1,35,"LINESTRING (-122.723835 45.582772, -122.723993 45.582559, -122.724053 45.582479, -122.724113 45.582397, -122.724257 45.582201, -122.724556 45.581824, -122.724614 45.581747, -122.725081 45.581119)"
1,35,"LINESTRING (-122.725081 45.581119, -122.725143 45.581036, -122.725674 45.580324, -122.726138 45.5797)"
1,35,"LINESTRING (-122.726138 45.5797, -122.726204 45.579612, -122.726735 45.578903, -122.727214 45.578257)"
1,35,"LINESTRING (-122.727214 45.578257, -122.727265 45.578189, -122.72775 45.577536, -122.727794 45.577476, -122.728327 45.576766, -122.72861 45.576383, -122.728659 45.576316)"
0,36,"LINESTRING (-122.67573 45.522184, -122.67575 45.522128, -122.675774 45.52206, -122.676064 45.521534, -122.67611 45.521457, -122.67616 45.52137, -122.676429 45.520857, -122.676466 45.52079, -122.676796 45.520181, -122.676825 45.520125, -122.676865 45.520048, -122.677126 45.519579, -122.677133 45.519566)"
0,36,"LINESTRING (-122.677133 45.519566, -122.677166 45.519507, -122.67719 45.519457, -122.677239 45.519358, -122.677521 45.518833, -122.677543 45.518798, -122.67756 45.51877, -122.677579 45.51874, -122.677878 45.518179, -122.677899 45.518142, -122.677916 45.518112, -122.677953 45.518045, -122.678221 45.517539, -122.678283 45.517462, -122.678644 45.516795, -122.67894 45.516249)"
0,36,"LINESTRING (-122.67894 45.516249, -122.679004 45.51613, -122.679366 45.515462, -122.67973 45.51479, -122.680086 45.514133, -122.680392 45.513568)"
0,36,"LINESTRING (-122.680392 45.513568, -122.680448 45.513466, -122.680565 45.513249, -122.68069 45.513019, -122.68081 45.512796, -122.680848 45.512727, -122.68104 45.512371, -122.68117 45.512133, -122.681241 45.512001, -122.681401 45.511705, -122.681461 45.511595, -122.68153 45.511468, -122.68154 45.511448, -122.681664 45.511222, -122.681849 45.510879, -122.681893 45.510797, -122.681808 45.510773, -122.681642 45.510729, -122.681067 45.510576)"
0,36,"LINESTRING (-122.681067 45.510576, -122.68101 45.510561, -122.68096 45.510549, -122.680922 45.510544, -122.680883 45.510543, -122.68077 45.510474, -122.679017 45.510009)"
0,36,"LINESTRING (-122.679017 45.510009, -122.678882 45.509972, -122.678091 45.50976, -122.677233 45.50953, -122.677118 45.5095, -122.676975 45.50946, -122.676838 45.509417, -122.676809 45.509404, -122.676777 45.509387, -122.676749 45.509368, -122.676706 45.509333, -122.676674 45.509297, -122.676652 45.509264, -122.676634 45.509225, -122.676625 45.509188, -122.676621 45.50915, -122.676636 45.50878, -122.676635 45.508725, -122.676642 45.50855, -122.676648 45.508326, -122.676635 45.508045, -122.676605 45.507686, -122.676595 45.50763, -122.676576 45.50758, -122.676557 45.507548, -122.676536 45.507519, -122.6765 45.507483, -122.676453 45.507448, -122.676415 45.507425, -122.676356 45.507399, -122.676289 45.50738, -122.676233 45.507367, -122.676181 45.507362, -122.676111 45.507357, -122.676013 45.507358, -122.675842 45.50736, -122.675454 45.507361, -122.675381 45.50736, -122.675242 45.507353, -122.675155 45.507343, -122.675065 45.507329, -122.67499 45.507315, -122.674902 45.507292, -122.674418 45.507162, -122.674346 45.507144, -122.674205 45.507107, -122.673582 45.506943, -122.673415 45.506893, -122.673392 45.506886, -122.6734 45.506872, -122.673438 45.506804, -122.673457 45.506768, -122.673494 45.506697, -122.673793 45.506145, -122.673886 45.505974, -122.673922 45.505906, -122.673959 45.505827, -122.673986 45.505753, -122.674009 45.505665, -122.674023 45.505595, -122.674027 45.505506, -122.674026 45.50544, -122.674013 45.505338, -122.674006 45.505314)"
0,36,"LINESTRING (-122.674006 45.505314, -122.673987 45.505249, -122.673967 45.505193, -122.673946 45.505146, -122.673923 45.505098, -122.673881 45.505074, -122.673814 45.505036, -122.673784 45.504993, -122.673536 45.504617, -122.67346 45.504496, -122.67339 45.504381, -122.673177 45.50396, -122.672986 45.503579, -122.672938 45.503487, -122.672901 45.503419, -122.672859 45.503344, -122.672769 45.503191, -122.672732 45.503134)"
0,36,"LINESTRING (-122.672732 45.503134, -122.672452 45.502693, -122.672361 45.50255, -122.672351 45.502533, -122.672285 45.502427, -122.672248 45.502372, -122.672218 45.502326, -122.672196 45.50229, -122.672116 45.502165, -122.672091 45.502125, -122.672015 45.501996, -122.671945 45.501865, -122.671901 45.501773, -122.671867 45.501687, -122.671833 45.501597, -122.671798 45.501493, -122.671765 45.501376, -122.671743 45.501277, -122.671717 45.501154, -122.671704 45.50105, -122.671698 45.500956, -122.671696 45.500844, -122.671699 45.50069, -122.671726 45.499996, -122.671732 45.49984, -122.671743 45.499629, -122.671753 45.499551, -122.671767 45.499336)"
0,36,"LINESTRING (-122.671767 45.499336, -122.671775 45.499199, -122.67178 45.499076, -122.671785 45.498969, -122.671796 45.498644, -122.671802 45.498572, -122.671808 45.498504, -122.671823 45.498211, -122.671831 45.497933, -122.671836 45.497862, -122.671837 45.497795, -122.671856 45.497313, -122.671863 45.497147, -122.671877 45.496646, -122.671883 45.49643, -122.671893 45.496185)"
0,36,"LINESTRING (-122.671893 45.496185, -122.671939 45.495007, -122.671957 45.494386)"
0,36,"LINESTRING (-122.671957 45.494386, -122.67196 45.494297, -122.671961 45.494044, -122.67196 45.494029, -122.671961 45.493965, -122.671961 45.493887, -122.671962 45.493855, -122.671966 45.493811, -122.671999 45.493578, -122.672008 45.493167, -122.672164 45.493166, -122.672285 45.493159, -122.672408 45.493154, -122.672515 45.493141, -122.672603 45.493123, -122.672684 45.493094, -122.67277 45.493058, -122.672858 45.493018, -122.672926 45.49298, -122.672973 45.492948, -122.67307 45.492783, -122.673051 45.492433, -122.673027 45.492207, -122.673006 45.491998, -122.673031 45.491917, -122.673031 45.491836, -122.673035 45.491768, -122.67305 45.491663, -122.673071 45.491571, -122.673119 45.491405, -122.673201 45.491189, -122.673321 45.490884, -122.673442 45.490588, -122.673483 45.4905, -122.673581 45.490289, -122.673707 45.490083, -122.673747 45.490014, -122.673784 45.489955, -122.673789 45.489948)"
0,36,"LINESTRING (-122.673789 45.489948, -122.673865 45.489823, -122.674045 45.489552, -122.674224 45.489303, -122.674486 45.489, -122.674682 45.488789, -122.67476 45.488712, -122.675042 45.488404, -122.675202 45.488188, -122.675303 45.488033, -122.675335 45.487975, -122.67542 45.487822, -122.675465 45.487724, -122.675493 45.48766, -122.675495 45.487655)"
0,36,"LINESTRING (-122.675495 45.487655, -122.67554 45.487524, -122.675583 45.487379, -122.675619 45.487205, -122.675652 45.486986, -122.675668 45.486762, -122.675645 45.486458, -122.675614 45.48627, -122.675575 45.486059, -122.675496 45.485755, -122.675424 45.485523, -122.675359 45.485339, -122.675276 45.48514)"
0,36,"LINESTRING (-122.675276 45.48514, -122.675233 45.485038, -122.674596 45.483806, -122.674373 45.483388, -122.674205 45.483074, -122.67408 45.482808, -122.674046 45.482737, -122.673932 45.482463, -122.67383 45.482203, -122.673741 45.481957, -122.67363 45.481611, -122.673598 45.481511, -122.673535 45.481302)"
0,36,"LINESTRING (-122.673535 45.481302, -122.6735 45.481187, -122.673478 45.48112, -122.673459 45.481062, -122.673273 45.480548, -122.673087 45.480025, -122.673029 45.479858, -122.672928 45.479548, -122.6729 45.479458, -122.672757 45.479002, -122.672655 45.47868, -122.672419 45.47797, -122.672341 45.477721, -122.672225 45.477354)"
0,36,"LINESTRING (-122.672225 45.477354, -122.672193 45.477253, -122.672098 45.476953, -122.671989 45.476542, -122.671919 45.476181, -122.671904 45.476075, -122.671868 45.47582, -122.671797 45.475114, -122.671756 45.474718, -122.671723 45.474394, -122.67171 45.474281, -122.671646 45.473689, -122.67163 45.473543, -122.671612 45.473369, -122.6716 45.473259, -122.671576 45.47304)"
0,36,"LINESTRING (-122.671576 45.47304, -122.67157 45.472981, -122.671562 45.472907, -122.671546 45.472688, -122.671548 45.472543, -122.671564 45.472398, -122.671588 45.472169, -122.671666 45.471786, -122.671692 45.471625, -122.671698 45.471597, -122.671743 45.471351, -122.671666 45.471294, -122.671684 45.470976, -122.671674 45.470796, -122.671659 45.470634, -122.671625 45.470352, -122.671613 45.47026, -122.671553 45.469807, -122.671547 45.469754, -122.671603 45.469666, -122.671547 45.469261, -122.671518 45.469112, -122.671483 45.468984, -122.671447 45.468876, -122.671401 45.468781, -122.671354 45.468694, -122.671251 45.46854, -122.671174 45.468438, -122.671067 45.468422, -122.670976 45.468325, -122.670778 45.468136, -122.670568 45.467951, -122.670459 45.467841, -122.670238 45.467606, -122.670175 45.467518, -122.670085 45.467377, -122.67 45.467226, -122.669741 45.466724, -122.669615 45.466451, -122.668952 45.464732, -122.66878 45.464119, -122.668606 45.46289, -122.668314 45.462055, -122.668239 45.461923, -122.668158 45.461762, -122.668077 45.46162, -122.668001 45.461498, -122.66775 45.461163, -122.667474 45.46084, -122.666893 45.46021, -122.666291 45.459556, -122.665905 45.459134, -122.665297 45.458478, -122.664657 45.457772, -122.664082 45.457152, -122.663594 45.45662, -122.662837 45.4558, -122.661717 45.454584, -122.661517 45.454368, -122.660541 45.453301, -122.660445 45.453185, -122.660363 45.453091, -122.660262 45.45296, -122.66012 45.452744, -122.660018 45.452563, -122.659914 45.452366, -122.659843 45.452227, -122.659796 45.452147)"
0,36,"LINESTRING (-122.659796 45.452147, -122.659795 45.452146, -122.659583 45.451747, -122.659385 45.451373, -122.659023 45.450702)"
0,36,"LINESTRING (-122.659023 45.450702, -122.658971 45.450604, -122.658948 45.45056, -122.658625 45.449956, -122.65831 45.449348, -122.65809 45.448915, -122.657663 45.448055, -122.65745 45.44763, -122.657338 45.44742, -122.657226 45.447217)"
0,36,"LINESTRING (-122.657226 45.447217, -122.657215 45.447202, -122.657138 45.447098, -122.656947 45.446766, -122.656889 45.446601, -122.656828 45.446375, -122.656791 45.446101, -122.656806 45.445852, -122.656815 45.445764, -122.656831 45.445616)"
0,36,"LINESTRING (-122.656831 45.445616, -122.656897 45.445012, -122.656906 45.444798, -122.656892 45.44458, -122.656871 45.444456, -122.656832 45.444359, -122.656746 45.444152, -122.656623 45.443962, -122.655785 45.442853, -122.654913 45.441738)"
0,36,"LINESTRING (-122.654913 45.441738, -122.654869 45.441682, -122.654797 45.441585, -122.654645 45.441381, -122.654443 45.441114, -122.654155 45.440721, -122.653936 45.440416, -122.65343 45.439614, -122.653236 45.439304, -122.652975 45.438862, -122.652921 45.438768, -122.652872 45.438655, -122.652832 45.438543, -122.652797 45.438402, -122.652781 45.438269, -122.65278 45.438167, -122.652781 45.438056, -122.652791 45.437953, -122.652825 45.437764, -122.652916 45.437489, -122.653033 45.437189, -122.653195 45.436751, -122.65348 45.435878)"
0,36,"LINESTRING (-122.65348 45.435878, -122.653489 45.43585, -122.653538 45.435713, -122.653572 45.435596, -122.653642 45.43538, -122.653685 45.43524, -122.653814 45.434852, -122.65392 45.434575, -122.653988 45.434438, -122.654059 45.434303, -122.654215 45.434026, -122.654386 45.433738, -122.65454 45.433474, -122.654708 45.433196, -122.655003 45.432666, -122.655182 45.432339, -122.655346 45.431984, -122.655526 45.43158, -122.655612 45.431408, -122.655678 45.431288, -122.655751 45.43116, -122.655817 45.431043, -122.655886 45.430943, -122.655894 45.430932)"
0,36,"LINESTRING (-122.655894 45.430932, -122.655965 45.430835, -122.656097 45.430667, -122.656242 45.430506, -122.656401 45.430351, -122.656548 45.430212, -122.656572 45.430192, -122.656787 45.430026, -122.657104 45.429806, -122.657191 45.42975, -122.657427 45.429586, -122.657615 45.429443, -122.657658 45.429409, -122.657786 45.429293, -122.657875 45.429193, -122.657961 45.429085, -122.658026 45.428988, -122.658076 45.42891, -122.658149 45.428757, -122.65819 45.428648, -122.658234 45.428521, -122.658272 45.428384)"
0,36,"LINESTRING (-122.658272 45.428384, -122.658302 45.428278, -122.658399 45.427885, -122.658562 45.427254, -122.658643 45.426994, -122.658686 45.426883, -122.658735 45.426769, -122.658802 45.426645, -122.658874 45.426526, -122.659008 45.426343, -122.659171 45.426141, -122.659348 45.425933, -122.659721 45.42549, -122.660457 45.424574, -122.660546 45.424467, -122.660659 45.424331, -122.660932 45.424011, -122.660962 45.423976, -122.661011 45.423915, -122.661075 45.423836, -122.661181 45.423695, -122.661257 45.423587, -122.661379 45.423416, -122.66149 45.423356, -122.661655 45.423083, -122.661668 45.422976, -122.661776 45.422797, -122.661859 45.422774, -122.661941 45.42265)"
0,36,"LINESTRING (-122.661941 45.42265, -122.66199 45.422577, -122.661973 45.422492, -122.662069 45.422324, -122.66217 45.42213, -122.662273 45.421901, -122.662325 45.421773, -122.662365 45.421661, -122.662395 45.421556, -122.662477 45.421511, -122.662505 45.421415, -122.662526 45.421322, -122.662482 45.421245, -122.662492 45.4212, -122.662587 45.420759)"
0,36,"LINESTRING (-122.662587 45.420759, -122.662595 45.420724, -122.662621 45.420602, -122.66264 45.420523, -122.6633 45.420595, -122.663954 45.420667, -122.664219 45.420696, -122.664544 45.420732, -122.664606 45.420739, -122.665124 45.420796)"
0,36,"LINESTRING (-122.665124 45.420796, -122.665224 45.420807, -122.66585 45.420875, -122.666457 45.420942, -122.66708 45.42101, -122.667683 45.421076, -122.667709 45.420963, -122.667785 45.42062)"
0,36,"LINESTRING (-122.667785 45.42062, -122.667811 45.420506, -122.667972 45.419783, -122.667883 45.419723, -122.667362 45.419665, -122.667099 45.419637, -122.666756 45.4196, -122.666307 45.419552, -122.665803 45.419498, -122.665522 45.419468, -122.665158 45.419428)"
0,36,"LINESTRING (-122.665158 45.419428, -122.664722 45.419379, -122.664614 45.419364, -122.664256 45.419311, -122.663766 45.419256, -122.663346 45.419204, -122.663217 45.419185, -122.663137 45.419162, -122.663071 45.419136, -122.662956 45.419076, -122.663022 45.418787, -122.663062 45.418613, -122.66314 45.418538, -122.663215 45.418221, -122.663249 45.418069, -122.663203 45.417998, -122.663255 45.417746, -122.663298 45.417538)"
0,36,"LINESTRING (-122.663298 45.417538, -122.663307 45.417493, -122.663321 45.417423, -122.6634 45.417352, -122.663413 45.417304, -122.663466 45.417068, -122.663419 45.417006, -122.663555 45.416382, -122.663632 45.416045, -122.663652 45.415946, -122.663692 45.415748)"
0,36,"LINESTRING (-122.663692 45.415748, -122.663701 45.415701, -122.663735 45.415561, -122.663755 45.415475, -122.663806 45.41525, -122.66389 45.414878, -122.663964 45.414806, -122.664102 45.414197, -122.664055 45.414123, -122.664132 45.413758, -122.664211 45.413691, -122.664282 45.41337, -122.664241 45.413289, -122.664271 45.413145)"
0,36,"LINESTRING (-122.664271 45.413145, -122.664277 45.413117, -122.664293 45.413038, -122.664351 45.412761, -122.664371 45.412669, -122.664454 45.412278, -122.664469 45.412209, -122.664536 45.412152, -122.664563 45.412014, -122.664575 45.411944, -122.664534 45.411865, -122.664551 45.411782, -122.664596 45.411562, -122.66462 45.411446, -122.664747 45.411341, -122.664773 45.411315, -122.664805 45.41125, -122.664854 45.411171, -122.664897 45.41112, -122.664945 45.411076, -122.665011 45.41103, -122.66507 45.410994, -122.665305 45.410876, -122.665612 45.410819, -122.665707 45.410802, -122.666138 45.410722)"
0,36,"LINESTRING (-122.666138 45.410722, -122.666496 45.410655, -122.666699 45.410618, -122.666788 45.410597, -122.666859 45.410576, -122.667013 45.410516, -122.66709 45.410481, -122.667257 45.41039, -122.667653 45.41017, -122.667733 45.410127, -122.667867 45.41006, -122.667965 45.410017, -122.668083 45.409969, -122.668205 45.409926, -122.668525 45.409826, -122.668946 45.409698)"
0,36,"LINESTRING (-122.668946 45.409698, -122.66905 45.409667, -122.66921 45.409615, -122.670301 45.409283, -122.671154 45.40903, -122.672037 45.408759)"
0,36,"LINESTRING (-122.672037 45.408759, -122.672221 45.408703, -122.672614 45.408582, -122.673121 45.408453, -122.673758 45.408295, -122.674214 45.408193, -122.67432 45.408164, -122.674486 45.408126, -122.674634 45.40808, -122.674779 45.408029, -122.674866 45.407986, -122.674879 45.40798)"
0,36,"LINESTRING (-122.674879 45.40798, -122.674974 45.407929, -122.675393 45.407668, -122.675803 45.407411, -122.675936 45.407328, -122.676161 45.407201, -122.67623 45.407165, -122.676322 45.407117, -122.676466 45.407042, -122.676856 45.406858, -122.676944 45.406836, -122.676976 45.406828, -122.677258 45.406702, -122.677301 45.406749, -122.677335 45.40678, -122.677357 45.406791, -122.677389 45.406802, -122.677435 45.406807, -122.677502 45.40681, -122.677596 45.406809, -122.677774 45.40681, -122.678078 45.40681)"
0,36,"LINESTRING (-122.678078 45.40681, -122.678097 45.40681, -122.678175 45.406811, -122.678298 45.406813, -122.679235 45.406815, -122.679435 45.406816, -122.680387 45.40682, -122.680482 45.40682)"
0,36,"LINESTRING (-122.680482 45.40682, -122.681675 45.406826, -122.681858 45.406826, -122.683185 45.406832, -122.683449 45.406832)"
0,36,"LINESTRING (-122.683449 45.406832, -122.683548 45.406831, -122.68429 45.406835, -122.684481 45.406838, -122.684509 45.406838, -122.684726 45.406849, -122.684902 45.406858, -122.68505 45.40687, -122.685147 45.40688, -122.685235 45.406893, -122.685396 45.40692, -122.685561 45.406952, -122.685754 45.406996, -122.685925 45.407039, -122.686282 45.407131, -122.686471 45.407183, -122.686644 45.407228, -122.687025 45.407333, -122.687662 45.40751, -122.688075 45.407626, -122.688359 45.407702, -122.688503 45.407736, -122.68862 45.407763, -122.688752 45.407792, -122.688882 45.407818, -122.689032 45.407844, -122.68924 45.40788, -122.689444 45.407909, -122.689684 45.407936, -122.689984 45.407965, -122.69019 45.407977, -122.690396 45.407982, -122.690604 45.407985, -122.690789 45.40798, -122.690954 45.407972, -122.691149 45.407958, -122.691303 45.407942, -122.691459 45.407916, -122.691638 45.40788, -122.691805 45.407846, -122.691896 45.407824, -122.692009 45.407793, -122.692114 45.407762, -122.692257 45.407716, -122.692382 45.407671, -122.692512 45.407623, -122.692598 45.407583, -122.692706 45.407534, -122.69273 45.407521)"
0,36,"LINESTRING (-122.69273 45.407521, -122.692842 45.407461, -122.692957 45.407394, -122.693057 45.407331, -122.693145 45.407268, -122.693263 45.407187, -122.693342 45.407126, -122.69341 45.407071, -122.693617 45.406886, -122.693825 45.406686, -122.694015 45.406508, -122.694066 45.406456, -122.694197 45.40632, -122.694477 45.406051, -122.694638 45.405891)"
0,36,"LINESTRING (-122.694638 45.405891, -122.694898 45.405632, -122.695202 45.405324, -122.695331 45.405226, -122.6954 45.405177, -122.695464 45.40514, -122.695542 45.405096, -122.695605 45.405064, -122.695676 45.405031, -122.695742 45.405002, -122.695823 45.404968, -122.69588 45.404947, -122.69595 45.404926, -122.696029 45.404902, -122.696053 45.404896)"
0,36,"LINESTRING (-122.696053 45.404896, -122.696088 45.404888, -122.69615 45.404877, -122.696298 45.404867, -122.696356 45.404862, -122.696431 45.404861, -122.697194 45.404872, -122.697567 45.404879, -122.698005 45.40488, -122.698338 45.404892, -122.698455 45.404903, -122.698579 45.404915, -122.698724 45.404928)"
0,36,"LINESTRING (-122.698724 45.404928, -122.698729 45.404928, -122.69899 45.404953, -122.699482 45.405011, -122.699969 45.405063, -122.700064 45.40507, -122.700164 45.405074, -122.700245 45.405076, -122.700329 45.405075, -122.700447 45.405071, -122.700544 45.405065, -122.700625 45.405058, -122.700725 45.405045, -122.700814 45.405033, -122.700894 45.405018, -122.700954 45.405005, -122.701156 45.404955, -122.701426 45.404876, -122.701674 45.404803, -122.701761 45.404781, -122.701919 45.404747, -122.702014 45.404729, -122.702108 45.404716, -122.702231 45.404703, -122.702352 45.404694, -122.702496 45.40469, -122.702594 45.40469, -122.702682 45.404692, -122.70312 45.404722, -122.703149 45.404724)"
0,36,"LINESTRING (-122.703149 45.404724, -122.703781 45.404762, -122.70389 45.404761, -122.703967 45.404757, -122.704071 45.404745, -122.704169 45.404729, -122.704268 45.404708, -122.704339 45.404688, -122.704398 45.404669, -122.704471 45.404644, -122.704557 45.404609, -122.704635 45.404574, -122.704734 45.404528, -122.704854 45.404466, -122.705083 45.404335, -122.705208 45.404263, -122.705324 45.4042, -122.705545 45.404096, -122.705621 45.404068, -122.70571 45.404044, -122.705814 45.404017, -122.705948 45.403988, -122.706075 45.403964, -122.706216 45.40394, -122.706319 45.403921, -122.706441 45.403896, -122.706515 45.403878, -122.7066 45.403855, -122.706671 45.403832, -122.706738 45.403803, -122.706818 45.403763, -122.706914 45.403699, -122.707004 45.403629, -122.707113 45.403527, -122.707183 45.403465, -122.70726 45.403409, -122.707336 45.403355, -122.707415 45.403306, -122.707522 45.403254, -122.707616 45.403212, -122.707684 45.403186, -122.707851 45.403123, -122.707919 45.403096, -122.707978 45.403068, -122.708045 45.403032, -122.708123 45.402985, -122.708171 45.402946, -122.708176 45.402942)"
0,36,"LINESTRING (-122.708176 45.402942, -122.708239 45.402887, -122.708429 45.402672, -122.708626 45.40244, -122.708815 45.40221, -122.70894 45.402091, -122.708999 45.402047, -122.70906 45.40201, -122.709111 45.401989, -122.709148 45.401977, -122.709205 45.40196, -122.709258 45.401952, -122.709324 45.401948, -122.709384 45.40195, -122.70948 45.401964, -122.709552 45.401981, -122.709917 45.402099, -122.710117 45.402168, -122.710245 45.402208, -122.710372 45.402245, -122.710529 45.402285, -122.710594 45.402301, -122.710665 45.402316)"
0,36,"LINESTRING (-122.710665 45.402316, -122.710705 45.402324, -122.710805 45.402339, -122.710884 45.402349, -122.710976 45.402356, -122.711147 45.402362, -122.711382 45.402365, -122.711476 45.402363, -122.711536 45.402362, -122.711655 45.402366, -122.711739 45.402372, -122.711797 45.40238, -122.711856 45.402392, -122.711917 45.402407, -122.711987 45.402425, -122.712139 45.402473, -122.712234 45.40251, -122.712595 45.402657, -122.712651 45.402676, -122.712748 45.402704, -122.7128 45.402716, -122.71287 45.402731, -122.712949 45.402744, -122.713001 45.402751, -122.713061 45.402758, -122.713129 45.402763, -122.713279 45.402766, -122.713347 45.402766)"
0,36,"LINESTRING (-122.713347 45.402766, -122.713883 45.402768, -122.714009 45.40277, -122.714522 45.402773, -122.714996 45.402779, -122.715089 45.40278, -122.715137 45.402783, -122.715188 45.402791, -122.715235 45.4028, -122.71529 45.402814, -122.715343 45.402829, -122.715392 45.402848, -122.715435 45.402865, -122.71547 45.402883, -122.715513 45.402909, -122.715709 45.403053, -122.715807 45.403119, -122.71587 45.40316, -122.715998 45.403227, -122.716046 45.403252, -122.716089 45.40327, -122.71613 45.403284, -122.716192 45.403299, -122.716255 45.403309, -122.71632 45.403316, -122.716394 45.40332, -122.716497 45.403323, -122.716623 45.403324, -122.716776 45.403324, -122.716809 45.403323)"
0,36,"LINESTRING (-122.716809 45.403323, -122.716928 45.403319, -122.717277 45.403311, -122.717337 45.403313, -122.717405 45.403326, -122.717444 45.403337, -122.717483 45.40335, -122.717514 45.403363, -122.717545 45.40338, -122.71757 45.403403, -122.7176 45.403433, -122.717881 45.40372, -122.718086 45.403946, -122.718527 45.404429, -122.718556 45.404466)"
0,36,"LINESTRING (-122.718556 45.404466, -122.718568 45.404481, -122.718597 45.404521, -122.718629 45.404567, -122.718658 45.40462, -122.718696 45.404713, -122.718708 45.404755, -122.718726 45.404813, -122.718732 45.404861, -122.718729 45.404896, -122.718725 45.40493, -122.718711 45.40498, -122.71869 45.405038, -122.718669 45.405093, -122.718579 45.405266, -122.718134 45.406009)"
0,36,"LINESTRING (-122.718134 45.406009, -122.718088 45.406086, -122.718067 45.406129, -122.718048 45.406177, -122.718035 45.406223, -122.71803 45.406261, -122.718022 45.406309, -122.718033 45.406364, -122.718072 45.406441, -122.71844 45.406325, -122.718644 45.406256, -122.718937 45.406156, -122.719456 45.405967, -122.719778 45.405842, -122.719894 45.405791, -122.720163 45.405669, -122.720258 45.405626, -122.720452 45.40553, -122.72054 45.405483, -122.720705 45.405391, -122.720938 45.405264, -122.721284 45.40507, -122.721445 45.404982, -122.721921 45.404708, -122.722093 45.404611, -122.722233 45.404534, -122.72229 45.404502)"
0,36,"LINESTRING (-122.72229 45.404502, -122.722354 45.404465, -122.723006 45.404073, -122.723136 45.403991, -122.723139 45.4039, -122.723144 45.403609, -122.72314 45.402882)"
0,36,"LINESTRING (-122.72314 45.402882, -122.72314 45.402766, -122.723133 45.402394, -122.723128 45.401931, -122.723129 45.401465, -122.723125 45.400655, -122.723123 45.400513, -122.72312 45.400136, -122.72312 45.39999)"
0,36,"LINESTRING (-122.72312 45.39999, -122.723119 45.399909, -122.723117 45.399409, -122.723113 45.398875)"
0,36,"LINESTRING (-122.723113 45.398875, -122.72311 45.398477, -122.723111 45.398329, -122.723098 45.3976, -122.723093 45.397525, -122.723085 45.39747, -122.723069 45.39741, -122.723047 45.397346, -122.723024 45.397293, -122.72299 45.397215, -122.722965 45.397162, -122.722937 45.397114, -122.723093 45.39706, -122.723129 45.39705, -122.723238 45.397021, -122.723294 45.397012, -122.723348 45.397003, -122.723411 45.396996, -122.723504 45.396993, -122.723615 45.396992)"
0,36,"LINESTRING (-122.723615 45.396992, -122.723863 45.39699, -122.72456 45.396996, -122.725609 45.397005, -122.726291 45.397012, -122.72762 45.397016, -122.727721 45.397019, -122.727884 45.397022)"
0,36,"LINESTRING (-122.727884 45.397022, -122.728262 45.397029, -122.728762 45.397037, -122.729876 45.397046, -122.730609 45.397053)"
0,36,"LINESTRING (-122.730609 45.397053, -122.730815 45.397055, -122.731322 45.397061, -122.732105 45.397061, -122.732952 45.397064, -122.733225 45.397064, -122.733418 45.397062, -122.73379 45.39705)"
0,36,"LINESTRING (-122.73379 45.39705, -122.733989 45.397043, -122.734088 45.397041, -122.734656 45.39703, -122.735994 45.397044, -122.736819 45.397053, -122.737108 45.397057, -122.737513 45.39706, -122.73796 45.397065)"
0,36,"LINESTRING (-122.73796 45.397065, -122.738253 45.397069, -122.738255 45.397159, -122.738257 45.397524, -122.738257 45.397637, -122.738261 45.398168, -122.738263 45.398487, -122.738271 45.398565, -122.73828 45.398615, -122.738294 45.398655, -122.73832 45.398697, -122.738343 45.398727, -122.738383 45.39877, -122.738522 45.398905, -122.738623 45.398989, -122.738835 45.398923, -122.739879 45.398292, -122.740256 45.398066, -122.740312 45.397976, -122.740566 45.39783, -122.741131 45.397508, -122.741288 45.397503, -122.741513 45.397375, -122.741702 45.397272, -122.741907 45.397174, -122.742102 45.397085, -122.742278 45.397019, -122.742515 45.396936, -122.742708 45.396876, -122.742881 45.396827, -122.742997 45.396794, -122.743136 45.396694, -122.743283 45.396663, -122.743435 45.396635)"
0,36,"LINESTRING (-122.743435 45.396635, -122.743656 45.396593, -122.743877 45.39656, -122.744212 45.396521, -122.744454 45.396497, -122.744706 45.396478, -122.745011 45.396461, -122.745174 45.396452, -122.745279 45.396447, -122.745983 45.396419, -122.74802 45.396331, -122.748184 45.396429, -122.748284 45.396422, -122.748472 45.396402, -122.74879 45.396364, -122.748857 45.396356, -122.748905 45.39635, -122.749033 45.39632, -122.749174 45.396286, -122.749308 45.396245, -122.749425 45.396199, -122.749567 45.39614, -122.749797 45.396034, -122.74993 45.395851, -122.749764 45.395673, -122.749352 45.395273, -122.749241 45.39516, -122.749156 45.395052, -122.748957 45.395121, -122.748689 45.39515, -122.74869 45.395009, -122.748669 45.394609, -122.748682 45.394517, -122.748576 45.394184, -122.748571 45.394137, -122.74858 45.394099, -122.748592 45.394063, -122.748621 45.394039, -122.748647 45.394022, -122.748695 45.394009, -122.748756 45.393996, -122.748969 45.393947, -122.748981 45.394581, -122.74899 45.394666)"
1,36,"LINESTRING (-122.748992 45.394675, -122.749022 45.394805, -122.749067 45.394906, -122.749156 45.395052, -122.749241 45.39516, -122.749352 45.395273, -122.749764 45.395673, -122.74993 45.395851, -122.749625 45.395885, -122.749424 45.395974, -122.749268 45.396036, -122.749124 45.396083, -122.74894 45.39613, -122.748802 45.396161, -122.748649 45.396187, -122.748484 45.396209, -122.748291 45.396222, -122.748136 45.396226, -122.74802 45.396331, -122.745983 45.396419, -122.745279 45.396447, -122.745174 45.396452, -122.745011 45.396461, -122.744706 45.396478, -122.744454 45.396497, -122.744212 45.396521, -122.743877 45.39656, -122.743656 45.396593, -122.743283 45.396663, -122.743266 45.396667)"
1,36,"LINESTRING (-122.743266 45.396667, -122.743136 45.396694, -122.74293 45.396678, -122.742762 45.396722, -122.742583 45.396774, -122.742412 45.39683, -122.742237 45.396893, -122.742059 45.396965, -122.741961 45.39701, -122.741565 45.397211, -122.741406 45.397292, -122.741178 45.397427, -122.741131 45.397508, -122.740566 45.39783, -122.740312 45.397976, -122.74017 45.398, -122.740041 45.398074, -122.739606 45.398327, -122.738919 45.398744, -122.738803 45.398814)"
1,36,"LINESTRING (-122.738803 45.398814, -122.738738 45.398855, -122.738623 45.398989, -122.738522 45.398905, -122.738383 45.39877, -122.738343 45.398727, -122.73832 45.398697, -122.738294 45.398655, -122.73828 45.398615, -122.738271 45.398565, -122.738263 45.398487, -122.738261 45.398168, -122.738257 45.397637, -122.738257 45.397524, -122.738255 45.397159, -122.738253 45.397069, -122.737683 45.397062)"
1,36,"LINESTRING (-122.737683 45.397062, -122.737513 45.39706, -122.737108 45.397057, -122.736819 45.397053, -122.735994 45.397044, -122.734656 45.39703, -122.734088 45.397041, -122.733989 45.397043, -122.733418 45.397062, -122.733225 45.397064, -122.733007 45.397064)"
1,36,"LINESTRING (-122.733007 45.397064, -122.732952 45.397064, -122.732105 45.397061, -122.731322 45.397061, -122.730815 45.397055, -122.730712 45.397054)"
1,36,"LINESTRING (-122.730712 45.397054, -122.729876 45.397046, -122.728762 45.397037, -122.728262 45.397029, -122.727721 45.397019, -122.72762 45.397016, -122.727497 45.397016)"
1,36,"LINESTRING (-122.727497 45.397016, -122.726291 45.397012, -122.725609 45.397005, -122.72456 45.396996, -122.723863 45.39699, -122.723658 45.396992)"
1,36,"LINESTRING (-122.723658 45.396992, -122.723504 45.396993, -122.723411 45.396996, -122.723348 45.397003, -122.723294 45.397012, -122.723238 45.397021, -122.723129 45.39705, -122.723093 45.39706, -122.722937 45.397114, -122.722965 45.397162, -122.72299 45.397215, -122.723024 45.397293, -122.723047 45.397346, -122.723069 45.39741, -122.723085 45.39747, -122.723093 45.397525, -122.723098 45.3976, -122.72311 45.398273)"
1,36,"LINESTRING (-122.72311 45.398273, -122.723111 45.398329, -122.72311 45.398477, -122.723117 45.399409, -122.723117 45.399464)"
1,36,"LINESTRING (-122.723117 45.399464, -122.723119 45.399909, -122.72312 45.400136, -122.723123 45.400513, -122.723125 45.400655, -122.723129 45.401465, -122.723129 45.401607)"
1,36,"LINESTRING (-122.723129 45.401607, -122.723128 45.401931, -122.723133 45.402394, -122.72314 45.402766, -122.723144 45.403609, -122.723139 45.4039, -122.723138 45.403941)"
1,36,"LINESTRING (-122.723138 45.403941, -122.723136 45.403991, -122.723006 45.404073, -122.722354 45.404465, -122.722233 45.404534, -122.722093 45.404611, -122.721921 45.404708, -122.721445 45.404982, -122.721284 45.40507, -122.720938 45.405264, -122.720705 45.405391, -122.72054 45.405483, -122.720452 45.40553, -122.720258 45.405626, -122.720163 45.405669, -122.719894 45.405791, -122.719778 45.405842, -122.719456 45.405967, -122.718937 45.406156, -122.718644 45.406256, -122.71844 45.406325, -122.71821 45.406397)"
1,36,"LINESTRING (-122.71821 45.406397, -122.718072 45.406441, -122.718033 45.406364, -122.718022 45.406309, -122.71803 45.406261, -122.718035 45.406223, -122.718048 45.406177, -122.718067 45.406129, -122.718088 45.406086, -122.718579 45.405266, -122.718669 45.405093, -122.71869 45.405038, -122.718711 45.40498, -122.718725 45.40493, -122.718729 45.404896, -122.718732 45.404861, -122.718726 45.404813, -122.718708 45.404755, -122.718696 45.404713, -122.718658 45.40462, -122.718629 45.404567, -122.718597 45.404521, -122.718556 45.404466, -122.718527 45.404429, -122.718459 45.404354)"
1,36,"LINESTRING (-122.718459 45.404354, -122.718086 45.403946, -122.717881 45.40372, -122.7176 45.403433, -122.71757 45.403403, -122.717545 45.40338, -122.717514 45.403363, -122.717483 45.40335, -122.717444 45.403337, -122.717405 45.403326, -122.717337 45.403313, -122.717328 45.403312)"
1,36,"LINESTRING (-122.717328 45.403312, -122.717277 45.403311, -122.716928 45.403319, -122.716776 45.403324, -122.716623 45.403324, -122.716497 45.403323, -122.716394 45.40332, -122.71632 45.403316, -122.716255 45.403309, -122.716192 45.403299, -122.71613 45.403284, -122.716089 45.40327, -122.716046 45.403252, -122.715998 45.403227, -122.71587 45.40316, -122.715807 45.403119, -122.715709 45.403053, -122.715513 45.402909, -122.71547 45.402883, -122.715435 45.402865, -122.715392 45.402848, -122.715343 45.402829, -122.71529 45.402814, -122.715235 45.4028, -122.715188 45.402791, -122.715137 45.402783, -122.715089 45.40278, -122.714996 45.402779, -122.714522 45.402773, -122.714063 45.402771)"
1,36,"LINESTRING (-122.714063 45.402771, -122.714009 45.40277, -122.713883 45.402768, -122.713279 45.402766, -122.713129 45.402763, -122.713061 45.402758, -122.713001 45.402751, -122.712949 45.402744, -122.71287 45.402731, -122.7128 45.402716, -122.712748 45.402704, -122.712651 45.402676, -122.712595 45.402657, -122.712234 45.40251, -122.712139 45.402473, -122.711987 45.402425, -122.711917 45.402407, -122.711856 45.402392, -122.711797 45.40238, -122.711739 45.402372, -122.711655 45.402366, -122.711536 45.402362, -122.711476 45.402363, -122.711382 45.402365, -122.711147 45.402362, -122.710976 45.402356, -122.710884 45.402349, -122.710805 45.402339, -122.710705 45.402324, -122.710594 45.402301, -122.710572 45.402296)"
1,36,"LINESTRING (-122.710572 45.402296, -122.710529 45.402285, -122.710372 45.402245, -122.710245 45.402208, -122.710117 45.402168, -122.709917 45.402099, -122.709552 45.401981, -122.70948 45.401964, -122.709384 45.40195, -122.709324 45.401948, -122.709258 45.401952, -122.709205 45.40196, -122.709148 45.401977, -122.709111 45.401989)"
1,36,"LINESTRING (-122.709111 45.401989, -122.70906 45.40201, -122.708999 45.402047, -122.70894 45.402091, -122.708815 45.40221, -122.708626 45.40244, -122.708429 45.402672, -122.708239 45.402887, -122.708176 45.402942, -122.708123 45.402985, -122.708045 45.403032, -122.707978 45.403068, -122.707919 45.403096, -122.707851 45.403123, -122.707684 45.403186, -122.707616 45.403212, -122.707522 45.403254, -122.707415 45.403306, -122.707336 45.403355, -122.70726 45.403409, -122.707183 45.403465, -122.707113 45.403527, -122.707004 45.403629, -122.706914 45.403699, -122.706818 45.403763, -122.706738 45.403803, -122.706671 45.403832, -122.7066 45.403855, -122.706515 45.403878, -122.706441 45.403896, -122.706319 45.403921, -122.706216 45.40394, -122.706075 45.403964, -122.705948 45.403988, -122.705814 45.404017, -122.70571 45.404044, -122.705621 45.404068, -122.705545 45.404096, -122.705324 45.4042, -122.705208 45.404263, -122.705083 45.404335, -122.704854 45.404466, -122.704734 45.404528, -122.704635 45.404574, -122.704557 45.404609, -122.704471 45.404644, -122.704398 45.404669, -122.704339 45.404688, -122.704268 45.404708, -122.704169 45.404729, -122.704071 45.404745, -122.703967 45.404757, -122.70389 45.404761, -122.703781 45.404762, -122.70312 45.404722, -122.702682 45.404692, -122.702594 45.40469, -122.702496 45.40469, -122.702352 45.404694, -122.70226 45.404701)"
1,36,"LINESTRING (-122.70226 45.404701, -122.702231 45.404703, -122.702108 45.404716, -122.702014 45.404729, -122.701919 45.404747, -122.701761 45.404781, -122.701674 45.404803, -122.701426 45.404876, -122.701156 45.404955, -122.700954 45.405005, -122.700894 45.405018, -122.700814 45.405033, -122.700725 45.405045, -122.700625 45.405058, -122.700544 45.405065, -122.700447 45.405071, -122.700329 45.405075, -122.700245 45.405076, -122.700164 45.405074, -122.700064 45.40507, -122.699969 45.405063, -122.699482 45.405011, -122.69899 45.404953, -122.698729 45.404928, -122.698602 45.404917)"
1,36,"LINESTRING (-122.698602 45.404917, -122.698579 45.404915, -122.698455 45.404903, -122.698338 45.404892, -122.698005 45.40488, -122.697567 45.404879, -122.697194 45.404872, -122.696431 45.404861, -122.696356 45.404862, -122.696298 45.404867, -122.69615 45.404877, -122.696088 45.404888, -122.696029 45.404902, -122.69595 45.404926, -122.69588 45.404947)"
1,36,"LINESTRING (-122.69588 45.404947, -122.695823 45.404968, -122.695742 45.405002, -122.695676 45.405031, -122.695605 45.405064, -122.695542 45.405096, -122.695464 45.40514, -122.6954 45.405177, -122.695331 45.405226, -122.695202 45.405324, -122.694898 45.405632, -122.694477 45.406051, -122.694197 45.40632, -122.694066 45.406456, -122.694015 45.406508, -122.693825 45.406686, -122.693617 45.406886, -122.69341 45.407071, -122.693342 45.407126, -122.693263 45.407187, -122.693145 45.407268, -122.693057 45.407331, -122.692957 45.407394, -122.692842 45.407461, -122.692706 45.407534, -122.692598 45.407583, -122.692512 45.407623, -122.692382 45.407671, -122.692257 45.407716, -122.692114 45.407762, -122.692009 45.407793, -122.691896 45.407824, -122.691805 45.407846, -122.691638 45.40788, -122.691459 45.407916, -122.691303 45.407942, -122.691149 45.407958, -122.690954 45.407972, -122.690789 45.40798, -122.690604 45.407985, -122.690396 45.407982, -122.69019 45.407977, -122.689984 45.407965, -122.689684 45.407936, -122.689444 45.407909, -122.68924 45.40788, -122.689032 45.407844, -122.688882 45.407818, -122.688752 45.407792, -122.68862 45.407763, -122.688503 45.407736, -122.688359 45.407702, -122.688075 45.407626, -122.687662 45.40751, -122.687025 45.407333, -122.686644 45.407228, -122.686471 45.407183, -122.686282 45.407131, -122.685925 45.407039, -122.685754 45.406996, -122.685561 45.406952, -122.685396 45.40692, -122.685235 45.406893, -122.685147 45.40688, -122.68505 45.40687, -122.684902 45.406858, -122.684726 45.406849, -122.684509 45.406838, -122.684481 45.406838, -122.68429 45.406835, -122.68375 45.406832)"
1,36,"LINESTRING (-122.68375 45.406832, -122.683548 45.406831, -122.683185 45.406832, -122.681858 45.406826, -122.681675 45.406826, -122.680391 45.40682)"
1,36,"LINESTRING (-122.680391 45.40682, -122.680387 45.40682, -122.679435 45.406816, -122.679235 45.406815, -122.678298 45.406813, -122.678203 45.406812)"
1,36,"LINESTRING (-122.678203 45.406812, -122.678175 45.406811, -122.678097 45.40681, -122.677774 45.40681, -122.677596 45.406809, -122.677502 45.40681, -122.677435 45.406807, -122.677389 45.406802, -122.677357 45.406791, -122.677335 45.40678, -122.677301 45.406749, -122.677258 45.406702, -122.677207 45.406645, -122.677095 45.406697, -122.676933 45.406775, -122.676856 45.406858, -122.676554 45.407001)"
1,36,"LINESTRING (-122.676554 45.407001, -122.676466 45.407042, -122.676322 45.407117, -122.67623 45.407165, -122.676161 45.407201, -122.675936 45.407328, -122.675803 45.407411, -122.675393 45.407668, -122.674974 45.407929, -122.674879 45.40798, -122.674779 45.408029, -122.674634 45.40808, -122.674486 45.408126, -122.67432 45.408164, -122.674214 45.408193, -122.673758 45.408295, -122.67366 45.40832)"
1,36,"LINESTRING (-122.67366 45.40832, -122.673121 45.408453, -122.672614 45.408582, -122.672221 45.408703, -122.672012 45.408767)"
1,36,"LINESTRING (-122.672012 45.408767, -122.671154 45.40903, -122.670301 45.409283, -122.669319 45.409582)"
1,36,"LINESTRING (-122.669319 45.409582, -122.66921 45.409615, -122.66905 45.409667, -122.668525 45.409826, -122.668205 45.409926, -122.668083 45.409969, -122.667965 45.410017, -122.667867 45.41006, -122.667733 45.410127, -122.667653 45.41017, -122.667257 45.41039, -122.66709 45.410481, -122.667013 45.410516, -122.666859 45.410576, -122.666788 45.410597, -122.666699 45.410618, -122.666496 45.410655, -122.665875 45.410771)"
1,36,"LINESTRING (-122.665875 45.410771, -122.665707 45.410802, -122.665612 45.410819, -122.665305 45.410876, -122.665163 45.410902, -122.664748 45.410975, -122.66461 45.410999, -122.664643 45.411126, -122.66465 45.411218, -122.664642 45.411314, -122.66462 45.411446, -122.664596 45.411562, -122.664551 45.411782, -122.664534 45.411865, -122.66446 45.411927, -122.664418 45.412138, -122.664469 45.412209, -122.664454 45.412278, -122.664371 45.412669, -122.664351 45.412761, -122.664312 45.412947)"
1,36,"LINESTRING (-122.664312 45.412947, -122.664293 45.413038, -122.664277 45.413117, -122.664241 45.413289, -122.664156 45.413357, -122.66409 45.41367, -122.664132 45.413758, -122.664055 45.414123, -122.663974 45.414184, -122.663914 45.414452, -122.663881 45.414605, -122.663841 45.414787, -122.66389 45.414878, -122.663806 45.41525, -122.663755 45.415475, -122.663751 45.415493)"
1,36,"LINESTRING (-122.663751 45.415493, -122.663735 45.415561, -122.663701 45.415701, -122.663652 45.415946, -122.663632 45.416045, -122.663555 45.416382, -122.663419 45.417006, -122.663344 45.417051, -122.663332 45.417098, -122.663303 45.417219, -122.663283 45.417294, -122.66327 45.417339, -122.663321 45.417423, -122.663307 45.417493, -122.663255 45.417746, -122.663203 45.417998, -122.663124 45.418052, -122.663123 45.418057)"
1,36,"LINESTRING (-122.663123 45.418057, -122.66309 45.418194, -122.663021 45.418508, -122.663062 45.418613, -122.663022 45.418787, -122.662956 45.419076, -122.662933 45.419174, -122.662881 45.419237, -122.662855 45.419275, -122.662836 45.419347, -122.662721 45.419865, -122.6628 45.419952, -122.662729 45.420198, -122.662656 45.420452, -122.66264 45.420523, -122.6633 45.420595, -122.663954 45.420667, -122.664219 45.420696, -122.664544 45.420732, -122.664606 45.420739, -122.665124 45.420796)"
1,36,"LINESTRING (-122.665124 45.420796, -122.665224 45.420807, -122.66585 45.420875, -122.666457 45.420942, -122.66708 45.42101, -122.667683 45.421076, -122.667709 45.420963, -122.667811 45.420506, -122.667886 45.420167)"
1,36,"LINESTRING (-122.667886 45.420167, -122.667972 45.419783, -122.667883 45.419723, -122.667362 45.419665, -122.667099 45.419637, -122.666756 45.4196, -122.666307 45.419552, -122.665803 45.419498, -122.665522 45.419468, -122.665158 45.419428)"
1,36,"LINESTRING (-122.665158 45.419428, -122.664722 45.419379, -122.664614 45.419364, -122.664256 45.419311, -122.663766 45.419256, -122.663683 45.419284, -122.663375 45.419268, -122.663078 45.419249, -122.663007 45.419245, -122.662855 45.419275, -122.662836 45.419347, -122.662721 45.419865, -122.6628 45.419952, -122.662729 45.420198, -122.662656 45.420452, -122.66264 45.420523, -122.662621 45.420602, -122.662595 45.420724, -122.66254 45.420979)"
1,36,"LINESTRING (-122.66254 45.420979, -122.662492 45.4212, -122.662482 45.421245, -122.662399 45.421313, -122.66235 45.421481, -122.662395 45.421556, -122.662365 45.421661, -122.662325 45.421773, -122.662273 45.421901, -122.66217 45.42213, -122.662069 45.422324, -122.661973 45.422492, -122.661879 45.422535, -122.661755 45.42273, -122.661776 45.422797, -122.661668 45.422976, -122.661543 45.423042, -122.661425 45.42323, -122.661367 45.423331, -122.661379 45.423416, -122.661337 45.423475)"
1,36,"LINESTRING (-122.661337 45.423475, -122.661257 45.423587, -122.661181 45.423695, -122.661075 45.423836, -122.661011 45.423915, -122.660962 45.423976, -122.660932 45.424011, -122.660659 45.424331, -122.660546 45.424467, -122.660457 45.424574, -122.659721 45.42549, -122.659348 45.425933, -122.659171 45.426141, -122.659008 45.426343, -122.658874 45.426526, -122.658802 45.426645, -122.658735 45.426769, -122.658686 45.426883, -122.658643 45.426994, -122.658562 45.427254, -122.658399 45.427885, -122.658344 45.428108)"
1,36,"LINESTRING (-122.658344 45.428108, -122.658302 45.428278, -122.658234 45.428521, -122.65819 45.428648, -122.658149 45.428757, -122.658076 45.42891, -122.658026 45.428988, -122.657961 45.429085, -122.657875 45.429193, -122.657786 45.429293, -122.657658 45.429409, -122.657615 45.429443, -122.657427 45.429586, -122.657191 45.42975, -122.657104 45.429806, -122.656787 45.430026, -122.656572 45.430192, -122.656548 45.430212, -122.656401 45.430351, -122.656242 45.430506, -122.656097 45.430667, -122.655965 45.430835, -122.655886 45.430943, -122.655817 45.431043, -122.655751 45.43116, -122.655678 45.431288, -122.655612 45.431408, -122.655567 45.431496)"
1,36,"LINESTRING (-122.655567 45.431496, -122.655526 45.43158, -122.655346 45.431984, -122.655182 45.432339, -122.655003 45.432666, -122.654708 45.433196, -122.65454 45.433474, -122.654386 45.433738, -122.654215 45.434026, -122.654059 45.434303, -122.653988 45.434438, -122.65392 45.434575, -122.653814 45.434852, -122.653685 45.43524, -122.653642 45.43538, -122.653572 45.435596, -122.653538 45.435713, -122.653489 45.43585, -122.653453 45.435961)"
1,36,"LINESTRING (-122.653453 45.435961, -122.653195 45.436751, -122.653033 45.437189, -122.652916 45.437489, -122.652825 45.437764, -122.652791 45.437953, -122.652781 45.438056, -122.65278 45.438167, -122.652781 45.438269, -122.652797 45.438402, -122.652832 45.438543, -122.652872 45.438655, -122.652921 45.438768, -122.652975 45.438862, -122.653236 45.439304, -122.65343 45.439614, -122.653936 45.440416, -122.654155 45.440721, -122.654443 45.441114, -122.654645 45.441381, -122.654715 45.441475)"
1,36,"LINESTRING (-122.654715 45.441475, -122.654797 45.441585, -122.654869 45.441682, -122.655785 45.442853, -122.656623 45.443962, -122.656746 45.444152, -122.656832 45.444359, -122.656871 45.444456, -122.656892 45.44458, -122.656906 45.444798, -122.656897 45.445012, -122.656815 45.445764, -122.656806 45.445852, -122.656795 45.446031)"
1,36,"LINESTRING (-122.656795 45.446031, -122.656791 45.446101, -122.656828 45.446375, -122.656889 45.446601, -122.656947 45.446766, -122.657053 45.446951)"
1,36,"LINESTRING (-122.657053 45.446951, -122.657138 45.447098, -122.657226 45.447217, -122.657338 45.44742, -122.65745 45.44763, -122.657663 45.448055, -122.65809 45.448915, -122.65831 45.449348, -122.658625 45.449956, -122.658948 45.45056, -122.658971 45.450604, -122.659053 45.450758)"
1,36,"LINESTRING (-122.659053 45.450758, -122.659385 45.451373, -122.659583 45.451747, -122.659795 45.452146, -122.659843 45.452227, -122.659914 45.452366, -122.660018 45.452563, -122.66012 45.452744, -122.660262 45.45296, -122.660363 45.453091, -122.660445 45.453185, -122.660541 45.453301, -122.661517 45.454368, -122.661717 45.454584, -122.662837 45.4558, -122.663594 45.45662, -122.664082 45.457152, -122.664657 45.457772, -122.665297 45.458478, -122.665905 45.459134, -122.666291 45.459556, -122.666893 45.46021, -122.667474 45.46084, -122.66775 45.461163, -122.668001 45.461498, -122.668077 45.46162, -122.668158 45.461762, -122.668239 45.461923, -122.668314 45.462055, -122.668606 45.46289, -122.66878 45.464119, -122.668952 45.464732, -122.669615 45.466451, -122.669741 45.466724, -122.67 45.467226, -122.670085 45.467377, -122.670175 45.467518, -122.670238 45.467606, -122.670459 45.467841, -122.670568 45.467951, -122.670778 45.468136, -122.670976 45.468325, -122.671067 45.468422, -122.671071 45.468486, -122.671163 45.468618, -122.671238 45.468744, -122.671288 45.468841, -122.671322 45.468925, -122.671342 45.468974, -122.671362 45.469038, -122.671413 45.469272, -122.671471 45.469674, -122.671547 45.469754, -122.671553 45.469807, -122.671613 45.47026, -122.671625 45.470352, -122.671659 45.470634, -122.671674 45.470796, -122.671684 45.470976, -122.671666 45.471294, -122.671567 45.471354, -122.671524 45.471657, -122.671513 45.471741, -122.67147 45.471949, -122.671433 45.47218, -122.671412 45.472432, -122.671406 45.472562, -122.671408 45.472613, -122.671411 45.472709, -122.671424 45.472873)"
1,36,"LINESTRING (-122.671424 45.472873, -122.671433 45.472995, -122.671476 45.473364, -122.671515 45.473696, -122.671558 45.4741, -122.671589 45.474394, -122.671664 45.475137, -122.671671 45.475203, -122.671704 45.475518, -122.671738 45.475822, -122.671791 45.476218, -122.671857 45.476549, -122.671891 45.476708, -122.6719 45.476755, -122.67198 45.477011, -122.67201 45.477114)"
1,36,"LINESTRING (-122.67201 45.477114, -122.672029 45.477178, -122.672058 45.477252, -122.672222 45.477772, -122.672284 45.477972, -122.672327 45.478102, -122.672416 45.478376, -122.672516 45.478684, -122.672702 45.479274, -122.672805 45.479607, -122.672905 45.4799, -122.673011 45.480219, -122.673139 45.480553, -122.673149 45.48058, -122.673258 45.480896)"
1,36,"LINESTRING (-122.673258 45.480896, -122.67331 45.481046, -122.673334 45.481116, -122.673357 45.481187, -122.673588 45.481914, -122.673682 45.482186, -122.673694 45.482219, -122.673763 45.482402, -122.673799 45.482485, -122.673911 45.482742, -122.674076 45.483083, -122.674141 45.483209, -122.674322 45.483545, -122.674432 45.483768, -122.674467 45.483835, -122.674831 45.484526, -122.675001 45.484849)"
1,36,"LINESTRING (-122.675001 45.484849, -122.675031 45.484907, -122.675094 45.485034, -122.67522 45.485329, -122.675296 45.485542, -122.675359 45.485745, -122.675459 45.486147, -122.675467 45.486196, -122.675491 45.486339, -122.675509 45.486464, -122.675527 45.486757, -122.675521 45.486989, -122.675507 45.487113, -122.675495 45.487186, -122.675456 45.487365, -122.675399 45.487541, -122.675346 45.487682, -122.675265 45.487841, -122.675184 45.487999, -122.675132 45.488078)"
1,36,"LINESTRING (-122.675132 45.488078, -122.67508 45.488156, -122.675034 45.488215, -122.674898 45.488387, -122.674879 45.488411, -122.674608 45.488707, -122.674318 45.489021, -122.674068 45.489316, -122.673883 45.489572, -122.673702 45.489853)"
1,36,"LINESTRING (-122.673702 45.489853, -122.673667 45.489907, -122.673625 45.489967, -122.673454 45.490263, -122.673325 45.490536, -122.673156 45.490956, -122.673039 45.491243, -122.672982 45.491398, -122.672942 45.491554, -122.672927 45.491622, -122.672912 45.491705, -122.672899 45.491844, -122.672901 45.491973, -122.672905 45.492173, -122.672923 45.492484, -122.67294 45.492799, -122.672973 45.492948, -122.672947 45.493101, -122.672951 45.493209, -122.672954 45.493472)"
1,36,"LINESTRING (-122.672954 45.493472, -122.672955 45.49364, -122.672953 45.493771, -122.672941 45.494044, -122.672937 45.494305, -122.672933 45.494706, -122.672914 45.495027, -122.672896 45.495336, -122.67288 45.495692, -122.672866 45.496382)"
1,36,"LINESTRING (-122.672866 45.496382, -122.672864 45.49648, -122.672839 45.497872, -122.672842 45.497974, -122.672881 45.498157, -122.672843 45.498873, -122.672807 45.499096, -122.6728 45.499188)"
1,36,"LINESTRING (-122.6728 45.499188, -122.672797 45.499215, -122.672778 45.499404, -122.672756 45.499529, -122.672722 45.499678, -122.672672 45.499882, -122.67258 45.500224, -122.672547 45.50034, -122.672535 45.500406, -122.672526 45.500492, -122.672525 45.500609, -122.672546 45.500714, -122.672568 45.50079, -122.672603 45.500874, -122.672644 45.500951, -122.672683 45.501014, -122.672728 45.50108, -122.6728 45.501158, -122.67289 45.501244, -122.673021 45.501345, -122.673112 45.501399, -122.673225 45.501458, -122.673372 45.501523, -122.67364 45.501612, -122.673751 45.501656, -122.674538 45.501849, -122.674611 45.501864, -122.674832 45.501934, -122.675087 45.502036, -122.675182 45.502084, -122.675344 45.502181, -122.675408 45.502217, -122.675442 45.502234, -122.675499 45.502257, -122.6756 45.502296, -122.675846 45.502482, -122.676272 45.502803, -122.676445 45.502921, -122.67652 45.502975, -122.676622 45.503052, -122.677138 45.503426, -122.677174 45.503452, -122.67722 45.50346, -122.677258 45.503483, -122.67739 45.50352, -122.677448 45.503559, -122.677498 45.503588, -122.677549 45.503615, -122.677609 45.503641, -122.677652 45.503656, -122.677705 45.503671, -122.67776 45.50368, -122.677891 45.503694, -122.677998 45.503737, -122.67829 45.503757, -122.678457 45.503767)"
1,36,"LINESTRING (-122.678457 45.503767, -122.678505 45.50377, -122.678623 45.503775, -122.678635 45.503998, -122.678642 45.504297, -122.678647 45.504522, -122.678642 45.50469, -122.678632 45.505055, -122.678628 45.505275, -122.678617 45.505868, -122.678617 45.506003, -122.678605 45.506512, -122.678605 45.506549, -122.678602 45.506688)"
1,36,"LINESTRING (-122.678602 45.506688, -122.678597 45.507015, -122.678594 45.507197, -122.678594 45.507708, -122.678593 45.507919, -122.678593 45.50796, -122.678592 45.508002, -122.678589 45.508046, -122.678576 45.508306, -122.678554 45.508457, -122.678533 45.508546, -122.678506 45.508623, -122.678478 45.508705, -122.678445 45.508782, -122.678428 45.508824, -122.678378 45.508929, -122.678118 45.509475, -122.678089 45.509562, -122.678061 45.509679, -122.678091 45.50976, -122.678085 45.509778, -122.678063 45.509835, -122.678055 45.509856, -122.678357 45.509935, -122.678652 45.510013, -122.678834 45.510061, -122.678955 45.510094)"
1,36,"LINESTRING (-122.678955 45.510094, -122.679871 45.510342, -122.680368 45.510468, -122.680453 45.510487, -122.680617 45.510541, -122.680732 45.510548, -122.680835 45.510543, -122.680883 45.510543, -122.680922 45.510544, -122.68096 45.510549, -122.68101 45.510561, -122.681642 45.510729, -122.681808 45.510773, -122.681893 45.510797, -122.68192 45.510804, -122.682196 45.510877, -122.682207 45.51088, -122.682675 45.511005)"
1,36,"LINESTRING (-122.682675 45.511005, -122.682884 45.51106, -122.682953 45.511078, -122.682625 45.511684, -122.682585 45.511759, -122.682249 45.512378, -122.682229 45.512415, -122.68195 45.51293, -122.681932 45.512963, -122.68187 45.513078, -122.681852 45.513111, -122.681689 45.513413, -122.681507 45.513748, -122.681213 45.514291, -122.681209 45.514298)"
1,36,"LINESTRING (-122.681209 45.514298, -122.681146 45.514415, -122.68079 45.515072, -122.680426 45.515744, -122.680391 45.515808, -122.680124 45.516359, -122.680091 45.516423, -122.680049 45.516492, -122.679796 45.516963)"
1,36,"LINESTRING (-122.679796 45.516963, -122.679756 45.517036, -122.67973 45.517087, -122.679685 45.517171, -122.679401 45.517691, -122.679367 45.51775, -122.679321 45.517829, -122.679025 45.518361, -122.679004 45.518406, -122.678987 45.518432, -122.67897 45.518466, -122.67868 45.519024, -122.678655 45.51907, -122.678641 45.519096, -122.678611 45.519151, -122.678345 45.519656, -122.678297 45.519751, -122.678266 45.519811, -122.678006 45.520283)"
1,36,"LINESTRING (-122.678006 45.520283, -122.677963 45.520361, -122.677932 45.520421, -122.677904 45.520477, -122.677604 45.521016, -122.677569 45.521084, -122.677242 45.521685, -122.677205 45.521751, -122.677162 45.521828, -122.676848 45.522399, -122.676775 45.522446, -122.676527 45.52291)"
0,37,"LINESTRING (-122.667785 45.42062, -122.667811 45.420506, -122.667972 45.419783, -122.668429 45.419833, -122.668595 45.419851, -122.669211 45.419919, -122.669828 45.419987, -122.670014 45.420007, -122.670449 45.420055, -122.671062 45.420122, -122.671681 45.42019, -122.672116 45.420238, -122.672291 45.420257, -122.672491 45.420279, -122.672707 45.420303)"
0,37,"LINESTRING (-122.672707 45.420303, -122.672914 45.420326, -122.673329 45.420371, -122.673535 45.420394, -122.673759 45.420418, -122.674159 45.420462, -122.674426 45.420491, -122.67476 45.420528, -122.674834 45.420585, -122.67517 45.420623)"
0,37,"LINESTRING (-122.67517 45.420623, -122.675194 45.420625, -122.675333 45.420648, -122.675396 45.420663, -122.675463 45.420688, -122.675537 45.420727, -122.675618 45.420768, -122.675681 45.42081, -122.675751 45.420861, -122.675866 45.420889, -122.67631 45.421243, -122.677004 45.421798, -122.678095 45.42266, -122.678199 45.422741, -122.678306 45.422813, -122.678391 45.422859, -122.678451 45.422888, -122.678563 45.422919, -122.678654 45.42294, -122.678728 45.422951, -122.67888 45.422954, -122.679184 45.422957)"
0,37,"LINESTRING (-122.679184 45.422957, -122.679474 45.42296, -122.680648 45.422974, -122.681044 45.422978, -122.682222 45.42298, -122.683214 45.42298)"
0,37,"LINESTRING (-122.683214 45.42298, -122.68362 45.422981, -122.684187 45.422979, -122.685441 45.422982, -122.685847 45.422982, -122.68671 45.422987, -122.687031 45.422996, -122.687221 45.423003, -122.687415 45.423013, -122.68781 45.423038, -122.688476 45.423071, -122.688781 45.423081, -122.688848 45.423082)"
0,37,"LINESTRING (-122.688848 45.423082, -122.689066 45.423086, -122.689309 45.423087, -122.689981 45.423089, -122.690086 45.423135, -122.690672 45.423136, -122.690765 45.42309, -122.690979 45.423091, -122.692106 45.423094, -122.69282 45.423096, -122.69289 45.423096)"
0,37,"LINESTRING (-122.69289 45.423096, -122.692991 45.423097, -122.69315 45.423098, -122.693773 45.423102, -122.694055 45.423106, -122.694213 45.423111, -122.694513 45.423123, -122.694714 45.423136, -122.69491 45.423152, -122.69503 45.423162, -122.695146 45.423177, -122.695247 45.423189, -122.695303 45.423197, -122.695335 45.423201)"
0,37,"LINESTRING (-122.695335 45.423201, -122.695521 45.423226, -122.695641 45.423245, -122.695783 45.423269, -122.695837 45.423278, -122.695928 45.42334, -122.696371 45.423445, -122.696751 45.423539, -122.697208 45.42366, -122.697356 45.423648, -122.697429 45.423668, -122.697721 45.423747)"
0,37,"LINESTRING (-122.697721 45.423747, -122.697811 45.423771, -122.698661 45.423993, -122.698928 45.424065, -122.698992 45.424082, -122.699073 45.424158, -122.699862 45.42437, -122.699985 45.424403, -122.700113 45.424381, -122.700202 45.424406, -122.700967 45.424596, -122.701311 45.424686, -122.70181 45.424818, -122.701972 45.42486, -122.702137 45.424905, -122.702496 45.425002, -122.702614 45.425032)"
0,37,"LINESTRING (-122.702614 45.425032, -122.702718 45.425059, -122.703048 45.425133, -122.70326 45.425168, -122.703486 45.425194, -122.703718 45.425208, -122.703897 45.425219, -122.704058 45.425218, -122.704181 45.425224, -122.704308 45.425218, -122.704428 45.425209, -122.704563 45.425193, -122.704811 45.425147, -122.705035 45.425092, -122.705211 45.42505, -122.705332 45.425069, -122.705713 45.424958, -122.705773 45.424897, -122.706212 45.424777, -122.706489 45.424704, -122.706644 45.424661, -122.707067 45.424553, -122.707249 45.424512, -122.707397 45.424477, -122.707523 45.424452, -122.707574 45.424443, -122.707626 45.424439, -122.707676 45.424439, -122.70772 45.424441, -122.707755 45.424444, -122.707795 45.424451, -122.707877 45.424487, -122.708217 45.42417, -122.708246 45.424143, -122.708355 45.424036, -122.708566 45.423824, -122.70861 45.423779, -122.708745 45.423649, -122.709015 45.423354, -122.709116 45.423243, -122.709286 45.42303, -122.709431 45.422867, -122.709713 45.422522, -122.709902 45.422295, -122.709994 45.422181, -122.710545 45.421505, -122.710776 45.421224, -122.710806 45.421187)"
0,37,"LINESTRING (-122.710806 45.421187, -122.711038 45.420909, -122.711349 45.420533, -122.71163 45.42021, -122.711908 45.419896, -122.712119 45.419666, -122.71231 45.419461, -122.712668 45.419086, -122.713058 45.418697, -122.713153 45.418607, -122.713306 45.418466, -122.713436 45.418409, -122.713557 45.418292)"
0,37,"LINESTRING (-122.713557 45.418292, -122.713728 45.418126, -122.714118 45.417743, -122.714336 45.417543, -122.714351 45.417527, -122.714356 45.41744, -122.71449 45.417306, -122.714674 45.417113, -122.714805 45.416976, -122.714885 45.416889, -122.714959 45.416807, -122.715162 45.416574, -122.715193 45.416539, -122.715352 45.416348, -122.715468 45.416306)"
0,37,"LINESTRING (-122.715468 45.416306, -122.715868 45.415836, -122.715862 45.415748, -122.715887 45.415715, -122.715956 45.415624, -122.716026 45.41553, -122.716294 45.415122, -122.716417 45.414919, -122.716499 45.414755, -122.716623 45.414695, -122.716638 45.414661)"
0,37,"LINESTRING (-122.716638 45.414661, -122.716699 45.414515, -122.716634 45.414417, -122.716731 45.414062, -122.716737 45.414035, -122.716763 45.413921, -122.716835 45.413594, -122.71689 45.413396, -122.716919 45.41329, -122.716985 45.41309, -122.717027 45.412948, -122.717063 45.412842, -122.717088 45.412782, -122.717133 45.412697, -122.717176 45.412628, -122.717215 45.412561, -122.717263 45.412486, -122.717373 45.41234, -122.717961 45.411639, -122.718044 45.411547, -122.718099 45.41149, -122.718146 45.411444, -122.718169 45.411421, -122.718225 45.411372, -122.718282 45.411323, -122.718414 45.41122, -122.718602 45.411075, -122.718779 45.410942, -122.718897 45.410852, -122.718931 45.410826)"
0,37,"LINESTRING (-122.718931 45.410826, -122.718998 45.410775, -122.719306 45.41055, -122.719395 45.410483, -122.719515 45.410393, -122.71974 45.41022, -122.719766 45.4102, -122.719861 45.410131, -122.719936 45.410079, -122.720008 45.410032, -122.720062 45.409999, -122.720159 45.409947, -122.720222 45.409918, -122.720248 45.409905, -122.720331 45.409869, -122.720714 45.409705, -122.720771 45.40968, -122.721124 45.409527, -122.721536 45.409352, -122.721765 45.409261, -122.721899 45.409209, -122.722117 45.409123, -122.722148 45.40911, -122.72235 45.409025, -122.722572 45.408927, -122.722807 45.408831, -122.722972 45.408757)"
0,37,"LINESTRING (-122.722972 45.408757, -122.723049 45.408722, -122.723134 45.40868, -122.723311 45.408578, -122.723446 45.408494, -122.723823 45.408259, -122.723983 45.408159, -122.724372 45.407921, -122.724558 45.407815, -122.724992 45.407565, -122.725097 45.407504, -122.725354 45.407356, -122.725588 45.407221, -122.726026 45.40697)"
0,37,"LINESTRING (-122.726026 45.40697, -122.726096 45.406929, -122.726203 45.406868, -122.726543 45.406671, -122.72687 45.406474, -122.727304 45.40621, -122.727429 45.40619, -122.727675 45.406034, -122.72813 45.405725, -122.728149 45.405663)"
0,37,"LINESTRING (-122.728149 45.405663, -122.728161 45.405624, -122.728256 45.405559, -122.72835 45.405494, -122.728458 45.405419, -122.728641 45.405296, -122.728897 45.405123, -122.729228 45.4049, -122.729404 45.404849, -122.730347 45.404244)"
0,37,"LINESTRING (-122.730347 45.404244, -122.730471 45.404164, -122.730518 45.404071, -122.730599 45.404017, -122.730826 45.40387, -122.731028 45.403738, -122.731145 45.40372, -122.732702 45.402699, -122.732765 45.402596, -122.732975 45.402467, -122.733296 45.402271, -122.733526 45.40213)"
0,37,"LINESTRING (-122.733526 45.40213, -122.733661 45.402047, -122.733785 45.401973, -122.734089 45.401784, -122.734601 45.401466, -122.734757 45.401369, -122.735561 45.400875, -122.7366 45.400236, -122.736826 45.400097, -122.737007 45.399986, -122.737477 45.399698, -122.738075 45.399327)"
0,37,"LINESTRING (-122.738075 45.399327, -122.738153 45.399279, -122.738194 45.399254, -122.738503 45.399061, -122.738623 45.398989, -122.738835 45.398923, -122.739879 45.398292, -122.740256 45.398066, -122.740312 45.397976, -122.740566 45.39783, -122.741131 45.397508, -122.741288 45.397503, -122.741513 45.397375, -122.741702 45.397272, -122.741907 45.397174, -122.742102 45.397085, -122.742278 45.397019, -122.742515 45.396936, -122.742708 45.396876, -122.742881 45.396827, -122.742997 45.396794, -122.743136 45.396694, -122.743283 45.396663, -122.743435 45.396635)"
0,37,"LINESTRING (-122.743435 45.396635, -122.743656 45.396593, -122.743877 45.39656, -122.744212 45.396521, -122.744454 45.396497, -122.744706 45.396478, -122.745011 45.396461, -122.745174 45.396452, -122.745279 45.396447, -122.745983 45.396419, -122.74802 45.396331, -122.748184 45.396429, -122.748284 45.396422, -122.748472 45.396402, -122.74879 45.396364, -122.748857 45.396356, -122.748905 45.39635, -122.749033 45.39632, -122.749174 45.396286, -122.749308 45.396245, -122.749425 45.396199, -122.749567 45.39614, -122.749797 45.396034, -122.74993 45.395851, -122.749764 45.395673, -122.749352 45.395273, -122.749241 45.39516, -122.749156 45.395052, -122.748957 45.395121, -122.748689 45.39515, -122.74869 45.395009, -122.748669 45.394609, -122.748682 45.394517, -122.748576 45.394184, -122.748571 45.394137, -122.74858 45.394099, -122.748592 45.394063, -122.748621 45.394039, -122.748647 45.394022, -122.748695 45.394009, -122.748756 45.393996, -122.748969 45.393947, -122.748981 45.394581, -122.74899 45.394666)"
0,38,"LINESTRING (-122.683221 45.514967, -122.683128 45.514942, -122.68214 45.514679, -122.681466 45.5145, -122.681256 45.514444, -122.681146 45.514415, -122.681121 45.514408, -122.681022 45.514382, -122.680616 45.514274, -122.680244 45.514175, -122.680117 45.514141, -122.680086 45.514133, -122.680004 45.514111, -122.679607 45.514005)"
0,38,"LINESTRING (-122.679607 45.514005, -122.679425 45.513957, -122.679083 45.513866, -122.678095 45.513603, -122.677176 45.513359, -122.677076 45.513332, -122.676372 45.513145)"
0,38,"LINESTRING (-122.676372 45.513145, -122.676141 45.513084, -122.675199 45.512833, -122.675291 45.512664, -122.675474 45.512325, -122.675515 45.51225, -122.675476 45.512124, -122.675514 45.512039, -122.675797 45.511529, -122.675844 45.51146, -122.675992 45.511397, -122.676128 45.511147, -122.676126 45.511046, -122.676303 45.510749, -122.676362 45.510641, -122.676785 45.509857, -122.676839 45.509748, -122.676871 45.50968)"
0,38,"LINESTRING (-122.676871 45.50968, -122.676927 45.509561, -122.676932 45.50955, -122.67697 45.509472, -122.676975 45.50946, -122.677076 45.509404, -122.677291 45.509008, -122.67732 45.508952, -122.677377 45.50883, -122.677415 45.508737, -122.677453 45.508633, -122.677483 45.508535, -122.677507 45.508439, -122.677531 45.508327, -122.677545 45.508223, -122.677556 45.508096, -122.677501 45.508031, -122.677503 45.508006, -122.677505 45.507961, -122.677507 45.507939, -122.677519 45.507722, -122.677529 45.507477, -122.677533 45.507189, -122.677558 45.506196, -122.677619 45.506121, -122.677621 45.506096)"
0,38,"LINESTRING (-122.677621 45.506096, -122.677626 45.506013, -122.677639 45.505767, -122.677655 45.505558, -122.677678 45.505188, -122.677718 45.504603, -122.677735 45.504308, -122.677773 45.503705, -122.677781 45.503434, -122.677798 45.50248, -122.677798 45.502246, -122.677806 45.501746, -122.677813 45.501098, -122.677809 45.500659, -122.677799 45.500117, -122.677797 45.499904, -122.677793 45.499296, -122.677797 45.499205, -122.677809 45.49888, -122.677895 45.497404, -122.677958 45.496274, -122.677968 45.496004, -122.677974 45.495863, -122.67797 45.495773, -122.677959 45.495672, -122.677939 45.495577, -122.677919 45.495511, -122.677886 45.495415, -122.677847 45.495323, -122.67775 45.495144, -122.677676 45.495046, -122.677486 45.494782, -122.677412 45.494672, -122.677369 45.494587, -122.677322 45.49448, -122.677259 45.494252, -122.67709 45.493514, -122.677015 45.493154, -122.676997 45.493012, -122.676994 45.492849, -122.677007 45.492707, -122.677018 45.492633, -122.677006 45.492542, -122.677055 45.492406, -122.677124 45.492249, -122.677179 45.492146, -122.677234 45.492049, -122.677306 45.491943, -122.677375 45.491848, -122.67747 45.491728, -122.677566 45.491624, -122.677668 45.491529, -122.677828 45.491404, -122.678039 45.491237, -122.678154 45.49116, -122.678228 45.491113, -122.678306 45.491067, -122.678395 45.491016, -122.678493 45.490967, -122.678537 45.490944)"
0,38,"LINESTRING (-122.678537 45.490944, -122.678593 45.490843, -122.678814 45.490757, -122.678954 45.490705, -122.679056 45.490673, -122.679164 45.490642, -122.679292 45.490611, -122.67943 45.49058, -122.680215 45.490417, -122.680423 45.490372, -122.680598 45.490331, -122.680691 45.490308, -122.680794 45.490279, -122.68095 45.490231, -122.681142 45.490162, -122.681312 45.490097, -122.68147 45.490026, -122.681607 45.489957, -122.681753 45.489873, -122.681786 45.489853, -122.681875 45.489796, -122.681983 45.489722, -122.682088 45.489639, -122.682194 45.489548, -122.6823 45.489447, -122.682355 45.489389, -122.682404 45.489333, -122.682466 45.489259, -122.682521 45.489185, -122.68256 45.489125, -122.682604 45.489054, -122.682638 45.488991, -122.682665 45.488938, -122.682684 45.488894, -122.68271 45.488831, -122.682728 45.488775, -122.682742 45.488718, -122.682755 45.488656, -122.682765 45.488594, -122.68277 45.48853, -122.682772 45.488459, -122.682767 45.488325, -122.682743 45.48786, -122.68273 45.487733, -122.682711 45.487587, -122.682759 45.487484, -122.682709 45.48724, -122.682667 45.487076)"
0,38,"LINESTRING (-122.682667 45.487076, -122.682581 45.487005, -122.682089 45.485587, -122.682057 45.485476, -122.681997 45.485344, -122.68196 45.48527, -122.681915 45.48519, -122.681864 45.485111, -122.681773 45.48499, -122.681621 45.484806, -122.681433 45.484592, -122.681187 45.484301, -122.681016 45.484074, -122.680935 45.483951, -122.680876 45.483856, -122.680825 45.483746, -122.680779 45.48364, -122.680738 45.483509, -122.680693 45.483312, -122.680532 45.482285, -122.680393 45.481433, -122.680326 45.481004, -122.680269 45.480631, -122.680224 45.480322, -122.680218 45.480293)"
0,38,"LINESTRING (-122.680218 45.480293, -122.680205 45.480235, -122.68019 45.480131, -122.680042 45.479148, -122.679732 45.477115, -122.679713 45.477017, -122.679684 45.476814, -122.679674 45.476758)"
0,38,"LINESTRING (-122.679674 45.476758, -122.67967 45.476739, -122.679476 45.47538, -122.679441 45.475204, -122.679354 45.474658, -122.679283 45.474135, -122.67926 45.473954, -122.679239 45.473806, -122.67923 45.473688, -122.679229 45.473546, -122.679241 45.473374, -122.679272 45.473232, -122.679311 45.473062, -122.679394 45.473004, -122.679437 45.472896, -122.679493 45.472778, -122.679561 45.47266, -122.679605 45.472585, -122.679648 45.472523, -122.67974 45.472406, -122.679831 45.472298, -122.679984 45.472138, -122.680095 45.472041, -122.680199 45.471952, -122.680289 45.471878, -122.680409 45.471788, -122.680529 45.471708, -122.680656 45.47163, -122.68078 45.471562, -122.680864 45.47152)"
0,38,"LINESTRING (-122.680864 45.47152, -122.680914 45.471494, -122.681051 45.471433, -122.681165 45.47139, -122.681486 45.471291, -122.681617 45.471252, -122.681755 45.471219, -122.681894 45.47119, -122.682016 45.471166, -122.682214 45.471135, -122.682373 45.471115, -122.682531 45.471098, -122.682718 45.471088, -122.683044 45.471088, -122.683386 45.471094, -122.684034 45.471102, -122.684293 45.471107, -122.684538 45.471111, -122.685351 45.471125, -122.685587 45.471128, -122.685609 45.471016, -122.68563 45.470919, -122.685656 45.47086, -122.685677 45.470811, -122.685727 45.470689, -122.686059 45.470001, -122.68611 45.469896, -122.68625 45.469596, -122.686362 45.46936, -122.686397 45.469276, -122.686415 45.469199, -122.686421 45.469146, -122.686423 45.469075, -122.686417 45.468991, -122.686408 45.468935, -122.686394 45.468868, -122.686371 45.468808, -122.686347 45.468758, -122.686318 45.468698, -122.686276 45.468639, -122.686222 45.468564, -122.686161 45.468497, -122.686073 45.468406, -122.685987 45.468331, -122.685864 45.468234, -122.685611 45.468032, -122.68534 45.467826, -122.684903 45.467488, -122.684876 45.467466, -122.684791 45.467423, -122.684603 45.467342)"
0,38,"LINESTRING (-122.684603 45.467342, -122.684587 45.467335, -122.684477 45.467297, -122.684371 45.467259, -122.684191 45.467194, -122.684004 45.467112, -122.683902 45.467056, -122.683802 45.466984, -122.683696 45.46689, -122.683619 45.466803, -122.683555 45.466704, -122.683503 45.466598, -122.683474 45.466507, -122.683449 45.466388, -122.683446 45.466225, -122.683478 45.465426, -122.683504 45.46468, -122.683546 45.46446, -122.683576 45.46433, -122.683628 45.464199, -122.683687 45.464094, -122.683753 45.464019, -122.683777 45.463992)"
0,38,"LINESTRING (-122.683777 45.463992, -122.683847 45.463934, -122.683922 45.463888, -122.683988 45.463856, -122.684079 45.463813, -122.684257 45.463738, -122.68438 45.463677, -122.684455 45.463638, -122.684553 45.463586, -122.684661 45.463503, -122.684749 45.463413, -122.684792 45.463363, -122.684831 45.463303, -122.684842 45.463285, -122.684894 45.46318, -122.684926 45.463091, -122.684943 45.463037, -122.684956 45.462978, -122.684959 45.462951, -122.68496 45.462842, -122.684962 45.462726)"
0,38,"LINESTRING (-122.684962 45.462726, -122.684962 45.462722, -122.684963 45.462572, -122.684965 45.462441, -122.684963 45.46235, -122.684957 45.461962, -122.684962 45.461861, -122.684966 45.461762, -122.684971 45.461613, -122.684973 45.461285)"
0,38,"LINESTRING (-122.684973 45.461285, -122.684973 45.461157, -122.684975 45.459529, -122.684971 45.459272)"
0,38,"LINESTRING (-122.684971 45.459272, -122.68496 45.458735, -122.684959 45.458109, -122.684955 45.4575, -122.684958 45.457219)"
0,38,"LINESTRING (-122.684958 45.457219, -122.684961 45.457006, -122.684954 45.456765, -122.68494 45.456617, -122.684902 45.456466, -122.684831 45.456304, -122.684748 45.456133, -122.684386 45.455547, -122.684061 45.455001, -122.683908 45.454744, -122.683817 45.45463, -122.683722 45.454527)"
0,38,"LINESTRING (-122.683722 45.454527, -122.683695 45.454498, -122.683584 45.454413, -122.683513 45.454367, -122.683415 45.454309, -122.683134 45.454179, -122.682911 45.454088, -122.682661 45.453981)"
0,38,"LINESTRING (-122.682661 45.453981, -122.68251 45.453916, -122.682501 45.453863, -122.68249 45.453849, -122.682269 45.453687, -122.682203 45.453638, -122.682174 45.453597, -122.682148 45.453566, -122.682032 45.453389, -122.681972 45.45335, -122.681936 45.453225, -122.681916 45.453121, -122.681915 45.453024, -122.681919 45.452958, -122.681938 45.452841, -122.681972 45.452742, -122.682011 45.452656, -122.682055 45.452588, -122.682147 45.452457, -122.682215 45.452391, -122.682338 45.452283, -122.682421 45.452226, -122.682505 45.452172, -122.682629 45.452107, -122.68288 45.451992, -122.683023 45.45193, -122.683246 45.451823)"
0,38,"LINESTRING (-122.683246 45.451823, -122.683317 45.451789, -122.683596 45.451633, -122.683913 45.451423, -122.684396 45.451079, -122.68472 45.450837, -122.685062 45.450594, -122.685208 45.450492, -122.685322 45.450395, -122.685418 45.450295, -122.685491 45.450212, -122.68555 45.450128, -122.685651 45.449997, -122.685739 45.449874, -122.685811 45.449736, -122.686002 45.449353, -122.686127 45.44912, -122.686227 45.448899, -122.68623 45.448893)"
0,38,"LINESTRING (-122.68623 45.448893, -122.686467 45.448397, -122.686719 45.447886, -122.686762 45.447798, -122.686937 45.447453, -122.686958 45.447413, -122.687012 45.447306, -122.687059 45.447188, -122.687089 45.447097, -122.687124 45.446953, -122.687144 45.446855, -122.687151 45.446772, -122.687151 45.446685, -122.687147 45.446612, -122.687133 45.446556, -122.687119 45.446507, -122.68709 45.446426, -122.687071 45.446382)"
0,38,"LINESTRING (-122.687071 45.446382, -122.687048 45.446332, -122.686986 45.446223, -122.686885 45.446062, -122.686633 45.445714, -122.686568 45.445634, -122.686516 45.445561, -122.686486 45.445516, -122.68645 45.445449, -122.686383 45.445274, -122.686373 45.445224, -122.686359 45.445153, -122.686353 45.445088, -122.686358 45.445004, -122.686398 45.444826, -122.686497 45.444453, -122.686594 45.444112)"
0,38,"LINESTRING (-122.686594 45.444112, -122.686675 45.443831, -122.686702 45.443735, -122.686718 45.443652, -122.686727 45.443578, -122.686729 45.443395, -122.686717 45.443267, -122.686692 45.443106, -122.686658 45.442944, -122.686638 45.442846, -122.686624 45.442788)"
0,38,"LINESTRING (-122.686624 45.442788, -122.686576 45.442596, -122.686546 45.442461, -122.68652 45.442351, -122.686454 45.442105, -122.686424 45.442011, -122.686407 45.441963, -122.686386 45.441925, -122.686021 45.441436, -122.685669 45.440916, -122.685616 45.440848, -122.685569 45.440781, -122.685533 45.440713, -122.685505 45.44063, -122.685493 45.440563, -122.685505 45.44048, -122.685516 45.440413, -122.685549 45.440332, -122.685588 45.440261, -122.685667 45.440187, -122.685728 45.440135, -122.6858 45.440087, -122.686274 45.439833, -122.686422 45.439752, -122.686649 45.439632, -122.686713 45.439609, -122.68689 45.439545, -122.687043 45.439509, -122.687083 45.439501)"
0,38,"LINESTRING (-122.687083 45.439501, -122.687212 45.439477, -122.687846 45.439371, -122.688464 45.439265, -122.688616 45.43924, -122.688776 45.439209, -122.689051 45.439153, -122.689324 45.439083, -122.689514 45.439026, -122.689686 45.43897, -122.689882 45.438902, -122.690086 45.438821, -122.690394 45.438691, -122.690634 45.438583, -122.690794 45.438516, -122.691961 45.438028, -122.692055 45.437994, -122.692424 45.437848)"
0,38,"LINESTRING (-122.692424 45.437848, -122.69256 45.437795, -122.694037 45.437181, -122.694586 45.43699, -122.69472 45.436943, -122.695408 45.436714, -122.695915 45.436548, -122.696036 45.436509, -122.696529 45.436346, -122.696775 45.436267, -122.696998 45.436191, -122.697164 45.436133, -122.697311 45.436073, -122.697388 45.436034, -122.69746 45.436)"
0,38,"LINESTRING (-122.69746 45.436, -122.697543 45.43596, -122.697676 45.435884, -122.69794 45.435714, -122.698537 45.435314, -122.699338 45.434776, -122.700009 45.434339, -122.700069 45.4343, -122.700102 45.434277)"
0,38,"LINESTRING (-122.700102 45.434277, -122.700355 45.434108, -122.700891 45.433767, -122.701617 45.433329, -122.701789 45.433213, -122.701851 45.433162, -122.702039 45.432999, -122.70208 45.432953, -122.702106 45.43292, -122.702136 45.432873, -122.702164 45.432822, -122.702183 45.432778, -122.702233 45.432642, -122.702371 45.432239, -122.702393 45.432165, -122.70252 45.432183, -122.703083 45.432278, -122.703101 45.432281)"
0,38,"LINESTRING (-122.703101 45.432281, -122.703635 45.432371, -122.703765 45.43239, -122.704149 45.431856, -122.7042 45.431739, -122.704218 45.431682, -122.704235 45.431561, -122.704232 45.431446, -122.70423 45.431318)"
0,38,"LINESTRING (-122.70423 45.431318, -122.704229 45.431182, -122.704262 45.431077, -122.704298 45.431001, -122.70438 45.430884, -122.704523 45.430766, -122.704592 45.430724, -122.704686 45.430686, -122.70481 45.430633, -122.704982 45.430589, -122.705194 45.430554, -122.705414 45.43055, -122.705595 45.430576, -122.705702 45.430611, -122.705746 45.430625)"
0,38,"LINESTRING (-122.705746 45.430625, -122.70576 45.43063, -122.705903 45.430695, -122.706015 45.430777, -122.7061 45.430853, -122.706175 45.430937, -122.706221 45.431021, -122.70632 45.431299, -122.706437 45.431603, -122.706849 45.432771, -122.70699 45.433001, -122.707183 45.433233, -122.707261 45.433333, -122.707306 45.433441, -122.707326 45.433577)"
0,38,"LINESTRING (-122.707326 45.433577, -122.707338 45.433663, -122.707463 45.433655, -122.707539 45.433646, -122.707614 45.433635, -122.707691 45.433615, -122.707758 45.433596, -122.707814 45.433576, -122.707877 45.43355, -122.707933 45.433523, -122.708076 45.433445, -122.708188 45.433373, -122.70828 45.433309, -122.708374 45.433366, -122.708526 45.433459, -122.708549 45.433512, -122.70879 45.433632, -122.708868 45.433647, -122.709282 45.433791, -122.709395 45.433824, -122.709588 45.433866, -122.709839 45.433912, -122.710072 45.433947, -122.710133 45.433951)"
0,38,"LINESTRING (-122.710133 45.433951, -122.710284 45.433961, -122.710503 45.433966, -122.71077 45.433962, -122.711106 45.433946, -122.711245 45.433932, -122.711322 45.433917, -122.711522 45.433866, -122.711727 45.433807, -122.711811 45.433804, -122.711976 45.433751, -122.712063 45.433721, -122.712099 45.433682, -122.712219 45.433653, -122.71233 45.43363, -122.712423 45.433617, -122.712488 45.433617, -122.712574 45.433615, -122.712665 45.433617, -122.712777 45.433621, -122.712885 45.433634, -122.712934 45.433639, -122.713031 45.433656, -122.713104 45.433671, -122.713199 45.433695, -122.71328 45.43372, -122.713388 45.433759, -122.713474 45.433796, -122.713554 45.433834, -122.713615 45.433868, -122.713659 45.433896, -122.713712 45.433932)"
0,38,"LINESTRING (-122.713712 45.433932, -122.71373 45.433945, -122.713837 45.43402, -122.713971 45.434109, -122.714047 45.43416, -122.714123 45.434209, -122.714184 45.434241, -122.714374 45.434329, -122.714438 45.434355, -122.714527 45.434389, -122.714587 45.43441, -122.714657 45.434434, -122.714709 45.434477, -122.714847 45.434528, -122.714979 45.434581, -122.715058 45.434612, -122.715134 45.434615, -122.715276 45.434691, -122.715494 45.434829, -122.715583 45.434733, -122.715682 45.434647, -122.715846 45.43451)"
0,38,"LINESTRING (-122.715846 45.43451, -122.716136 45.434266, -122.716214 45.434193, -122.716282 45.434118, -122.716329 45.434055, -122.716357 45.434015, -122.716389 45.433956, -122.716411 45.433908, -122.716436 45.43383, -122.716433 45.433783, -122.716426 45.433741, -122.716417 45.433716, -122.716356 45.433632, -122.716186 45.433437, -122.716125 45.43336, -122.716086 45.433305, -122.716045 45.433242, -122.716011 45.433182, -122.715987 45.433134, -122.715962 45.43308, -122.715929 45.433003, -122.71591 45.432948, -122.715899 45.432905, -122.715897 45.432896, -122.715887 45.43285, -122.715876 45.432785, -122.715865 45.432651, -122.715868 45.43259, -122.715868 45.432575, -122.715875 45.432501, -122.715886 45.432438, -122.715896 45.432372, -122.715908 45.43231, -122.715922 45.432234, -122.715932 45.432186, -122.71594 45.432118)"
0,38,"LINESTRING (-122.71594 45.432118, -122.715943 45.432084, -122.715946 45.432019, -122.715947 45.431622, -122.715958 45.431497, -122.715968 45.431419, -122.715984 45.431338, -122.716012 45.431176, -122.716056 45.43106, -122.716107 45.43098, -122.716132 45.430949, -122.716162 45.430913, -122.716199 45.430877, -122.716229 45.430851, -122.716288 45.430807, -122.716319 45.43079, -122.716353 45.430776, -122.716401 45.430759, -122.716457 45.430743, -122.71651 45.430733, -122.716559 45.430723, -122.716636 45.430717, -122.716683 45.430716, -122.716735 45.430718, -122.716793 45.430723, -122.716846 45.430733, -122.71692 45.430752, -122.716966 45.430766, -122.717008 45.430782, -122.717051 45.430803, -122.717247 45.430915, -122.717372 45.430977, -122.717452 45.431013, -122.717491 45.431029, -122.717542 45.431044, -122.717603 45.431059, -122.717658 45.43107, -122.717719 45.431074, -122.717771 45.431074, -122.717829 45.431069, -122.717892 45.43106, -122.717952 45.431048, -122.718018 45.431031, -122.718067 45.431011, -122.718159 45.430968, -122.718069 45.430882, -122.718052 45.430858, -122.717971 45.430757, -122.71791 45.430679, -122.717852 45.430594, -122.717791 45.430495, -122.7175 45.429972, -122.717448 45.429891, -122.717378 45.429776, -122.717331 45.429707, -122.717267 45.429624, -122.717195 45.429544, -122.717122 45.429464, -122.717041 45.429387, -122.716902 45.429271, -122.716709 45.42913, -122.716415 45.428925, -122.716023 45.428655, -122.715958 45.428609, -122.715849 45.428531, -122.71568 45.428414, -122.715597 45.428357, -122.715516 45.428305, -122.715468 45.428275, -122.715433 45.428222, -122.715364 45.428187, -122.715302 45.428156, -122.715227 45.428125, -122.715102 45.428088)"
0,38,"LINESTRING (-122.715102 45.428088, -122.715072 45.42808, -122.714988 45.428094, -122.714912 45.428081, -122.714782 45.428066, -122.714669 45.428058, -122.714513 45.428061, -122.714284 45.428086, -122.714176 45.428105, -122.71402 45.428146, -122.713654 45.428247, -122.713273 45.428331, -122.713188 45.428347, -122.713091 45.42836, -122.71292 45.428373, -122.712817 45.428373, -122.712634 45.428361, -122.712471 45.428336, -122.712313 45.428302, -122.712198 45.428266, -122.712067 45.428212, -122.71184 45.428093, -122.711696 45.427996, -122.711519 45.427857)"
0,38,"LINESTRING (-122.711519 45.427857, -122.711498 45.427839, -122.711054 45.427456, -122.710931 45.427358, -122.710821 45.427274, -122.710722 45.427212, -122.710597 45.427149, -122.710436 45.427089, -122.710343 45.427064, -122.71019 45.427038, -122.709937 45.427018, -122.709721 45.427026, -122.709555 45.42705, -122.709414 45.427088, -122.709252 45.427147, -122.709101 45.427218, -122.708927 45.427334, -122.708801 45.427446, -122.70868 45.427579, -122.708414 45.427972, -122.708324 45.4281, -122.70822 45.428213, -122.708102 45.428301, -122.707864 45.428423, -122.707781 45.428452, -122.707602 45.428488, -122.707481 45.428498, -122.707302 45.42849, -122.707147 45.428462, -122.707067 45.428438, -122.706999 45.428402, -122.706919 45.428363, -122.706816 45.428297, -122.706774 45.428259, -122.706727 45.428209, -122.706692 45.428163, -122.706658 45.428104, -122.706635 45.428052, -122.706627 45.428005, -122.70663 45.427898, -122.706637 45.427812, -122.706651 45.427731, -122.706681 45.427625, -122.70671 45.427542, -122.706742 45.427456, -122.706782 45.42736, -122.706891 45.427112, -122.707009 45.426832, -122.707232 45.426283, -122.707305 45.426098)"
0,38,"LINESTRING (-122.707305 45.426098, -122.707406 45.425839, -122.707443 45.425744, -122.707468 45.425692, -122.707518 45.425598, -122.707565 45.425528, -122.707591 45.425492, -122.707622 45.425458, -122.707662 45.425415, -122.707712 45.42536, -122.707801 45.425262, -122.707859 45.425207, -122.707964 45.425076, -122.708002 45.425021, -122.708031 45.424967, -122.708052 45.424919, -122.708069 45.424877, -122.708083 45.424838, -122.70809 45.424818)"
0,38,"LINESTRING (-122.70809 45.424818, -122.708152 45.424707, -122.708155 45.424688, -122.708156 45.424643, -122.708161 45.424579, -122.708168 45.42452, -122.708205 45.42438, -122.70825 45.424281, -122.708217 45.42417, -122.708246 45.424143, -122.708355 45.424036, -122.708566 45.423824, -122.70861 45.423779, -122.708745 45.423649, -122.709015 45.423354, -122.709116 45.423243, -122.709286 45.42303, -122.709431 45.422867, -122.709713 45.422522, -122.709902 45.422295, -122.709994 45.422181, -122.710545 45.421505, -122.710776 45.421224, -122.710806 45.421187)"
0,38,"LINESTRING (-122.710806 45.421187, -122.711038 45.420909, -122.711349 45.420533, -122.71163 45.42021, -122.711908 45.419896, -122.712119 45.419666, -122.71231 45.419461, -122.712668 45.419086, -122.713058 45.418697, -122.713153 45.418607, -122.713306 45.418466, -122.713436 45.418409, -122.713557 45.418292)"
0,38,"LINESTRING (-122.713557 45.418292, -122.713728 45.418126, -122.714118 45.417743, -122.714336 45.417543, -122.714351 45.417527, -122.714356 45.41744, -122.71449 45.417306, -122.714674 45.417113, -122.714805 45.416976, -122.714885 45.416889, -122.714959 45.416807, -122.715162 45.416574, -122.715193 45.416539, -122.715352 45.416348, -122.715468 45.416306)"
0,38,"LINESTRING (-122.715468 45.416306, -122.715868 45.415836, -122.715862 45.415748, -122.715887 45.415715, -122.717666 45.41633, -122.718219 45.416525, -122.71861 45.416651, -122.718811 45.41672, -122.719046 45.4168)"
0,38,"LINESTRING (-122.719046 45.4168, -122.719162 45.41684, -122.719264 45.416873, -122.719373 45.41691, -122.720667 45.41735, -122.721997 45.417799, -122.722466 45.417958, -122.722946 45.418121, -122.723447 45.41828, -122.723654 45.418348, -122.723867 45.418406)"
0,38,"LINESTRING (-122.723867 45.418406, -122.723894 45.418414, -122.724075 45.418466, -122.724203 45.4185, -122.724562 45.418585, -122.724862 45.418651, -122.725248 45.418726, -122.725463 45.418764, -122.725827 45.418819, -122.726143 45.418862, -122.726462 45.418899, -122.726796 45.418929, -122.72715 45.418952, -122.727498 45.418969, -122.727767 45.418977, -122.728143 45.418987, -122.729883 45.419, -122.731343 45.419015, -122.731803 45.41902, -122.73208 45.41902, -122.732388 45.419019)"
0,38,"LINESTRING (-122.732388 45.419019, -122.732583 45.419019, -122.733352 45.419026, -122.73475 45.419037, -122.735503 45.419046, -122.735885 45.419052, -122.736303 45.419065, -122.736652 45.419084, -122.736857 45.419098, -122.737037 45.419114, -122.737229 45.41913, -122.737422 45.419155, -122.737727 45.419192, -122.738025 45.419234, -122.73836 45.419293, -122.738609 45.419341, -122.738709 45.419361, -122.73903 45.419427, -122.739134 45.419457, -122.739257 45.419493, -122.739399 45.419535, -122.739678 45.41961)"
0,38,"LINESTRING (-122.739678 45.41961, -122.739868 45.419661, -122.740255 45.419777, -122.740492 45.419774, -122.740966 45.419937, -122.741333 45.420064, -122.741756 45.420198, -122.741975 45.420266, -122.742274 45.420359, -122.742604 45.420461, -122.742944 45.420585, -122.743046 45.420623, -122.743583 45.420819, -122.743704 45.420859, -122.74462 45.421162, -122.745054 45.421312, -122.745268 45.421391, -122.745404 45.42153, -122.7455 45.421573, -122.745761 45.421704, -122.745957 45.421818, -122.746115 45.42192, -122.74626 45.422026, -122.746417 45.422151, -122.746572 45.422288, -122.746862 45.422578, -122.74714 45.422875, -122.747733 45.423514, -122.747777 45.423594, -122.748219 45.424071, -122.748652 45.424546, -122.748856 45.42478, -122.749049 45.424992, -122.749717 45.425688, -122.749779 45.425762, -122.749901 45.425906, -122.750072 45.426127, -122.750238 45.426372, -122.750365 45.426561, -122.750434 45.426661, -122.750507 45.426739, -122.750594 45.426811, -122.750728 45.426881, -122.750847 45.426924, -122.751008 45.426958, -122.751192 45.426976, -122.751246 45.426965, -122.751619 45.426966, -122.751627 45.42688, -122.751632 45.42678, -122.75164 45.426689, -122.751662 45.425937, -122.751664 45.425492, -122.751667 45.425089)"
0,38,"LINESTRING (-122.751667 45.425089, -122.75167 45.424804, -122.751662 45.424725, -122.751651 45.424646, -122.751652 45.42425, -122.751653 45.424098, -122.75166 45.423921, -122.751702 45.423371, -122.751703 45.423275, -122.751726 45.422779, -122.751739 45.422495, -122.751741 45.42238, -122.751751 45.421952)"
0,38,"LINESTRING (-122.751751 45.421952, -122.751756 45.421743, -122.751764 45.421424, -122.751772 45.421149, -122.751787 45.420534, -122.751791 45.420475, -122.751787 45.420401, -122.751778 45.420344, -122.751761 45.420272, -122.75173 45.420179, -122.751712 45.42012, -122.751655 45.420031, -122.751607 45.419971, -122.751565 45.419926, -122.751522 45.419886, -122.751472 45.419843, -122.751419 45.419799, -122.751316 45.419733, -122.751233 45.419687, -122.750885 45.419538, -122.750757 45.419484, -122.750016 45.419168)"
0,38,"LINESTRING (-122.750016 45.419168, -122.749869 45.419106, -122.749822 45.419086, -122.749741 45.419047, -122.749665 45.419005, -122.7496 45.418964, -122.74953 45.418915, -122.749463 45.41886, -122.749396 45.418799, -122.74935 45.418746, -122.74929 45.418671, -122.749245 45.418607, -122.749202 45.418529, -122.74917 45.418453, -122.749138 45.418358, -122.749125 45.4183, -122.749116 45.41823, -122.749106 45.418155, -122.7491 45.417537)"
0,38,"LINESTRING (-122.7491 45.417537, -122.749097 45.417298, -122.749097 45.417231, -122.749091 45.416515, -122.749088 45.416193, -122.749087 45.415779)"
0,38,"LINESTRING (-122.749087 45.415779, -122.749087 45.415333, -122.749079 45.415235, -122.749071 45.415138, -122.749071 45.414527, -122.74907 45.413948, -122.74907 45.413486, -122.749068 45.413092, -122.749068 45.41308, -122.749067 45.41282, -122.749067 45.412666, -122.749066 45.412398, -122.749065 45.411986, -122.749065 45.411735, -122.749064 45.411602, -122.749062 45.411282)"
0,38,"LINESTRING (-122.749062 45.411282, -122.749061 45.411109, -122.749058 45.410811, -122.749053 45.410081, -122.749051 45.409858, -122.749049 45.409582, -122.749041 45.408662, -122.749037 45.408371, -122.74904 45.408039, -122.749038 45.407782)"
0,38,"LINESTRING (-122.749038 45.407782, -122.749036 45.407436, -122.749033 45.407061, -122.749029 45.406578, -122.749027 45.406272, -122.749023 45.405797, -122.749021 45.405649, -122.749019 45.405448)"
0,38,"LINESTRING (-122.749019 45.405448, -122.749017 45.405232, -122.749012 45.404982, -122.749014 45.404881, -122.749017 45.404807, -122.749028 45.404718, -122.749048 45.404642, -122.749076 45.404564, -122.749105 45.4045, -122.749144 45.404424, -122.749161 45.404397, -122.749188 45.404357, -122.749231 45.404301, -122.749276 45.404245, -122.74932 45.404193, -122.749373 45.404144, -122.749484 45.404046, -122.74963 45.403943, -122.749553 45.403884, -122.749434 45.403773, -122.749373 45.403703, -122.749339 45.403658, -122.749323 45.403636, -122.749263 45.403543, -122.749225 45.403472, -122.74919 45.40338, -122.749163 45.403301, -122.749145 45.403225, -122.749137 45.403144, -122.749136 45.403084, -122.749112 45.402217, -122.749102 45.401326, -122.7491 45.401192, -122.749095 45.401001, -122.749092 45.400876, -122.749084 45.400552)"
0,38,"LINESTRING (-122.749084 45.400552, -122.749084 45.400353, -122.749083 45.399982, -122.749091 45.399654, -122.749097 45.399355, -122.7491 45.39926)"
0,38,"LINESTRING (-122.7491 45.39926, -122.749105 45.399061, -122.749102 45.398957, -122.749101 45.398865, -122.74911 45.398583, -122.749108 45.398494, -122.749104 45.398421, -122.749167 45.398354, -122.749178 45.398163, -122.749186 45.398023, -122.749195 45.397888, -122.74913 45.397807, -122.749141 45.397756, -122.749158 45.397701, -122.749175 45.397655, -122.74921 45.397572, -122.749237 45.397517, -122.74931 45.397408, -122.749388 45.397313, -122.749634 45.39709)"
0,38,"LINESTRING (-122.749634 45.39709, -122.749793 45.396946, -122.749847 45.396889, -122.749917 45.39679, -122.749999 45.396658, -122.750023 45.396607, -122.750053 45.39651, -122.750074 45.396402, -122.750089 45.396298, -122.750083 45.396197, -122.750065 45.396106, -122.750041 45.39601, -122.75001 45.395959, -122.74993 45.395851, -122.749764 45.395673, -122.749352 45.395273, -122.749241 45.39516, -122.749156 45.395052, -122.748957 45.395121, -122.748689 45.39515, -122.74869 45.395009, -122.748678 45.39477)"
0,38,"LINESTRING (-122.748669 45.394609, -122.748682 45.394517, -122.748576 45.394184, -122.748571 45.394137, -122.74858 45.394099, -122.748592 45.394063, -122.748621 45.394039, -122.748647 45.394022, -122.748695 45.394009, -122.748756 45.393996, -122.748969 45.393947, -122.748981 45.394581, -122.74899 45.394666)"
1,38,"LINESTRING (-122.748992 45.394675, -122.749022 45.394805, -122.749067 45.394906, -122.749156 45.395052, -122.749241 45.39516, -122.749352 45.395273, -122.749764 45.395673, -122.74993 45.395851, -122.75001 45.395959, -122.750041 45.39601, -122.750065 45.396106, -122.750083 45.396197, -122.750089 45.396298, -122.750074 45.396402, -122.750053 45.39651, -122.750023 45.396607, -122.749999 45.396658, -122.749917 45.39679, -122.749847 45.396889, -122.749793 45.396946, -122.749388 45.397313, -122.74931 45.397408, -122.749237 45.397517, -122.74921 45.397572, -122.749175 45.397655, -122.749158 45.397699)"
1,38,"LINESTRING (-122.749158 45.397699, -122.749158 45.397701, -122.749141 45.397756, -122.74913 45.397807, -122.749033 45.39787, -122.749028 45.397949, -122.749032 45.398034, -122.74904 45.39811, -122.749069 45.398349, -122.749104 45.398421, -122.749108 45.398494, -122.74911 45.398583, -122.749102 45.398818)"
1,38,"LINESTRING (-122.749102 45.398818, -122.749101 45.398865, -122.749102 45.398957, -122.749105 45.399061, -122.749097 45.399355, -122.749091 45.399654, -122.749083 45.399982, -122.749084 45.400353, -122.749084 45.400552, -122.749092 45.400876, -122.749095 45.401001, -122.7491 45.401192, -122.749101 45.401287)"
1,38,"LINESTRING (-122.749101 45.401287, -122.749112 45.402217, -122.749136 45.403084, -122.749137 45.403144, -122.749145 45.403225, -122.749163 45.403301, -122.74919 45.40338, -122.749225 45.403472, -122.749263 45.403543, -122.749323 45.403636, -122.749339 45.403658, -122.749373 45.403703, -122.749434 45.403773, -122.749516 45.40385)"
1,38,"LINESTRING (-122.749516 45.40385, -122.749553 45.403884, -122.74963 45.403943, -122.749484 45.404046, -122.749373 45.404144, -122.74932 45.404193, -122.749276 45.404245, -122.749231 45.404301, -122.749188 45.404357, -122.749161 45.404397, -122.749144 45.404424, -122.749105 45.4045, -122.749076 45.404564, -122.749048 45.404642, -122.749028 45.404718, -122.749017 45.404807, -122.749014 45.404881, -122.749012 45.404982, -122.749017 45.405232, -122.749021 45.405649, -122.749023 45.405797, -122.749027 45.406223)"
1,38,"LINESTRING (-122.749027 45.406223, -122.749027 45.406272, -122.749029 45.406578, -122.749033 45.407061, -122.749036 45.407436, -122.749039 45.407907)"
1,38,"LINESTRING (-122.749039 45.407907, -122.74904 45.408039, -122.749037 45.408371, -122.749041 45.408662, -122.749049 45.409582, -122.749051 45.409858, -122.749053 45.410081, -122.749058 45.410811, -122.749061 45.411109, -122.749063 45.411471)"
1,38,"LINESTRING (-122.749063 45.411471, -122.749064 45.411602, -122.749065 45.411735, -122.749065 45.411986, -122.749066 45.412398, -122.749067 45.412666, -122.749067 45.41282, -122.749068 45.41308, -122.749068 45.413092, -122.74907 45.413486, -122.74907 45.413948, -122.749071 45.414527, -122.749071 45.415043)"
1,38,"LINESTRING (-122.749071 45.415043, -122.749071 45.415138, -122.749079 45.415235, -122.749087 45.415333, -122.749088 45.416193, -122.749091 45.416515, -122.749097 45.417231, -122.749097 45.417298, -122.749101 45.417594)"
1,38,"LINESTRING (-122.749101 45.417594, -122.749106 45.418155, -122.749116 45.41823, -122.749125 45.4183, -122.749138 45.418358, -122.74917 45.418453, -122.749202 45.418529, -122.749245 45.418607, -122.74929 45.418671, -122.74935 45.418746, -122.749396 45.418799, -122.749463 45.41886, -122.74953 45.418915, -122.7496 45.418964, -122.749665 45.419005, -122.749741 45.419047, -122.749822 45.419086, -122.749869 45.419106, -122.750171 45.419235)"
1,38,"LINESTRING (-122.750171 45.419235, -122.750757 45.419484, -122.750885 45.419538, -122.751233 45.419687, -122.751316 45.419733, -122.751419 45.419799, -122.751472 45.419843, -122.751522 45.419886, -122.751565 45.419926, -122.751607 45.419971, -122.751655 45.420031, -122.751712 45.42012, -122.75173 45.420179, -122.751761 45.420272, -122.751778 45.420344, -122.751787 45.420401, -122.751791 45.420475, -122.751787 45.420534, -122.751772 45.421149, -122.751768 45.421288)"
1,38,"LINESTRING (-122.751768 45.421288, -122.751764 45.421424, -122.751756 45.421743, -122.751741 45.42238, -122.751739 45.422495, -122.751726 45.422779, -122.751703 45.423275, -122.751702 45.423371, -122.75166 45.423921, -122.751653 45.424098, -122.751652 45.42425, -122.751651 45.424468)"
1,38,"LINESTRING (-122.751651 45.424468, -122.751651 45.424646, -122.751662 45.424725, -122.751447 45.424697, -122.751335 45.4247, -122.751037 45.424712, -122.750921 45.424729, -122.750653 45.424772, -122.750494 45.424796, -122.750377 45.424805, -122.750182 45.424811, -122.75 45.42479, -122.749828 45.42474, -122.749663 45.424663, -122.74952 45.424574, -122.749384 45.424463, -122.749248 45.424338, -122.749115 45.424185, -122.748917 45.424065, -122.747651 45.422656, -122.747241 45.422252, -122.747096 45.422155, -122.746817 45.421965, -122.7466 45.421844, -122.746307 45.421708, -122.745998 45.421582, -122.745565 45.421429, -122.745453 45.42139, -122.745268 45.421391, -122.745054 45.421312, -122.74462 45.421162, -122.743704 45.420859, -122.743583 45.420819, -122.743046 45.420623, -122.742944 45.420585, -122.742604 45.420461, -122.742274 45.420359, -122.741975 45.420266, -122.741756 45.420198, -122.741333 45.420064, -122.740966 45.419937, -122.740492 45.419774, -122.74034 45.419673, -122.740134 45.419611, -122.739979 45.419564, -122.739754 45.419501, -122.73943 45.419415, -122.73925 45.419366, -122.738997 45.419293, -122.73881 45.419255)"
1,38,"LINESTRING (-122.73881 45.419255, -122.738739 45.419241, -122.738415 45.419179, -122.738257 45.419153, -122.737941 45.419105, -122.7376 45.41906, -122.737207 45.419015, -122.736926 45.418992, -122.736662 45.418971, -122.736297 45.418952, -122.735956 45.41894, -122.735465 45.418931, -122.733729 45.418917, -122.732527 45.418907, -122.732087 45.418903, -122.731936 45.418899, -122.731796 45.418896, -122.731338 45.418895, -122.731292 45.418895)"
1,38,"LINESTRING (-122.731292 45.418895, -122.73042 45.418891, -122.729484 45.418885, -122.728096 45.418874, -122.727683 45.418863, -122.727281 45.418849, -122.726718 45.418808, -122.72639 45.418777, -122.726122 45.418745, -122.725741 45.418693, -122.725511 45.418657, -122.725192 45.418599, -122.725003 45.418565, -122.724954 45.418554, -122.724645 45.418487, -122.72462 45.418481, -122.724479 45.418447)"
1,38,"LINESTRING (-122.724479 45.418447, -122.724255 45.418394, -122.724121 45.418357, -122.723935 45.418308, -122.723057 45.418036, -122.722074 45.417702, -122.721257 45.417425, -122.720031 45.417007, -122.719858 45.416948, -122.719436 45.416805, -122.71933 45.416765, -122.719227 45.416728, -122.718806 45.416587)"
1,38,"LINESTRING (-122.718806 45.416587, -122.718711 45.416555, -122.71839 45.416452, -122.718005 45.416321, -122.717856 45.416272, -122.717323 45.416092, -122.715956 45.415624, -122.715887 45.415715, -122.715862 45.415748, -122.715741 45.415795, -122.715359 45.416252, -122.715352 45.416348, -122.715193 45.416539, -122.714963 45.416802, -122.714959 45.416807)"
1,38,"LINESTRING (-122.714959 45.416807, -122.714885 45.416889, -122.714805 45.416976, -122.714674 45.417113, -122.71449 45.417306, -122.714356 45.41744, -122.714236 45.417476, -122.71403 45.41768, -122.71333 45.418361, -122.713306 45.418466, -122.713153 45.418607, -122.713058 45.418697, -122.712874 45.418881)"
1,38,"LINESTRING (-122.712874 45.418881, -122.712668 45.419086, -122.71231 45.419461, -122.712119 45.419666, -122.711908 45.419896, -122.71163 45.42021, -122.711349 45.420533, -122.711038 45.420909, -122.710806 45.421187, -122.710587 45.421454, -122.710545 45.421505)"
1,38,"LINESTRING (-122.710545 45.421505, -122.709994 45.422181, -122.709902 45.422295, -122.709713 45.422522, -122.709431 45.422867, -122.709286 45.42303, -122.709116 45.423243, -122.709015 45.423354, -122.708745 45.423649, -122.70861 45.423779, -122.708566 45.423824, -122.708355 45.424036, -122.708246 45.424143, -122.708217 45.42417, -122.707877 45.424487, -122.707988 45.424551, -122.708004 45.424563, -122.708025 45.424584, -122.708046 45.424611, -122.708066 45.424642, -122.708079 45.424674, -122.70809 45.424726, -122.708094 45.424775, -122.70809 45.424818, -122.708069 45.424877, -122.708052 45.424919, -122.708031 45.424967, -122.708002 45.425021, -122.707964 45.425076, -122.707859 45.425207, -122.707801 45.425262, -122.707712 45.42536, -122.707662 45.425415, -122.707622 45.425458, -122.707591 45.425492, -122.707565 45.425528, -122.707518 45.425598, -122.707468 45.425692, -122.707443 45.425744, -122.707406 45.425839, -122.707232 45.426283, -122.707224 45.426304)"
1,38,"LINESTRING (-122.707224 45.426304, -122.707009 45.426832, -122.706891 45.427112, -122.706782 45.42736, -122.706742 45.427456, -122.70671 45.427542, -122.706681 45.427625, -122.706651 45.427731, -122.706637 45.427812, -122.70663 45.427898, -122.706627 45.428005, -122.706635 45.428052, -122.706658 45.428104, -122.706692 45.428163, -122.706727 45.428209, -122.706774 45.428259, -122.706816 45.428297, -122.706919 45.428363, -122.706999 45.428402, -122.707067 45.428438, -122.707147 45.428462, -122.707209 45.428473)"
1,38,"LINESTRING (-122.707209 45.428473, -122.707302 45.42849, -122.707481 45.428498, -122.707602 45.428488, -122.707781 45.428452, -122.707864 45.428423, -122.708102 45.428301, -122.70822 45.428213, -122.708324 45.4281, -122.708414 45.427972, -122.70868 45.427579, -122.708801 45.427446, -122.708927 45.427334, -122.709101 45.427218, -122.709252 45.427147, -122.709414 45.427088, -122.709555 45.42705, -122.709721 45.427026, -122.709937 45.427018, -122.71019 45.427038, -122.710343 45.427064, -122.710436 45.427089, -122.710597 45.427149, -122.710722 45.427212, -122.710821 45.427274, -122.710931 45.427358, -122.711054 45.427456, -122.711519 45.427857, -122.711696 45.427996, -122.71184 45.428093, -122.712067 45.428212, -122.712198 45.428266, -122.712313 45.428302, -122.712343 45.428309)"
1,38,"LINESTRING (-122.712343 45.428309, -122.712471 45.428336, -122.712634 45.428361, -122.712817 45.428373, -122.71292 45.428373, -122.713091 45.42836, -122.713188 45.428347, -122.713273 45.428331, -122.713654 45.428247, -122.71402 45.428146, -122.714176 45.428105, -122.714284 45.428086, -122.714513 45.428061, -122.714669 45.428058, -122.714747 45.428063)"
1,38,"LINESTRING (-122.714747 45.428063, -122.714782 45.428066, -122.714912 45.428081, -122.714988 45.428094, -122.715046 45.428144, -122.715117 45.428165, -122.715181 45.428187, -122.715241 45.42821, -122.715362 45.42826, -122.715468 45.428275, -122.715516 45.428305, -122.715597 45.428357, -122.71568 45.428414, -122.715849 45.428531, -122.715958 45.428609, -122.716023 45.428655, -122.71617 45.428756)"
1,38,"LINESTRING (-122.71617 45.428756, -122.716415 45.428925, -122.716709 45.42913, -122.716902 45.429271, -122.717041 45.429387, -122.717122 45.429464, -122.717195 45.429544, -122.717267 45.429624, -122.717331 45.429707, -122.717378 45.429776, -122.717448 45.429891, -122.7175 45.429972, -122.717791 45.430495, -122.717852 45.430594, -122.71791 45.430679, -122.717971 45.430757, -122.718052 45.430858, -122.718069 45.430882, -122.718159 45.430968, -122.718067 45.431011, -122.718018 45.431031, -122.717952 45.431048, -122.717892 45.43106, -122.717829 45.431069, -122.717771 45.431074, -122.717719 45.431074, -122.717658 45.43107, -122.717603 45.431059, -122.717542 45.431044, -122.717491 45.431029, -122.717452 45.431013, -122.717372 45.430977, -122.717247 45.430915, -122.717051 45.430803, -122.717008 45.430782, -122.716966 45.430766, -122.71692 45.430752, -122.716846 45.430733, -122.716793 45.430723, -122.716735 45.430718, -122.716683 45.430716, -122.716636 45.430717, -122.716559 45.430723, -122.71651 45.430733, -122.716457 45.430743, -122.716401 45.430759, -122.716387 45.430764, -122.716353 45.430776)"
1,38,"LINESTRING (-122.716353 45.430776, -122.716319 45.43079, -122.716288 45.430807, -122.716229 45.430851, -122.716199 45.430877, -122.716162 45.430913, -122.716132 45.430949, -122.716107 45.43098, -122.716056 45.43106, -122.716012 45.431176, -122.715992 45.431292)"
1,38,"LINESTRING (-122.715992 45.431292, -122.715984 45.431338, -122.715968 45.431419, -122.715958 45.431497, -122.715947 45.431622, -122.715946 45.432019, -122.715945 45.432046)"
1,38,"LINESTRING (-122.715945 45.432046, -122.715943 45.432084, -122.715932 45.432186, -122.715922 45.432234, -122.715908 45.43231, -122.715896 45.432372, -122.715886 45.432438, -122.715875 45.432501, -122.715868 45.432575, -122.715868 45.43259, -122.715865 45.432651, -122.715876 45.432785, -122.715887 45.43285, -122.715897 45.432896, -122.715899 45.432905, -122.71591 45.432948, -122.715929 45.433003, -122.715962 45.43308, -122.715987 45.433134, -122.716011 45.433182, -122.716045 45.433242, -122.716086 45.433305, -122.716125 45.43336, -122.716186 45.433437, -122.716356 45.433632, -122.716417 45.433716, -122.716426 45.433741, -122.716433 45.433783, -122.716436 45.43383, -122.716411 45.433908, -122.716389 45.433956, -122.716357 45.434015, -122.716329 45.434055, -122.716282 45.434118, -122.716214 45.434193, -122.716136 45.434266, -122.715682 45.434647, -122.715616 45.434704, -122.715583 45.434733)"
1,38,"LINESTRING (-122.715583 45.434733, -122.715494 45.434829, -122.715276 45.434691, -122.715134 45.434615, -122.715109 45.43456, -122.715022 45.434526, -122.71493 45.434493, -122.714822 45.434458, -122.71473 45.434431, -122.714657 45.434434, -122.714587 45.43441, -122.714527 45.434389, -122.714438 45.434355, -122.714374 45.434329, -122.714184 45.434241, -122.714123 45.434209, -122.714047 45.43416, -122.713971 45.434109, -122.713837 45.43402, -122.71373 45.433945, -122.713659 45.433896, -122.713615 45.433868, -122.713554 45.433834, -122.713474 45.433796, -122.713388 45.433759, -122.71328 45.43372, -122.713199 45.433695, -122.713104 45.433671, -122.713031 45.433656, -122.712934 45.433639, -122.712885 45.433634, -122.712777 45.433621, -122.712665 45.433617, -122.712574 45.433615, -122.712488 45.433617, -122.712423 45.433617, -122.71233 45.43363, -122.712219 45.433653, -122.712155 45.433669)"
1,38,"LINESTRING (-122.712155 45.433669, -122.712099 45.433682, -122.712033 45.433679, -122.711781 45.433756, -122.711727 45.433807, -122.711522 45.433866, -122.711322 45.433917, -122.711245 45.433932, -122.711106 45.433946, -122.71077 45.433962, -122.710503 45.433966, -122.710284 45.433961, -122.710072 45.433947, -122.710001 45.433936)"
1,38,"LINESTRING (-122.710001 45.433936, -122.709839 45.433912, -122.709588 45.433866, -122.709395 45.433824, -122.709282 45.433791, -122.708868 45.433647, -122.708863 45.433607, -122.708614 45.433476, -122.708526 45.433459, -122.708374 45.433366, -122.70828 45.433309, -122.708188 45.433373, -122.708076 45.433445, -122.707933 45.433523, -122.707877 45.43355, -122.707814 45.433576, -122.707758 45.433596, -122.707709 45.43361, -122.707691 45.433615)"
1,38,"LINESTRING (-122.707691 45.433615, -122.707614 45.433635, -122.707539 45.433646, -122.707463 45.433655, -122.707338 45.433663, -122.707306 45.433441, -122.707261 45.433333, -122.707183 45.433233, -122.70699 45.433001, -122.706849 45.432771, -122.706437 45.431603, -122.70632 45.431299, -122.706221 45.431021, -122.706175 45.430937, -122.7061 45.430853, -122.706015 45.430777, -122.705903 45.430695, -122.70576 45.43063, -122.705702 45.430611, -122.705595 45.430576, -122.705538 45.430568)"
1,38,"LINESTRING (-122.705538 45.430568, -122.705414 45.43055, -122.705194 45.430554, -122.704982 45.430589, -122.70481 45.430633, -122.704686 45.430686, -122.704592 45.430724, -122.704523 45.430766, -122.70438 45.430884, -122.704298 45.431001, -122.704262 45.431077, -122.704229 45.431182, -122.704229 45.431241)"
1,38,"LINESTRING (-122.704229 45.431241, -122.704232 45.431446, -122.704235 45.431561, -122.704218 45.431682, -122.7042 45.431739, -122.704149 45.431856, -122.703765 45.43239, -122.703635 45.432371, -122.703083 45.432278, -122.702974 45.43226)"
1,38,"LINESTRING (-122.702974 45.43226, -122.70252 45.432183, -122.702393 45.432165, -122.702371 45.432239, -122.702233 45.432642, -122.702183 45.432778, -122.702164 45.432822, -122.702136 45.432873, -122.702106 45.43292, -122.70208 45.432953, -122.702039 45.432999, -122.701851 45.433162, -122.701789 45.433213, -122.701617 45.433329, -122.700891 45.433767, -122.700355 45.434108, -122.700069 45.4343, -122.700009 45.434339, -122.699338 45.434776, -122.699118 45.434924)"
1,38,"LINESTRING (-122.699118 45.434924, -122.698537 45.435314, -122.69794 45.435714, -122.697676 45.435884, -122.697543 45.43596, -122.697388 45.436034, -122.697311 45.436073, -122.697167 45.436131, -122.697164 45.436133)"
1,38,"LINESTRING (-122.697164 45.436133, -122.696998 45.436191, -122.696775 45.436267, -122.696529 45.436346, -122.696036 45.436509, -122.695915 45.436548, -122.695408 45.436714, -122.69472 45.436943, -122.694586 45.43699, -122.694037 45.437181, -122.69256 45.437795, -122.692477 45.437828)"
1,38,"LINESTRING (-122.692477 45.437828, -122.692055 45.437994, -122.691961 45.438028, -122.690794 45.438516, -122.690634 45.438583, -122.690394 45.438691, -122.690086 45.438821, -122.689882 45.438902, -122.689686 45.43897, -122.689514 45.439026, -122.689324 45.439083, -122.689051 45.439153, -122.688776 45.439209, -122.688616 45.43924, -122.688464 45.439265, -122.687846 45.439371, -122.687212 45.439477, -122.687043 45.439509, -122.68689 45.439545, -122.686713 45.439609, -122.686649 45.439632, -122.686437 45.439744, -122.686422 45.439752)"
1,38,"LINESTRING (-122.686422 45.439752, -122.686274 45.439833, -122.6858 45.440087, -122.685728 45.440135, -122.685667 45.440187, -122.685588 45.440261, -122.685549 45.440332, -122.685516 45.440413, -122.685505 45.44048, -122.685493 45.440563, -122.685505 45.44063, -122.685533 45.440713, -122.685569 45.440781, -122.685616 45.440848, -122.685669 45.440916, -122.686021 45.441436, -122.686386 45.441925, -122.686407 45.441963, -122.686424 45.442011, -122.686454 45.442105, -122.68652 45.442351, -122.686546 45.442461, -122.686576 45.442596, -122.686638 45.442846, -122.686658 45.442944, -122.686692 45.443106, -122.686717 45.443267, -122.686729 45.443395, -122.686727 45.443578, -122.686718 45.443652, -122.686713 45.443679)"
1,38,"LINESTRING (-122.686713 45.443679, -122.686702 45.443735, -122.686675 45.443831, -122.686497 45.444453, -122.686409 45.444783)"
1,38,"LINESTRING (-122.686409 45.444783, -122.686398 45.444826, -122.686358 45.445004, -122.686353 45.445088, -122.686359 45.445153, -122.686373 45.445224, -122.686383 45.445274, -122.68645 45.445449, -122.686486 45.445516, -122.686516 45.445561, -122.686568 45.445634, -122.686633 45.445714, -122.686885 45.446062, -122.686986 45.446223, -122.687048 45.446332, -122.687084 45.446412)"
1,38,"LINESTRING (-122.687084 45.446412, -122.68709 45.446426, -122.687119 45.446507, -122.687133 45.446556, -122.687147 45.446612, -122.687151 45.446685, -122.687151 45.446772, -122.687144 45.446855, -122.687124 45.446953, -122.687089 45.447097, -122.687059 45.447188, -122.687012 45.447306, -122.686958 45.447413, -122.686937 45.447453, -122.686762 45.447798, -122.686719 45.447886, -122.686467 45.448397, -122.686227 45.448899)"
1,38,"LINESTRING (-122.686227 45.448899, -122.686127 45.44912, -122.686002 45.449353, -122.685811 45.449736, -122.685739 45.449874, -122.685651 45.449997, -122.68555 45.450128, -122.685491 45.450212, -122.685418 45.450295, -122.685322 45.450395, -122.685208 45.450492, -122.685062 45.450594, -122.68472 45.450837, -122.684396 45.451079, -122.683913 45.451423, -122.683596 45.451633, -122.683317 45.451789, -122.683263 45.451815)"
1,38,"LINESTRING (-122.683263 45.451815, -122.683023 45.45193, -122.68288 45.451992, -122.682629 45.452107, -122.682505 45.452172, -122.682421 45.452226, -122.682338 45.452283, -122.682215 45.452391, -122.682147 45.452457, -122.682055 45.452588, -122.682011 45.452656, -122.681972 45.452742, -122.681938 45.452841, -122.681919 45.452958, -122.681915 45.453024, -122.681916 45.453121, -122.681936 45.453225, -122.681972 45.45335, -122.681963 45.453405, -122.682023 45.45351, -122.682065 45.453592, -122.682082 45.453674, -122.682069 45.453727, -122.682167 45.453775, -122.682313 45.453844, -122.68251 45.453916, -122.682607 45.453958)"
1,38,"LINESTRING (-122.682607 45.453958, -122.682911 45.454088, -122.683134 45.454179, -122.683415 45.454309, -122.683513 45.454367, -122.683584 45.454413, -122.683695 45.454498, -122.683817 45.45463, -122.683908 45.454744, -122.684061 45.455001, -122.684386 45.455547, -122.684746 45.456129)"
1,38,"LINESTRING (-122.684746 45.456129, -122.684748 45.456133, -122.684831 45.456304, -122.684902 45.456466, -122.68494 45.456617, -122.684954 45.456765, -122.684961 45.457006, -122.684956 45.457392)"
1,38,"LINESTRING (-122.684956 45.457392, -122.684955 45.4575, -122.684959 45.458109, -122.68496 45.458735, -122.684973 45.459427)"
1,38,"LINESTRING (-122.684973 45.459427, -122.684975 45.459529, -122.684973 45.461061)"
1,38,"LINESTRING (-122.684973 45.461061, -122.684973 45.461157, -122.684971 45.461613, -122.684966 45.461762, -122.684962 45.461861, -122.684957 45.461962, -122.684963 45.46235, -122.684965 45.462441, -122.684963 45.462572, -122.684962 45.462726, -122.684961 45.462812)"
1,38,"LINESTRING (-122.684961 45.462812, -122.68496 45.462842, -122.684959 45.462951, -122.684956 45.462978, -122.684943 45.463037, -122.684926 45.463091, -122.684894 45.46318, -122.684842 45.463285, -122.684831 45.463303, -122.684792 45.463363, -122.684749 45.463413, -122.684661 45.463503, -122.684553 45.463586, -122.684455 45.463638, -122.68438 45.463677, -122.684257 45.463738, -122.684079 45.463813, -122.683988 45.463856, -122.683922 45.463888, -122.683847 45.463934, -122.683777 45.463992, -122.683687 45.464094)"
1,38,"LINESTRING (-122.683687 45.464094, -122.683628 45.464199, -122.683576 45.46433, -122.683546 45.46446, -122.683504 45.46468, -122.683478 45.465426, -122.683446 45.466225, -122.683449 45.466388, -122.683474 45.466507, -122.683503 45.466598, -122.683555 45.466704, -122.683619 45.466803, -122.683696 45.46689, -122.683802 45.466984, -122.683902 45.467056, -122.684004 45.467112, -122.684191 45.467194, -122.684371 45.467259, -122.684477 45.467297, -122.684587 45.467335, -122.684791 45.467423)"
1,38,"LINESTRING (-122.684791 45.467423, -122.684856 45.467456, -122.684876 45.467466, -122.684903 45.467488, -122.68534 45.467826, -122.685611 45.468032, -122.685864 45.468234, -122.685987 45.468331, -122.686073 45.468406, -122.686161 45.468497, -122.686222 45.468564, -122.686276 45.468639, -122.686318 45.468698, -122.686347 45.468758, -122.686371 45.468808, -122.686394 45.468868, -122.686408 45.468935, -122.686417 45.468991, -122.686423 45.469075, -122.686421 45.469146, -122.686415 45.469199, -122.686397 45.469276, -122.686362 45.46936, -122.68625 45.469596, -122.68611 45.469896, -122.686059 45.470001, -122.685727 45.470689, -122.685677 45.470811, -122.685656 45.47086, -122.68563 45.470919, -122.685609 45.471016, -122.685349 45.471015, -122.684974 45.471011)"
1,38,"LINESTRING (-122.684974 45.471011, -122.684611 45.471008, -122.68448 45.471008, -122.683535 45.471, -122.682899 45.470993, -122.682681 45.470994, -122.682518 45.471003, -122.682325 45.47102, -122.682144 45.471043, -122.681983 45.471066, -122.681838 45.471091, -122.681524 45.471165, -122.681355 45.471216, -122.68113 45.47129, -122.680951 45.471374, -122.680765 45.47146, -122.680653 45.471521)"
1,38,"LINESTRING (-122.680653 45.471521, -122.680457 45.471626, -122.680075 45.4719, -122.679941 45.472017, -122.679799 45.47215, -122.679683 45.472283, -122.679629 45.472348, -122.679522 45.472496, -122.679418 45.472667, -122.679351 45.472806, -122.679285 45.472979, -122.679311 45.473062, -122.679272 45.473232, -122.679241 45.473374, -122.679229 45.473546, -122.67923 45.473688, -122.679239 45.473806, -122.67926 45.473954, -122.679283 45.474135, -122.679354 45.474658, -122.679441 45.475204, -122.679476 45.47538, -122.67967 45.476739, -122.679684 45.476814, -122.679713 45.477017, -122.679732 45.477115, -122.679786 45.477471)"
1,38,"LINESTRING (-122.679786 45.477471, -122.680042 45.479148, -122.68019 45.480131, -122.680205 45.480235, -122.680224 45.480322, -122.680242 45.480448)"
1,38,"LINESTRING (-122.680242 45.480448, -122.680269 45.480631, -122.680326 45.481004, -122.680393 45.481433, -122.680532 45.482285, -122.680693 45.483312, -122.680738 45.483509, -122.680779 45.48364, -122.680825 45.483746, -122.680876 45.483856, -122.680935 45.483951, -122.681016 45.484074, -122.681187 45.484301, -122.681433 45.484592, -122.681621 45.484806, -122.681773 45.48499, -122.681864 45.485111, -122.681915 45.48519, -122.68196 45.48527, -122.681997 45.485344, -122.682057 45.485476, -122.682089 45.485587, -122.682581 45.487005, -122.682529 45.487087, -122.68257 45.487272, -122.682595 45.487385, -122.682618 45.487501)"
1,38,"LINESTRING (-122.682618 45.487501, -122.682711 45.487587, -122.682721 45.487664, -122.68273 45.487733, -122.682743 45.48786, -122.682767 45.488325, -122.682772 45.488459, -122.68277 45.48853, -122.682765 45.488594, -122.682755 45.488656, -122.682742 45.488718, -122.682728 45.488775, -122.68271 45.488831, -122.682684 45.488894, -122.682665 45.488938, -122.682638 45.488991, -122.682604 45.489054, -122.68256 45.489125, -122.682521 45.489185, -122.682466 45.489259, -122.682404 45.489333, -122.682355 45.489389, -122.6823 45.489447, -122.682194 45.489548, -122.682088 45.489639, -122.681983 45.489722, -122.681875 45.489796, -122.681786 45.489853, -122.681753 45.489873, -122.681607 45.489957, -122.68147 45.490026, -122.681312 45.490097, -122.681142 45.490162, -122.68095 45.490231, -122.680794 45.490279, -122.680691 45.490308, -122.680598 45.490331, -122.680423 45.490372, -122.680215 45.490417, -122.67943 45.49058, -122.679292 45.490611, -122.679164 45.490642, -122.679056 45.490673, -122.678954 45.490705, -122.678814 45.490757, -122.678593 45.490843, -122.678454 45.490843, -122.678293 45.490915, -122.678206 45.490962, -122.67813 45.491004, -122.678028 45.49107, -122.677919 45.491152, -122.677808 45.491239, -122.677769 45.491269)"
1,38,"LINESTRING (-122.677769 45.491269, -122.677646 45.491361, -122.677548 45.491447, -122.677453 45.491537, -122.677304 45.491698, -122.677171 45.491872, -122.677099 45.491981, -122.677028 45.492101, -122.676964 45.492233, -122.676902 45.492386, -122.676858 45.492525, -122.676832 45.492655, -122.676811 45.492796, -122.676799 45.492977, -122.676882 45.493117, -122.676904 45.49327, -122.676926 45.493379, -122.677033 45.493846, -122.677155 45.494352, -122.677185 45.494472, -122.677205 45.494539, -122.677231 45.494612, -122.67728 45.494733, -122.677347 45.494857, -122.677413 45.494964, -122.677509 45.495112, -122.677575 45.495212, -122.677669 45.495335, -122.677703 45.49538, -122.677672 45.4955, -122.677716 45.495617, -122.677771 45.495789, -122.677789 45.495849, -122.67781 45.495934, -122.677814 45.495958, -122.677829 45.496065, -122.677835 45.49617, -122.677836 45.496307, -122.677825 45.496478, -122.677812 45.496758, -122.677802 45.496981, -122.677756 45.497701, -122.677739 45.497973, -122.677697 45.498676, -122.677668 45.499379, -122.677702 45.499479, -122.677702 45.499633, -122.677708 45.499921, -122.677712 45.500117, -122.677717 45.50035, -122.677729 45.500755, -122.67773 45.501163, -122.677725 45.501457, -122.677715 45.502105)"
1,38,"LINESTRING (-122.677715 45.502105, -122.677712 45.50232, -122.677687 45.502356, -122.677685 45.502478, -122.677668 45.503406, -122.677663 45.503612, -122.677642 45.504014, -122.677606 45.504598, -122.677576 45.505179, -122.677547 45.505766, -122.677532 45.506117, -122.677558 45.506196, -122.677533 45.507189, -122.677529 45.507477, -122.677519 45.507722, -122.677507 45.507939, -122.677505 45.507961, -122.677503 45.508006, -122.677501 45.508031, -122.67743 45.508093, -122.677414 45.50822, -122.677394 45.508317, -122.677365 45.508432, -122.677342 45.508516, -122.677311 45.508615, -122.677277 45.508714, -122.677244 45.508798, -122.67719 45.508917, -122.677161 45.508978, -122.676996 45.509284)"
1,38,"LINESTRING (-122.676996 45.509284, -122.676953 45.509364, -122.676975 45.50946, -122.67697 45.509472, -122.676932 45.50955, -122.676927 45.509561, -122.676839 45.509748, -122.676785 45.509857, -122.676362 45.510641, -122.676303 45.510749, -122.676126 45.511046, -122.675981 45.511095, -122.67597 45.51111, -122.675799 45.511347, -122.675844 45.51146, -122.675797 45.511529, -122.675514 45.512039, -122.675476 45.512124, -122.675327 45.512205, -122.675181 45.512475, -122.675014 45.512784, -122.674805 45.513168, -122.674726 45.513314, -122.674734 45.513348, -122.67474 45.513368, -122.674759 45.513396, -122.674785 45.513423, -122.674814 45.513483, -122.675699 45.513718, -122.675785 45.513741, -122.67608 45.513819)"
1,38,"LINESTRING (-122.67608 45.513819, -122.67672 45.51399, -122.676898 45.514037, -122.677739 45.51426, -122.678727 45.514523, -122.679003 45.514597, -122.679136 45.514632, -122.679648 45.514768, -122.67973 45.51479, -122.679765 45.514799, -122.679848 45.514821, -122.680662 45.515038, -122.680734 45.515057, -122.68079 45.515072, -122.680919 45.515106, -122.681638 45.515297)"
1,38,"LINESTRING (-122.681638 45.515297, -122.681784 45.515336, -122.682772 45.515599, -122.683303 45.51574, -122.683805 45.515874)"
0,39,"LINESTRING (-122.692949 45.47891, -122.692714 45.479003, -122.692449 45.47909, -122.692018 45.479251, -122.691088 45.479596, -122.690884 45.479672, -122.690584 45.479779, -122.690073 45.47997, -122.689845 45.480052, -122.689692 45.480104, -122.689529 45.480146, -122.689457 45.480164, -122.689382 45.480182, -122.689298 45.480201, -122.689204 45.480217, -122.689113 45.480232, -122.689023 45.480242, -122.688944 45.480248, -122.688785 45.480255, -122.688701 45.480258, -122.688639 45.480256, -122.688555 45.480253, -122.688457 45.480247, -122.688022 45.480203, -122.687723 45.480173, -122.687578 45.48016, -122.687436 45.480151, -122.687343 45.480149, -122.687291 45.480151)"
0,39,"LINESTRING (-122.687291 45.480151, -122.68725 45.480153, -122.687153 45.480162, -122.687048 45.480182, -122.687091 45.480076, -122.687211 45.4797, -122.687216 45.479652, -122.687217 45.479586, -122.687208 45.479513, -122.687182 45.479444, -122.687155 45.479389, -122.687124 45.479347, -122.687078 45.479303, -122.687029 45.479254, -122.686969 45.479213, -122.686895 45.479169, -122.68684 45.479144, -122.686771 45.479119, -122.686705 45.479099, -122.686631 45.479083, -122.686573 45.479071, -122.686445 45.479061, -122.685868 45.479056, -122.685821 45.479055, -122.685704 45.479049, -122.685585 45.479036, -122.685436 45.479012, -122.685339 45.478989, -122.685237 45.478958, -122.685142 45.478924, -122.684947 45.478834, -122.684851 45.478773, -122.684715 45.478675, -122.684607 45.478574, -122.684529 45.47847, -122.684454 45.478348, -122.68441 45.478251, -122.684384 45.478181, -122.684366 45.478117, -122.684359 45.477895, -122.68437 45.477239, -122.684369 45.477183)"
0,39,"LINESTRING (-122.684369 45.477183, -122.684366 45.476926, -122.68437 45.476853, -122.684384 45.476777, -122.684394 45.476734, -122.684418 45.476662, -122.684449 45.476582, -122.684501 45.476481, -122.684586 45.476369, -122.684652 45.476297, -122.68472 45.476239, -122.684794 45.476177, -122.684861 45.47613, -122.684944 45.476078, -122.685041 45.476024, -122.685221 45.475939, -122.685298 45.475893, -122.685353 45.475852, -122.685418 45.475786, -122.685443 45.475749, -122.685464 45.475713, -122.68549 45.475654, -122.685501 45.475614, -122.685509 45.475564, -122.685509 45.475509, -122.685505 45.475467, -122.685492 45.475422, -122.685475 45.475373, -122.685459 45.475339, -122.685425 45.475284, -122.685403 45.475258, -122.685352 45.47521, -122.685297 45.475164, -122.685195 45.475091, -122.684758 45.47482, -122.684255 45.474508, -122.684189 45.474451, -122.684141 45.474386, -122.68412 45.474341, -122.684109 45.474283, -122.684108 45.47423, -122.684115 45.474187, -122.684138 45.474111, -122.684174 45.474052, -122.684216 45.474008, -122.684227 45.473997)"
0,39,"LINESTRING (-122.684227 45.473997, -122.684305 45.473919, -122.68456 45.47366, -122.684644 45.473576, -122.68479 45.473432, -122.684965 45.473269, -122.685103 45.473101, -122.685266 45.472872, -122.685356 45.4727, -122.685459 45.472502, -122.685484 45.472429, -122.685493 45.472382, -122.685502 45.472338, -122.685506 45.472259, -122.685498 45.472191)"
0,39,"LINESTRING (-122.685498 45.472191, -122.685494 45.47215, -122.685465 45.471953, -122.685469 45.471777, -122.685472 45.471679, -122.685484 45.471583, -122.685498 45.471503, -122.685525 45.471392, -122.685562 45.47125, -122.685587 45.471128, -122.68616 45.471133)"
0,39,"LINESTRING (-122.68616 45.471133, -122.686607 45.471136, -122.686816 45.471135, -122.687231 45.471105, -122.687277 45.4711, -122.687645 45.471052, -122.687901 45.471006, -122.688155 45.470949, -122.688393 45.470876, -122.688611 45.470801, -122.688874 45.470714, -122.689132 45.470606, -122.68936 45.470501, -122.689521 45.47042, -122.689536 45.470411)"
0,39,"LINESTRING (-122.689536 45.470411, -122.689722 45.470306, -122.690099 45.470089, -122.6902 45.470031, -122.690801 45.469685, -122.69122 45.469452, -122.69157 45.469258, -122.691717 45.46918, -122.692033 45.469, -122.692087 45.468907, -122.692408 45.468716, -122.692419 45.468709)"